SiteID,Below_Capacity,Over_Capacity,Min_IQR_Upper_Bound_Value,Max_Value_95Perc,Average_Rate_Of_Change,Unusual_Change_90th_Perc.,Unusual_Above_Upper_Bound,Unsual_Spike,Discharge_Standard_Deviation
6,0,137.0,179.5,137.0,3.0935981597183986,8.0,7.634166780595735,7.634166780595735,42.799052544052664
18,0,8.8,9.71171017913925,8.8,0.22907516283297238,0.6000000000000001,0.5630679411011813,0.5630679411011813,2.805849961640331
19,0,57.0,70.34586627170066,57.0,1.9599172613486533,5.0,3.9811252892824975,3.9811252892824975,17.84480939782243
21,0,30.067591033501998,41.0,30.067591033501998,2.0251687307027213,5.100000000000001,3.5986799763587256,3.5986799763587256,10.576653373736114
26,0,30.3,38.12146875,30.3,1.0306839547792594,2.5178400000000023,2.477328239539812,2.477328239539812,9.434052016127206
