COLLECTION_SYSTEM,collection_sys_description,MasterStationID,MasterStationName,CollectionStationName,COMMENTS,SiteType,ANALOG_CHANNEL,STATION_ID,SYSTEM_NAME,DatasetType,MEASURING_DEVICE,DEVICE_TYPE,STATUS,LAT,LON,DataEntryMethod,Telemetry,StationPage,UNITS_ID,RECORD_TYPE,UNITS_DESC_BASE,UNITS_DESC_ENTRY,UNITS_MULTIPLIER,UNITS_DESC_REALTIME,NoOfYears,StartYr,EndYr
UJORDAN,Beaver Creek,6,07.02 SOUTH JORDAN CANAL (TOTAL),3,South Jordan Canal,Conveyance,1.0,6,UTAH LAKE/JORDAN RIVER,Observational,12-ft Concrete Ramp Flume,DIGITAL,A,40.4622195675896,-111.933414612206,Direct,Yes,https://waterrights.utah.gov/cgi-bin/dvrtview.exe?Modinfo=StationView&STATION_ID=6,1,DAILY_RECORDS,Mean daily discharge in CFS,Mean daily discharge in CFS,1.0,CFS,75,1951.0,2025.0
,East Fork Virgin River,15,LOGAN CITY/DEWITT SPRINGS,,,Conveyance,,15,LOGAN RIVER,Observational,36x22 Venturi Meter with recorder,,A,41.7597204851619,-111.707880738397,Manual,No,https://waterrights.utah.gov/cgi-bin/dvrtview.exe?Modinfo=StationView&STATION_ID=15,1,DAILY_RECORDS,Mean daily discharge in CFS,Mean daily discharge in CFS,1.0,CFS,39,1972.0,2024.0
LOGAN,Fairview,17,LOGAN AND NORTHERN AND LOGAN HOLLOW (BELOW FIRST DAM),Logan_North_Hollow,Total Diversion in pipeline at River below First Dam,Conveyance,1.0,17,LOGAN RIVER,Observational,Pipeline Flow Meter and telemetry,DIGITAL,A,41.7397775350262,-111.791493644345,Manual,Yes,https://waterrights.utah.gov/cgi-bin/dvrtview.exe?Modinfo=StationView&STATION_ID=17,1,DAILY_RECORDS,Mean daily discharge in CFS,Mean daily discharge in CFS,1.0,CFS,47,1973.0,2023.0
LOGAN_DL,Green River,18,PROVIDENCE-LOGAN IRRIGATION COMPANY,PROVIDENCE-LOGAN IRRIGATION COMPANY,Radio 301_1 PakBus 1,Conveyance,1.0,18,LOGAN RIVER,Observational,3 foot parshall flume with recorder,DIGITAL,A,41.7394697645847,-111.800499887852,Direct,Yes,https://waterrights.utah.gov/cgi-bin/dvrtview.exe?Modinfo=StationView&STATION_ID=18,1,DAILY_RECORDS,Mean daily discharge in CFS,Mean daily discharge in CFS,1.0,CFS,50,1973.0,2025.0
LOGAN_DL,Hanksville,19,NORTHWEST FIELD CANAL,NORTHWEST FIELD CANAL,Southwest Field calls for tables from Northwest Field Datalogger,Conveyance,1.0,19,LOGAN RIVER,Observational,12 foot ramp flume with recorder,DIGITAL,A,41.7270743500635,-111.843647620328,Direct,Yes,https://waterrights.utah.gov/cgi-bin/dvrtview.exe?Modinfo=StationView&STATION_ID=19,1,DAILY_RECORDS,Mean daily discharge in CFS,Mean daily discharge in CFS,1.0,CFS,51,1973.0,2024.0
,Idaho,20,THATCHER IRRIGATION COMPANY,,,Conveyance,,20,LOGAN RIVER,Observational,,,A,41.7295765281644,-111.837823529714,Manual,No,https://waterrights.utah.gov/cgi-bin/dvrtview.exe?Modinfo=StationView&STATION_ID=20,1,DAILY_RECORDS,Mean daily discharge in CFS,Mean daily discharge in CFS,1.0,CFS,51,1973.0,2024.0
LBEAR,Jordan River Dataloggers,21,BENSON IRRIGATION COMPANY,A5,Benson Irrigation,Conveyance,1.0,21,LOGAN RIVER,Observational,6 foot parshall flume/shaft encodr,DIGITAL,A,41.773950501898,-111.848876516074,Direct,Yes,https://waterrights.utah.gov/cgi-bin/dvrtview.exe?Modinfo=StationView&STATION_ID=21,1,DAILY_RECORDS,Mean daily discharge in CFS,Mean daily discharge in CFS,1.0,CFS,52,1973.0,2025.0
,Little Bear River (Cache),22,WATER STREET DIVERSION,,,Conveyance,,22,LOGAN RIVER,Observational,Metered Mill Race,,A,41.7300111780883,-111.831279527499,Manual,No,https://waterrights.utah.gov/cgi-bin/dvrtview.exe?Modinfo=StationView&STATION_ID=22,1,DAILY_RECORDS,Mean daily discharge in CFS,Mean daily discharge in CFS,1.0,CFS,51,1973.0,2024.0
,Little Bear River Dataloggers,23,SUNDAY WATER USERS CANAL,,,Conveyance,,23,LOGAN RIVER,Observational,1 foot parshall flume,,A,41.733936056363,-111.819272748661,Manual,No,https://waterrights.utah.gov/cgi-bin/dvrtview.exe?Modinfo=StationView&STATION_ID=23,1,DAILY_RECORDS,Mean daily discharge in CFS,Mean daily discharge in CFS,1.0,CFS,48,1973.0,2024.0
,Little Cottonwood Creek,24,SEVENTH WARD #1,,,Conveyance,,24,LOGAN RIVER,Observational,6 inch Parshall Flume,,A,41.7340746369198,-111.819266549478,Manual,No,https://waterrights.utah.gov/cgi-bin/dvrtview.exe?Modinfo=StationView&STATION_ID=24,1,DAILY_RECORDS,Mean daily discharge in CFS,Mean daily discharge in CFS,1.0,CFS,51,1973.0,2024.0
,Logan River,25,SEVENTH WARD #2,,,Conveyance,,25,LOGAN RIVER,Observational,12-in E-Z Flow Ramp Flume,,A,41.7342344049843,-111.819619856762,Manual,No,https://waterrights.utah.gov/cgi-bin/dvrtview.exe?Modinfo=StationView&STATION_ID=25,1,DAILY_RECORDS,Mean daily discharge in CFS,Mean daily discharge in CFS,1.0,CFS,50,1974.0,2024.0
LOGAN_DL,Logan River Dataloggers,26,HYDE PARK AND LOGAN NORTHFIELD,HYDE PARK AND LOGAN NORTHFIELD,HYDE PARK AND LOGAN NORTHFIELD,Conveyance,1.0,26,LOGAN RIVER,Observational,7 foot Parshall Flume with recorder,,A,41.7315415274294,-111.83039386276,Direct,Yes,https://waterrights.utah.gov/cgi-bin/dvrtview.exe?Modinfo=StationView&STATION_ID=26,1,DAILY_RECORDS,Mean daily discharge in CFS,Mean daily discharge in CFS,1.0,CFS,52,1973.0,2025.0
,Jordan River (Lower),27,LOGAN ISLAND #1,,,Conveyance,,27,LOGAN RIVER,Observational,12 inch EZ Flow Ramp Flume,,A,41.7328567847248,-111.812473868693,Manual,No,https://waterrights.utah.gov/cgi-bin/dvrtview.exe?Modinfo=StationView&STATION_ID=27,1,DAILY_RECORDS,Mean daily discharge in CFS,Mean daily discharge in CFS,1.0,CFS,51,1973.0,2024.0
,Mill Creek 1,28,LOGAN ISLAND #2,,,Conveyance,,28,LOGAN RIVER,Observational,9 inch Parshall Flume,,A,41.7327747670119,-111.8165765847,Manual,No,https://waterrights.utah.gov/cgi-bin/dvrtview.exe?Modinfo=StationView&STATION_ID=28,1,DAILY_RECORDS,Mean daily discharge in CFS,Mean daily discharge in CFS,1.0,CFS,51,1973.0,2024.0
PRICE_DL,Mill Creek 2,29,CARBON CANAL,Carbon Canal,Canal Flume,Conveyance,1.0,29,PRICE RIVER,Observational,10 foot parshall flume,DIGITAL,A,39.63848204702,-110.861618413856,Direct,Yes,https://waterrights.utah.gov/cgi-bin/dvrtview.exe?Modinfo=StationView&STATION_ID=29,1,DAILY_RECORDS,Mean daily discharge in CFS,Mean daily discharge in CFS,1.0,CFS,76,1950.0,2025.0
PRICE_DL,Mill Creek Dataloggers,30,PRICE-WELLINGTON CANAL,Price-Wellington Canal,Price-Wellington Canal,Conveyance,1.0,30,PRICE RIVER,Observational,"10` parshall flume (512299, 4387532)",DIGITAL,A,39.6392393814586,-110.857361367002,Direct,Yes,https://waterrights.utah.gov/cgi-bin/dvrtview.exe?Modinfo=StationView&STATION_ID=30,1,DAILY_RECORDS,Mean daily discharge in CFS,Mean daily discharge in CFS,1.0,CFS,76,1950.0,2025.0
PRICE_DL,Jordan River (North),33,BRYNER-PLOUTZ DITCH,Bryner-Ploutz Ditch,Bryner-Ploutz Ditch,Conveyance,7.0,33,PRICE RIVER,Observational,Ultrasonic,FLOWMETER,A,39.702248503317,-110.86628213333,Direct,Yes,https://waterrights.utah.gov/cgi-bin/dvrtview.exe?Modinfo=StationView&STATION_ID=33,1,DAILY_RECORDS,Mean daily discharge in CFS,Mean daily discharge in CFS,1.0,CFS,76,1950.0,2025.0
PRICE_DL,Jordan River (Cudahey),35,GAY DITCH,Gay Ditch,Gay Ditch,Conveyance,1.0,35,PRICE RIVER,Observational,9 inch parshall flume,DIGITAL,A,39.675409139846,-110.860520871812,Direct,Yes,https://waterrights.utah.gov/cgi-bin/dvrtview.exe?Modinfo=StationView&STATION_ID=35,1,DAILY_RECORDS,Mean daily discharge in CFS,Mean daily discharge in CFS,1.0,CFS,76,1950.0,2025.0
PRICE_DL,Ogden River Dataloggers,36,OBERTO DITCH,Oberto Ditch,Radio - ADD: 202 CH: 3,Conveyance,1.0,36,PRICE RIVER,Observational,Greyline Ultrasonic Pipe Meter,,A,39.6774023827247,-110.860282569507,Direct,Yes,https://waterrights.utah.gov/cgi-bin/dvrtview.exe?Modinfo=StationView&STATION_ID=36,1,DAILY_RECORDS,Mean daily discharge in CFS,Mean daily discharge in CFS,1.0,CFS,53,1950.0,2025.0
,Rocky Ford Irrigation Company,45,HELPER CITY  (UP&L #1 WELL),,,Well,,45,PRICE RIVER,Observational,,,I,,,Manual,No,https://waterrights.utah.gov/cgi-bin/dvrtview.exe?Modinfo=StationView&STATION_ID=45,5,MONTHLY_RECORDS,Monthly Discharge in ACFT,Monthly Discharge in ACFT,1.0,ACFT,0,,
,Sevier River,46,LOWER GORDON CREEK,,,Stream,,46,PRICE RIVER,Observational,,,A,39.6187279344442,-110.901074924852,Manual,No,https://waterrights.utah.gov/cgi-bin/dvrtview.exe?Modinfo=StationView&STATION_ID=46,1,DAILY_RECORDS,Mean daily discharge in CFS,Mean daily discharge in CFS,1.0,CFS,18,1988.0,2024.0
,Sevier River (Metridyne),48,LOGAN ISLAND #3,,,Conveyance,,48,LOGAN RIVER,Observational,9 inch Parshall Flume,,A,41.7317338982807,-111.820589948988,Manual,No,https://waterrights.utah.gov/cgi-bin/dvrtview.exe?Modinfo=StationView&STATION_ID=48,1,DAILY_RECORDS,Mean daily discharge in CFS,Mean daily discharge in CFS,1.0,CFS,51,1973.0,2024.0
,Salt Lake County,49,LOGAN ISLAND #4,,,Conveyance,,49,LOGAN RIVER,Observational,9 inch Parshall Flume,,A,41.730826868262,-111.825028670476,Manual,No,https://waterrights.utah.gov/cgi-bin/dvrtview.exe?Modinfo=StationView&STATION_ID=49,1,DAILY_RECORDS,Mean daily discharge in CFS,Mean daily discharge in CFS,1.0,CFS,51,1973.0,2024.0
,Snake Valley,50,LOGAN ISLAND #5,,,Conveyance,,50,LOGAN RIVER,Observational,9 inch Parshall Flume,,A,41.7304828311199,-111.830116818166,Manual,No,https://waterrights.utah.gov/cgi-bin/dvrtview.exe?Modinfo=StationView&STATION_ID=50,1,DAILY_RECORDS,Mean daily discharge in CFS,Mean daily discharge in CFS,1.0,CFS,44,1973.0,2024.0
,Snake Valley Dataloggers,51,LOGAN ISLAND #6 & #7,,,Conveyance,,51,LOGAN RIVER,Observational,2-foot Concrete Ramp Flume,,A,41.7298907578674,-111.831325156586,Manual,No,https://waterrights.utah.gov/cgi-bin/dvrtview.exe?Modinfo=StationView&STATION_ID=51,1,DAILY_RECORDS,Mean daily discharge in CFS,Mean daily discharge in CFS,1.0,CFS,51,1973.0,2024.0
,Springville Irrigation,52,LOGAN ISLAND #8,,,Conveyance,,52,LOGAN RIVER,Observational,9 inch Parshall Flume,,A,41.7287039190651,-111.837849969445,Manual,No,https://waterrights.utah.gov/cgi-bin/dvrtview.exe?Modinfo=StationView&STATION_ID=52,1,DAILY_RECORDS,Mean daily discharge in CFS,Mean daily discharge in CFS,1.0,CFS,51,1973.0,2024.0
LOGAN_DL,Strawberry Water Users Association,53,SOUTHWEST FIELD CANAL,SOUTHWEST FIELD CANAL,Radio - USU ADD:301 CH:1 PakBus 3,Conveyance,1.0,53,LOGAN RIVER,Observational,48.75-inch Ramp Flume with datalog,,A,41.7238080397897,-111.845283574538,Manual,No,https://waterrights.utah.gov/cgi-bin/dvrtview.exe?Modinfo=StationView&STATION_ID=53,1,DAILY_RECORDS,Mean daily discharge in CFS,Mean daily discharge in CFS,1.0,CFS,52,1973.0,2025.0
LOGAN_DL,Uintah Water Conservancy District,54,PROVIDENCE PIONEER CANAL,PROVIDENCE PIONEER CANAL,Radio - USU ADD:301 CH:1 PakBus 4,Conveyance,1.0,54,LOGAN RIVER,Observational,18 inch Parshall Flume with recorder,,A,41.7246985729303,-111.825988296478,Manual,No,https://waterrights.utah.gov/cgi-bin/dvrtview.exe?Modinfo=StationView&STATION_ID=54,1,DAILY_RECORDS,Mean daily discharge in CFS,Mean daily discharge in CFS,1.0,CFS,42,1979.0,2025.0
LOGAN_DL,USGS Gage,56,8TH WARD CANAL (CROCKETT CANAL),8TH WARD CANAL (CROCKETT CANAL),Radio - USU ADD:301 CH:1 PakBus 2,Conveyance,1.0,56,LOGAN RIVER,Observational,10 ft. Parshall Flume with recorder,DIGITAL,A,41.7341480783901,-111.811970761296,Direct,Yes,https://waterrights.utah.gov/cgi-bin/dvrtview.exe?Modinfo=StationView&STATION_ID=56,1,DAILY_RECORDS,Mean daily discharge in CFS,Mean daily discharge in CFS,1.0,CFS,51,1973.0,2025.0
,Water Right Stream Gages,60,PRICE RIVER WATER IMPROVEMENT DISTRICT MONTHLY DATA,,,Conveyance,,60,PRICE RIVER,Observational,(2) Ultrasonic Flow Meters,,I,39.8461104029944,-111.015506573345,Manual,No,https://waterrights.utah.gov/cgi-bin/dvrtview.exe?Modinfo=StationView&STATION_ID=60,5,MONTHLY_RECORDS,Monthly Discharge in ACFT,Monthly Discharge in ACFT,1.0,ACFT,0,,
,Lower Bear River Datalogger Collection,62,UPPER GORDON CREEK,,,Stream,,62,PRICE RIVER,Observational,14.75 inch wier,,A,39.6761919782992,-111.032093773628,Manual,No,https://waterrights.utah.gov/cgi-bin/dvrtview.exe?Modinfo=StationView&STATION_ID=62,1,DAILY_RECORDS,Mean daily discharge in CFS,Mean daily discharge in CFS,1.0,CFS,16,1988.0,2024.0
,Mountain Regional Water Scada,65,FLANIGAN DITCH,,,Conveyance,,65,VIRGIN RIVER,Observational,SeaMetrics insertion meter into pipe,,A,37.2045440579248,-112.978508704939,Manual,No,https://waterrights.utah.gov/cgi-bin/dvrtview.exe?Modinfo=StationView&STATION_ID=65,1,DAILY_RECORDS,Mean daily discharge in CFS,Mean daily discharge in CFS,1.0,CFS,25,1992.0,2024.0
,,67,ROCKVILLE TOWN DITCH,,,Conveyance,,67,VIRGIN RIVER,Observational,PUCK: MACE AGRI-FLOW SERIES 3,,A,37.1710866447067,-113.01237886862,Manual,No,https://waterrights.utah.gov/cgi-bin/dvrtview.exe?Modinfo=StationView&STATION_ID=67,1,DAILY_RECORDS,Mean daily discharge in CFS,Mean daily discharge in CFS,1.0,CFS,26,1992.0,2024.0
,JVWCD (scrape),69,"VIRGIN IRR., VIRGIN TOWN, VIRGIN CANAL",,,Conveyance,,69,VIRGIN RIVER,Observational,"Weir, Insertion Meter",,A,37.1915727917259,-113.144321168718,Manual,No,https://waterrights.utah.gov/cgi-bin/dvrtview.exe?Modinfo=StationView&STATION_ID=69,1,DAILY_RECORDS,Mean daily discharge in CFS,Mean daily discharge in CFS,1.0,CFS,27,1940.0,2024.0
CU_SCADA,,87,TIMPANOGOS CANAL (UTAH COUNTY),TCTOTFLOW_HIST,Timpanogas and East Union Diversion (Utah County) (GPM),Conveyance,1.0,87,PROVO RIVER,Observational,4 foot Parshall Flume,STAGE,A,40.595033720976,-111.424908393163,Scrape,Yes,https://waterrights.utah.gov/cgi-bin/dvrtview.exe?Modinfo=StationView&STATION_ID=87,1,DAILY_RECORDS,Mean daily discharge in CFS,Mean daily discharge in CFS,1.0,CFS,59,1954.0,2024.0
,,90,WEST UNION CANAL,,,Conveyance,,90,PROVO RIVER,Observational,12 foot rectangular suppressed weir,,A,40.307430531151,-111.658275082117,Manual,No,https://waterrights.utah.gov/cgi-bin/dvrtview.exe?Modinfo=StationView&STATION_ID=90,1,DAILY_RECORDS,Mean daily discharge in CFS,Mean daily discharge in CFS,1.0,CFS,54,1953.0,2024.0
CU_SCADA,,91,PROVO BENCH CANAL,OREM\BR\ANALOG\PR_BENCH_CANAL_FLOW,Provo Bench Canal Diversion Rate,Conveyance,1.0,91,PROVO RIVER,Observational,14.25 foot rect. suppressed weir,DIGITAL,A,40.293088169835,-111.670056604125,Scrape,Yes,https://waterrights.utah.gov/cgi-bin/dvrtview.exe?Modinfo=StationView&STATION_ID=91,1,DAILY_RECORDS,Mean daily discharge in CFS,Mean daily discharge in CFS,1.0,CFS,55,1952.0,2025.0
,,95,PROVO CITY CANAL (TANNER RACE),,,Conveyance,,95,PROVO RIVER,Observational,7 foot rectangular suppressed weir,,A,40.2500294849199,-111.669458995837,Manual,No,https://waterrights.utah.gov/cgi-bin/dvrtview.exe?Modinfo=StationView&STATION_ID=95,1,DAILY_RECORDS,Mean daily discharge in CFS,Mean daily discharge in CFS,1.0,CFS,51,1954.0,2024.0
,,98,LAKE BOTTOM CANAL,,,Conveyance,,98,PROVO RIVER,Observational,4 foot Parshall flume,,A,40.2439183055514,-111.6886819809,Manual,No,https://waterrights.utah.gov/cgi-bin/dvrtview.exe?Modinfo=StationView&STATION_ID=98,1,DAILY_RECORDS,Mean daily discharge in CFS,Mean daily discharge in CFS,1.0,CFS,53,1953.0,2024.0
PROVO,,99,FORT FIELD CANAL,Fort Field Canal,2 ft Parshall Flume Submerged.  Pulsar flow sensor installed downstream of flume.,Conveyance,1.0,99,PROVO RIVER,Observational,Flow Meter (2 ft Flume Submerged),,A,40.2341761679419,-111.693215043407,Scrape,Yes,https://waterrights.utah.gov/cgi-bin/dvrtview.exe?Modinfo=StationView&STATION_ID=99,1,DAILY_RECORDS,Mean daily discharge in CFS,Mean daily discharge in CFS,1.0,CFS,53,1953.0,2025.0
CU_SCADA,,100,WASATCH & EXTENSION CANAL (TOTAL),SCADA.WRWCFLOW.F_CV,Wasatch Canal - Diversion,Conveyance,1.0,100,PROVO RIVER,Observational,18 foot rectangular suppressed weir,DIGITAL,I,40.5649600622851,-111.426894955923,Scrape,Yes,https://waterrights.utah.gov/cgi-bin/dvrtview.exe?Modinfo=StationView&STATION_ID=100,1,DAILY_RECORDS,Mean daily discharge in CFS,Mean daily discharge in CFS,1.0,CFS,62,1950.0,2022.0
CU_SCADA,,101,MIDWAY RIVER DITCH (TOTAL),OREM\OD\PL\FLOW,Midway Ditch - Diversion,Conveyance,1.0,101,PROVO RIVER,Observational,8 foot rectangular suppressed weir,DIGITAL,A,40.5541111515648,-111.433567267063,Scrape,Yes,https://waterrights.utah.gov/cgi-bin/dvrtview.exe?Modinfo=StationView&STATION_ID=101,1,DAILY_RECORDS,Mean daily discharge in CFS,Mean daily discharge in CFS,1.0,CFS,69,1950.0,2025.0
CU_SCADA,,103,WASHINGTON/SOUTH KAMAS CANAL (TOTAL),HPWSKFLOW_HIST,Washington/South Kamas Canal total,Conveyance,1.0,103,PROVO RIVER,Observational,14 foot rectangular suppressed weir,DIGITAL,A,40.5819024144017,-111.225813381051,Scrape,Yes,https://waterrights.utah.gov/cgi-bin/dvrtview.exe?Modinfo=StationView&STATION_ID=103,1,DAILY_RECORDS,Mean daily discharge in CFS,Mean daily discharge in CFS,1.0,CFS,65,1950.0,2025.0
,,104,JOHN YARDLEY DITCH,,,Conveyance,,104,SEVIER RIVER,Observational,,,A,37.5480142031924,-112.543035384777,Manual,No,https://waterrights.utah.gov/cgi-bin/dvrtview.exe?Modinfo=StationView&STATION_ID=104,1,DAILY_RECORDS,Mean daily discharge in CFS,Mean daily discharge in CFS,1.0,CFS,62,1951.0,2024.0
,,105,ISLAND DITCH,,,Conveyance,,105,PROVO RIVER,Observational,6 foot rectangular suppressed weir,,A,40.5076694288088,-111.450886391266,Direct,Yes,https://waterrights.utah.gov/cgi-bin/dvrtview.exe?Modinfo=StationView&STATION_ID=105,1,DAILY_RECORDS,Mean daily discharge in CFS,Mean daily discharge in CFS,1.0,CFS,65,1950.0,2024.0
,,111,LARSEN AND CUTLER DITCHES,,,Conveyance,1.0,111,PROVO RIVER,Observational,3-ft Parshall Flume,,A,40.57927222676,-111.229610554143,Manual,No,https://waterrights.utah.gov/cgi-bin/dvrtview.exe?Modinfo=StationView&STATION_ID=111,1,DAILY_RECORDS,Mean daily discharge in CFS,Mean daily discharge in CFS,1.0,CFS,26,1989.0,2024.0
PROVO,,113,SUNRISE CANAL FROM PROVO RIVER,Sunrise Irrigation,,Conveyance,1.0,113,PROVO RIVER,Observational,2 foot Parshall Flume,,A,40.559109675163,-111.191039218451,Direct,Yes,https://waterrights.utah.gov/cgi-bin/dvrtview.exe?Modinfo=StationView&STATION_ID=113,1,DAILY_RECORDS,Mean daily discharge in CFS,Mean daily discharge in CFS,1.0,CFS,62,1950.0,2025.0
PROVO,,115,PHILLIPS DITCH,Phillips Ditch,Float Sensor for 3.0 FT Ramp Flume,Conveyance,1.0,115,PROVO RIVER,Observational,3.0 FT Ramp Flume w/ Float Sensor,,A,40.5737235047186,-111.208832019847,Direct,Yes,https://waterrights.utah.gov/cgi-bin/dvrtview.exe?Modinfo=StationView&STATION_ID=115,1,DAILY_RECORDS,Mean daily discharge in CFS,Mean daily discharge in CFS,1.0,CFS,15,1989.0,2025.0
,,133,PROVO CITY USE S. FORK PIPE,,,Conveyance,,133,PROVO RIVER,Observational,,,A,40.3556074880026,-111.575443631128,Manual,Yes,https://waterrights.utah.gov/cgi-bin/dvrtview.exe?Modinfo=StationView&STATION_ID=133,2,DAILY_RECORDS,MEAN daily discharge in CFS,Mean daily discharge in ACFT,1.98347107,CFS,24,1986.0,2024.0
LBEAR,,181,23  PAUL CARDON,Af,"23 - Radio - 202, UP&L",Conveyance,1.0,181,LOWER BEAR RIVER,Observational,Ultrasonic Flow Sensor,FLOWMETER,A,41.819903167078,-111.947655793085,Direct,Yes,https://waterrights.utah.gov/cgi-bin/dvrtview.exe?Modinfo=StationView&STATION_ID=181,1,DAILY_RECORDS,Mean daily discharge in CFS,Mean daily discharge in CFS,1.0,CFS,36,1989.0,2024.0
,,247,UPPER MARION DITCH,,,Conveyance,,247,WEBER RIVER,Observational,4 FOOT METAL PARSHALL FLUME,,A,40.7275240706109,-111.256388810798,Manual,No,https://waterrights.utah.gov/cgi-bin/dvrtview.exe?Modinfo=StationView&STATION_ID=247,2,DAILY_RECORDS,MEAN daily discharge in CFS,Mean daily discharge in ACFT,1.98347107,CFS,76,1948.0,2024.0
WEBER,,248,LOWER MARION DITCH,Lower Marion Ditch,Ultrasonic Meter on Pipeline,Conveyance,1.0,248,WEBER RIVER,Observational,Ultrasonic Flow Meter,,A,40.7209827416394,-111.261750878339,Direct,Yes,https://waterrights.utah.gov/cgi-bin/dvrtview.exe?Modinfo=StationView&STATION_ID=248,2,DAILY_RECORDS,MEAN daily discharge in CFS,Mean daily discharge in ACFT,1.98347107,CFS,77,1948.0,2025.0
,,249,GIBBONS DITCH NEAR OAKLEY,,,Conveyance,,249,WEBER RIVER,Observational,3 -FT STEEL PARSHALL FLUME,,A,40.7228934714885,-111.262297705484,Manual,No,https://waterrights.utah.gov/cgi-bin/dvrtview.exe?Modinfo=StationView&STATION_ID=249,2,DAILY_RECORDS,MEAN daily discharge in CFS,Mean daily discharge in ACFT,1.98347107,CFS,75,1948.0,2024.0
WEBER,,250,BOULDERVILLE DITCHES,Boulderville,,Conveyance,1.0,250,WEBER RIVER,Observational,5-FT CONCRETE PARSHALL FLUME,,A,40.7231015481912,-111.262870310238,Direct,Yes,https://waterrights.utah.gov/cgi-bin/dvrtview.exe?Modinfo=StationView&STATION_ID=250,2,DAILY_RECORDS,MEAN daily discharge in CFS,Mean daily discharge in ACFT,1.98347107,CFS,77,1948.0,2025.0
WEBER,,251,PEOA SOUTH BENCH CANAL,Peoa-South,,Conveyance,1.0,251,WEBER RIVER,Observational,5 FOOT CONCRETE PARSHALL FLUME,,A,40.7206739898307,-111.26817476409,Direct,Yes,https://waterrights.utah.gov/cgi-bin/dvrtview.exe?Modinfo=StationView&STATION_ID=251,2,DAILY_RECORDS,MEAN daily discharge in CFS,Mean daily discharge in ACFT,1.98347107,CFS,67,1957.0,2024.0
,,253,RICHARDS DITCH NEAR OAKLEY,,,Conveyance,,253,WEBER RIVER,Observational,THREE FOOT CONCRETE PARSHALL FLUME,,A,40.7118354227856,-111.283394104723,Manual,No,https://waterrights.utah.gov/cgi-bin/dvrtview.exe?Modinfo=StationView&STATION_ID=253,2,DAILY_RECORDS,MEAN daily discharge in CFS,Mean daily discharge in ACFT,1.98347107,CFS,77,1948.0,2024.0
,,255,YOUNG`S DITCHES,,,Conveyance,,255,WEBER RIVER,Observational,"TWO, 2-FT PARSHALL FLUMES",,A,40.7059537195611,-111.300167620582,Manual,No,https://waterrights.utah.gov/cgi-bin/dvrtview.exe?Modinfo=StationView&STATION_ID=255,2,DAILY_RECORDS,MEAN daily discharge in CFS,Mean daily discharge in ACFT,1.98347107,CFS,76,1948.0,2024.0
,,264,SAGE BOTTOM DITCH,,,Conveyance,,264,WEBER RIVER,Observational,3 FOOT STEEL PARSHALL FLUME,,A,40.7061635970476,-111.322304033178,Manual,No,https://waterrights.utah.gov/cgi-bin/dvrtview.exe?Modinfo=StationView&STATION_ID=264,2,DAILY_RECORDS,MEAN daily discharge in CFS,Mean daily discharge in ACFT,1.98347107,CFS,76,1948.0,2024.0
,,266,MARCHANT AND MILES,,,Conveyance,,266,WEBER RIVER,Observational,2 FOOT PARSHALL FLUME,,A,40.7006127592274,-111.31860862307,Manual,No,https://waterrights.utah.gov/cgi-bin/dvrtview.exe?Modinfo=StationView&STATION_ID=266,2,DAILY_RECORDS,MEAN daily discharge in CFS,Mean daily discharge in ACFT,1.98347107,CFS,76,1948.0,2024.0
WEBER_BASIN,,268,EAST WANSHIP DITCH,East Wanship 16 Flow,,Conveyance,1.0,268,WEBER RIVER,Observational,SPARLING METER,,A,40.7904713381865,-111.403972344373,Scrape,Yes,https://waterrights.utah.gov/cgi-bin/dvrtview.exe?Modinfo=StationView&STATION_ID=268,1,DAILY_RECORDS,Mean daily discharge in CFS,Mean daily discharge in CFS,1.0,CFS,44,1948.0,2025.0
WEBER_BASIN,,270,WEST WANSHIP DITCH,Wanship West Wanship 14  Flow Meter,,Conveyance,1.0,270,WEBER RIVER,Observational,SPARLING METER,,A,40.7904257943455,-111.404133480897,Scrape,Yes,https://waterrights.utah.gov/cgi-bin/dvrtview.exe?Modinfo=StationView&STATION_ID=270,1,DAILY_RECORDS,Mean daily discharge in CFS,Mean daily discharge in CFS,1.0,CFS,48,1948.0,2025.0
,,272,ALBERT GIBBONS DITCH,,,Conveyance,,272,WEBER RIVER,Observational,1-ft Parshall Flume,,A,40.8184852408898,-111.396326470153,Manual,No,https://waterrights.utah.gov/cgi-bin/dvrtview.exe?Modinfo=StationView&STATION_ID=272,2,DAILY_RECORDS,MEAN daily discharge in CFS,Mean daily discharge in ACFT,1.98347107,CFS,75,1948.0,2024.0
,,278,DANIELS-WINTERS AND MCMICHAEL DITCH,,,Conveyance,,278,WEBER RIVER,Observational,3 FOOT PARSHALL FLUME,,A,40.8512516955077,-111.390739903188,Manual,No,https://waterrights.utah.gov/cgi-bin/dvrtview.exe?Modinfo=StationView&STATION_ID=278,2,DAILY_RECORDS,MEAN daily discharge in CFS,Mean daily discharge in ACFT,1.98347107,CFS,74,1948.0,2024.0
,,284,PINE VIEW DITCH,,,Conveyance,,284,WEBER RIVER,Observational,totalizing meter,,A,40.9469959262109,-111.129278115271,Manual,No,https://waterrights.utah.gov/cgi-bin/dvrtview.exe?Modinfo=StationView&STATION_ID=284,2,DAILY_RECORDS,MEAN daily discharge in CFS,Mean daily discharge in ACFT,1.98347107,CFS,76,1948.0,2024.0
,,286,BANNER-DEMING DITCH,,,Conveyance,,286,WEBER RIVER,Observational,2-FT PARSHALL FLUME,,A,40.9386672456421,-111.170374636511,Manual,No,https://waterrights.utah.gov/cgi-bin/dvrtview.exe?Modinfo=StationView&STATION_ID=286,2,DAILY_RECORDS,MEAN daily discharge in CFS,Mean daily discharge in ACFT,1.98347107,CFS,59,1965.0,2024.0
,,288,BOYER DITCH,,,Conveyance,,288,WEBER RIVER,Observational,TWO FOOT PARSHALL FLUME,,A,40.9553686282479,-111.209074229314,Manual,No,https://waterrights.utah.gov/cgi-bin/dvrtview.exe?Modinfo=StationView&STATION_ID=288,2,DAILY_RECORDS,MEAN daily discharge in CFS,Mean daily discharge in ACFT,1.98347107,CFS,75,1948.0,2024.0
,,294,NORTH NARROWS DITCH,,,Conveyance,,294,WEBER RIVER,Observational,Combined 24-ft rated section,,A,40.9218888252706,-111.326352543661,Manual,No,https://waterrights.utah.gov/cgi-bin/dvrtview.exe?Modinfo=StationView&STATION_ID=294,2,DAILY_RECORDS,MEAN daily discharge in CFS,Mean daily discharge in ACFT,1.98347107,CFS,76,1948.0,2024.0
,,318,HENEFER IRRIGATION COMPANY,,,Conveyance,,318,WEBER RIVER,Observational,Submerged orifices & stilling wells,,A,40.9976194776381,-111.470619720643,Manual,No,https://waterrights.utah.gov/cgi-bin/dvrtview.exe?Modinfo=StationView&STATION_ID=318,2,DAILY_RECORDS,MEAN daily discharge in CFS,Mean daily discharge in ACFT,1.98347107,CFS,76,1948.0,2024.0
,,322,TAYLOR DITCH,,,Conveyance,,322,WEBER RIVER,Observational,1 FOOT PARSHALL FLUME,,A,41.0083078617176,-111.481032612193,Manual,No,https://waterrights.utah.gov/cgi-bin/dvrtview.exe?Modinfo=StationView&STATION_ID=322,2,DAILY_RECORDS,MEAN daily discharge in CFS,Mean daily discharge in ACFT,1.98347107,CFS,64,1960.0,2024.0
,,324,SHILL AND DAVIS DITCH,,,Conveyance,,324,WEBER RIVER,Observational,1 FOOT PARSHALL FLUME,,A,41.0143521957447,-111.489365590256,Manual,No,https://waterrights.utah.gov/cgi-bin/dvrtview.exe?Modinfo=StationView&STATION_ID=324,2,DAILY_RECORDS,MEAN daily discharge in CFS,Mean daily discharge in ACFT,1.98347107,CFS,74,1950.0,2024.0
,,326,ANDERTON BROTHERS DITCH,,,Conveyance,,326,WEBER RIVER,Observational,PARSHALL FLUME,,A,41.0260066048723,-111.498644379104,Manual,No,https://waterrights.utah.gov/cgi-bin/dvrtview.exe?Modinfo=StationView&STATION_ID=326,2,DAILY_RECORDS,MEAN daily discharge in CFS,Mean daily discharge in ACFT,1.98347107,CFS,73,1948.0,2024.0
,,328,STEPHENS RANCH,,,Conveyance,,328,WEBER RIVER,Observational,20 INCH CALCO METERGATE,,A,41.0367967330828,-111.509251036132,Manual,No,https://waterrights.utah.gov/cgi-bin/dvrtview.exe?Modinfo=StationView&STATION_ID=328,2,DAILY_RECORDS,MEAN daily discharge in CFS,Mean daily discharge in ACFT,1.98347107,CFS,76,1948.0,2024.0
,,330,EDDINGTON DITCH,,,Conveyance,,330,WEBER RIVER,Observational,2 FOOT PARSHALL FLUME,,A,41.173879501616,-111.40835921867,Manual,No,https://waterrights.utah.gov/cgi-bin/dvrtview.exe?Modinfo=StationView&STATION_ID=330,2,DAILY_RECORDS,MEAN daily discharge in CFS,Mean daily discharge in ACFT,1.98347107,CFS,64,1960.0,2024.0
,,332,DESERET LAND AND LIVESTOCK,,,Conveyance,,332,WEBER RIVER,Observational,two 2-FOOT PARSHALL FLUMES,,A,41.1578887522085,-111.416558432673,Manual,No,https://waterrights.utah.gov/cgi-bin/dvrtview.exe?Modinfo=StationView&STATION_ID=332,2,DAILY_RECORDS,MEAN daily discharge in CFS,Mean daily discharge in ACFT,1.98347107,CFS,67,1958.0,2024.0
,,334,LITTLE DESERET RANCH,,,Conveyance,,334,WEBER RIVER,Observational,2 FT MONTANA FLUME,,A,41.1491561534092,-111.447625329407,Manual,No,https://waterrights.utah.gov/cgi-bin/dvrtview.exe?Modinfo=StationView&STATION_ID=334,2,DAILY_RECORDS,MEAN daily discharge in CFS,Mean daily discharge in ACFT,1.98347107,CFS,67,1958.0,2024.0
,,336,LLOYD TOONE DITCH,,,Conveyance,,336,WEBER RIVER,Observational,Two Diversions.  2-ft Montana Flumes,,A,41.1260645612583,-111.465490918917,Manual,No,https://waterrights.utah.gov/cgi-bin/dvrtview.exe?Modinfo=StationView&STATION_ID=336,2,DAILY_RECORDS,MEAN daily discharge in CFS,Mean daily discharge in ACFT,1.98347107,CFS,67,1958.0,2024.0
,,338,THACKERY-CROUCH DITCH,,,Conveyance,,338,WEBER RIVER,Observational,30 INCH PARSHALL FLUME,,A,41.1149144265538,-111.488809996898,Manual,No,https://waterrights.utah.gov/cgi-bin/dvrtview.exe?Modinfo=StationView&STATION_ID=338,2,DAILY_RECORDS,MEAN daily discharge in CFS,Mean daily discharge in ACFT,1.98347107,CFS,67,1958.0,2024.0
,,342,JOE TOONE DITCH,,,Conveyance,,342,WEBER RIVER,Observational,2 FOOT PARSHALL FLUME,,A,41.0738374497393,-111.521906312483,Manual,No,https://waterrights.utah.gov/cgi-bin/dvrtview.exe?Modinfo=StationView&STATION_ID=342,2,DAILY_RECORDS,MEAN daily discharge in CFS,Mean daily discharge in ACFT,1.98347107,CFS,58,1967.0,2024.0
,,343,IDEAL CEMENT COMPANY,,,Conveyance,,343,WEBER RIVER,Observational,TOTALIZING METER,,A,41.0609922886756,-111.533120603528,Manual,No,https://waterrights.utah.gov/cgi-bin/dvrtview.exe?Modinfo=StationView&STATION_ID=343,1,DAILY_RECORDS,Mean daily discharge in CFS,Mean daily discharge in CFS,1.0,CFS,55,1966.0,2024.0
,,345,NORTH ROUND VALLEY DITCH AND SPRING,,,Conveyance,,345,WEBER RIVER,Observational,2 FOOT PARSHALL FLUME,,A,41.0515218030847,-111.605517472473,Manual,No,https://waterrights.utah.gov/cgi-bin/dvrtview.exe?Modinfo=StationView&STATION_ID=345,2,DAILY_RECORDS,MEAN daily discharge in CFS,Mean daily discharge in ACFT,1.98347107,CFS,76,1948.0,2024.0
,,347,SOUTH ROUND VALLEY DITCH,,,Conveyance,,347,WEBER RIVER,Observational,BURNHAM ORIFICE,,A,41.0468458117713,-111.604479133279,Manual,No,https://waterrights.utah.gov/cgi-bin/dvrtview.exe?Modinfo=StationView&STATION_ID=347,2,DAILY_RECORDS,MEAN daily discharge in CFS,Mean daily discharge in ACFT,1.98347107,CFS,75,1948.0,2024.0
,,349,NORTH MORGAN CANAL,,,Conveyance,,349,WEBER RIVER,Observational,4 FOOT PARSHALL FLUME,,A,41.042762160696,-111.656398683556,Manual,No,https://waterrights.utah.gov/cgi-bin/dvrtview.exe?Modinfo=StationView&STATION_ID=349,2,DAILY_RECORDS,MEAN daily discharge in CFS,Mean daily discharge in ACFT,1.98347107,CFS,75,1948.0,2024.0
,,351,WEBER CANAL IN MORGAN COUNTY,,,Conveyance,,351,WEBER RIVER,Observational,4 FOOT PARSHALL FLUME,,A,41.0370130388262,-111.659241612655,Manual,No,https://waterrights.utah.gov/cgi-bin/dvrtview.exe?Modinfo=StationView&STATION_ID=351,2,DAILY_RECORDS,MEAN daily discharge in CFS,Mean daily discharge in ACFT,1.98347107,CFS,75,1948.0,2024.0
,,355,SOUTH MORGAN CANAL,,,Conveyance,,355,WEBER RIVER,Observational,4-ft Parshall Flume,,A,41.0366483872223,-111.663122219652,Manual,No,https://waterrights.utah.gov/cgi-bin/dvrtview.exe?Modinfo=StationView&STATION_ID=355,2,DAILY_RECORDS,MEAN daily discharge in CFS,Mean daily discharge in ACFT,1.98347107,CFS,76,1948.0,2024.0
,,357,NORTH MORGAN MILL RACE DITCH,,,Conveyance,,357,WEBER RIVER,Observational,30-inch Steel PARSHALL FLUME,,A,41.0412329851034,-111.670639583008,Manual,No,https://waterrights.utah.gov/cgi-bin/dvrtview.exe?Modinfo=StationView&STATION_ID=357,2,DAILY_RECORDS,MEAN daily discharge in CFS,Mean daily discharge in ACFT,1.98347107,CFS,76,1948.0,2024.0
,,359,HEINER & LOW & JOHNSON DITCH,,,Conveyance,,359,WEBER RIVER,Observational,2 FOOT PARSHALL FLUME,,A,41.047988333302,-111.697606539062,Manual,No,https://waterrights.utah.gov/cgi-bin/dvrtview.exe?Modinfo=StationView&STATION_ID=359,2,DAILY_RECORDS,MEAN daily discharge in CFS,Mean daily discharge in ACFT,1.98347107,CFS,76,1948.0,2024.0
,,361,SMITH AND PENTZ DITCH,,,Conveyance,,361,WEBER RIVER,Observational,1 FOOT PARSHALL FLUME,,A,41.0524593155995,-111.700780950164,Manual,No,https://waterrights.utah.gov/cgi-bin/dvrtview.exe?Modinfo=StationView&STATION_ID=361,2,DAILY_RECORDS,MEAN daily discharge in CFS,Mean daily discharge in ACFT,1.98347107,CFS,62,1958.0,2024.0
WEBER,,368,EAST PORTERVILLE CANAL,East Porterville,East Porterville Canal,Conveyance,1.0,368,WEBER RIVER,Observational,4 FOOT PARSHALL FLUME,,A,40.9526518575639,-111.658083721773,Direct,Yes,https://waterrights.utah.gov/cgi-bin/dvrtview.exe?Modinfo=StationView&STATION_ID=368,2,DAILY_RECORDS,MEAN daily discharge in CFS,Mean daily discharge in ACFT,1.98347107,CFS,77,1948.0,2025.0
,,370,MUSSER DITCH,,,Conveyance,,370,WEBER RIVER,Observational,2 FOOT PARSHALL FLUME,,A,40.9586589889317,-111.70356324096,Manual,No,https://waterrights.utah.gov/cgi-bin/dvrtview.exe?Modinfo=StationView&STATION_ID=370,2,DAILY_RECORDS,MEAN daily discharge in CFS,Mean daily discharge in ACFT,1.98347107,CFS,76,1948.0,2024.0
,,372,WEST PORTERVILLE DITCH,,,Conveyance,,372,WEBER RIVER,Observational,3 FOOT PARSHALL FLUME AND TOTAL MTR,,A,40.9549790213818,-111.712186918563,Manual,No,https://waterrights.utah.gov/cgi-bin/dvrtview.exe?Modinfo=StationView&STATION_ID=372,2,DAILY_RECORDS,MEAN daily discharge in CFS,Mean daily discharge in ACFT,1.98347107,CFS,76,1948.0,2024.0
,,374,EAST RICHVILLE CANAL,,,Conveyance,,374,WEBER RIVER,Observational,2 FOOT PARSHALL FLUME,,A,40.981992019785,-111.678513608041,Manual,No,https://waterrights.utah.gov/cgi-bin/dvrtview.exe?Modinfo=StationView&STATION_ID=374,2,DAILY_RECORDS,MEAN daily discharge in CFS,Mean daily discharge in ACFT,1.98347107,CFS,76,1948.0,2024.0
,,376,WEST RICHVILLE CANAL,,,Conveyance,,376,WEBER RIVER,Observational,7 FOOT LYMAN WEIR,,A,40.9945409346158,-111.68552548295,Manual,No,https://waterrights.utah.gov/cgi-bin/dvrtview.exe?Modinfo=StationView&STATION_ID=376,2,DAILY_RECORDS,MEAN daily discharge in CFS,Mean daily discharge in ACFT,1.98347107,CFS,75,1948.0,2024.0
,,378,WELCH FIELD DITCH,,,Conveyance,,378,WEBER RIVER,Observational,2 FOOT PARSHALL FLUME,,A,41.0123986683794,-111.679698119241,Manual,No,https://waterrights.utah.gov/cgi-bin/dvrtview.exe?Modinfo=StationView&STATION_ID=378,2,DAILY_RECORDS,MEAN daily discharge in CFS,Mean daily discharge in ACFT,1.98347107,CFS,76,1948.0,2024.0
,,380,LITTLETON-MILTON DITCH,,,Conveyance,,380,WEBER RIVER,Observational,BURNHAM ORIFICE,,A,41.0313383914303,-111.692249793115,Manual,No,https://waterrights.utah.gov/cgi-bin/dvrtview.exe?Modinfo=StationView&STATION_ID=380,2,DAILY_RECORDS,MEAN daily discharge in CFS,Mean daily discharge in ACFT,1.98347107,CFS,76,1948.0,2024.0
,,382,MECHAM-EKSTROM DITCH,,,Conveyance,,382,WEBER RIVER,Observational,2 FOOT PARSHALL FLUME,,A,41.060944795493,-111.720149273058,Manual,No,https://waterrights.utah.gov/cgi-bin/dvrtview.exe?Modinfo=StationView&STATION_ID=382,2,DAILY_RECORDS,MEAN daily discharge in CFS,Mean daily discharge in ACFT,1.98347107,CFS,74,1951.0,2024.0
,,384,MECHAM-NELSON-MADSEN DITCH,,,Conveyance,,384,WEBER RIVER,Observational,2 FOOT PARSHALL FLUME,,A,41.0609447981442,-111.720144524497,Manual,No,https://waterrights.utah.gov/cgi-bin/dvrtview.exe?Modinfo=StationView&STATION_ID=384,2,DAILY_RECORDS,MEAN daily discharge in CFS,Mean daily discharge in ACFT,1.98347107,CFS,75,1948.0,2024.0
,,386,LINE CREEK IRRIGATION COMPANY,,,Conveyance,,386,WEBER RIVER,Observational,4 FOOT PARSHALL FLUME,,A,41.055689021045,-111.737252696939,Manual,No,https://waterrights.utah.gov/cgi-bin/dvrtview.exe?Modinfo=StationView&STATION_ID=386,2,DAILY_RECORDS,MEAN daily discharge in CFS,Mean daily discharge in ACFT,1.98347107,CFS,64,1961.0,2024.0
,,399,ENTERPRISE FIELD DITCH,,,Conveyance,,399,WEBER RIVER,Observational,4 FOOT CONCRETE BOX FLUME,,A,41.0746745638882,-111.722310545954,Manual,No,https://waterrights.utah.gov/cgi-bin/dvrtview.exe?Modinfo=StationView&STATION_ID=399,2,DAILY_RECORDS,MEAN daily discharge in CFS,Mean daily discharge in ACFT,1.98347107,CFS,76,1948.0,2024.0
,,400,PETERSON IRRIGATION COMPANY (SANBAR SL),,,Conveyance,,400,WEBER RIVER,Observational,CONSTANT HEAD ORIFICE,,A,41.1108051233767,-111.77066882384,Manual,Yes,https://waterrights.utah.gov/cgi-bin/dvrtview.exe?Modinfo=StationView&STATION_ID=400,2,DAILY_RECORDS,MEAN daily discharge in CFS,Mean daily discharge in ACFT,1.98347107,CFS,53,1962.0,2024.0
,,402,PETERSON IRRIGATION CO. ANDERSON-BOWMAN,,,Conveyance,,402,WEBER RIVER,Observational,4 FOOT PARSHALL FLUME,,A,41.0939740211989,-111.745618902459,Manual,No,https://waterrights.utah.gov/cgi-bin/dvrtview.exe?Modinfo=StationView&STATION_ID=402,2,DAILY_RECORDS,MEAN daily discharge in CFS,Mean daily discharge in ACFT,1.98347107,CFS,62,1963.0,2024.0
,,413,SOUTH WEBER CANAL,,,Conveyance,,413,WEBER RIVER,Observational,2-foot pipe meter,,A,41.1358548556373,-111.922588191137,Manual,No,https://waterrights.utah.gov/cgi-bin/dvrtview.exe?Modinfo=StationView&STATION_ID=413,2,DAILY_RECORDS,MEAN daily discharge in CFS,Mean daily discharge in ACFT,1.98347107,CFS,76,1948.0,2024.0
,,415,UINTAH CENTRAL DITCH,,,Conveyance,,415,WEBER RIVER,Observational,4 FOOT Cipolletti Weir,,A,41.1407352206396,-111.920905902579,Manual,No,https://waterrights.utah.gov/cgi-bin/dvrtview.exe?Modinfo=StationView&STATION_ID=415,2,DAILY_RECORDS,MEAN daily discharge in CFS,Mean daily discharge in ACFT,1.98347107,CFS,76,1948.0,2024.0
,,417,PIONEER DITCH,,,Conveyance,,417,WEBER RIVER,Observational,2 FOOT CIPOLLETTI WEIR,,A,41.1383850006004,-111.930337563518,Manual,No,https://waterrights.utah.gov/cgi-bin/dvrtview.exe?Modinfo=StationView&STATION_ID=417,2,DAILY_RECORDS,MEAN daily discharge in CFS,Mean daily discharge in ACFT,1.98347107,CFS,76,1948.0,2024.0
,,419,RIVERDALE BENCH CANAL,,,Conveyance,,419,WEBER RIVER,Observational,4 FOOT Parshall Flume,,A,41.1470088116461,-111.96059891156,Manual,No,https://waterrights.utah.gov/cgi-bin/dvrtview.exe?Modinfo=StationView&STATION_ID=419,2,DAILY_RECORDS,MEAN daily discharge in CFS,Mean daily discharge in ACFT,1.98347107,CFS,76,1948.0,2024.0
,,423,WILSON CANAL,,,Conveyance,,423,WEBER RIVER,Observational,"5, 2-FOOT Cottrell Gates",,A,41.2231465099938,-111.988764945813,Manual,No,https://waterrights.utah.gov/cgi-bin/dvrtview.exe?Modinfo=StationView&STATION_ID=423,2,DAILY_RECORDS,MEAN daily discharge in CFS,Mean daily discharge in ACFT,1.98347107,CFS,75,1948.0,2024.0
,,425,OLD WILSON CANAL,,,Conveyance,,425,WEBER RIVER,Observational,2 FOOT Parshall Flume,,A,41.2263966360788,-111.996439593462,Manual,No,https://waterrights.utah.gov/cgi-bin/dvrtview.exe?Modinfo=StationView&STATION_ID=425,2,DAILY_RECORDS,MEAN daily discharge in CFS,Mean daily discharge in ACFT,1.98347107,CFS,69,1950.0,2024.0
,,427,PLAIN CITY CANAL,,,Conveyance,,427,WEBER RIVER,Observational,Constant Head Orifice,,A,41.2975208961846,-112.035023723632,Manual,No,https://waterrights.utah.gov/cgi-bin/dvrtview.exe?Modinfo=StationView&STATION_ID=427,2,DAILY_RECORDS,MEAN daily discharge in CFS,Mean daily discharge in ACFT,1.98347107,CFS,75,1948.0,2024.0
,,429,PLAIN CITY UPPER CLUB,,,Conveyance,,429,WEBER RIVER,Observational,CONSTANT HEAD ORIFICE,,A,41.2975241469109,-112.035091951417,Manual,No,https://waterrights.utah.gov/cgi-bin/dvrtview.exe?Modinfo=StationView&STATION_ID=429,2,DAILY_RECORDS,MEAN daily discharge in CFS,Mean daily discharge in ACFT,1.98347107,CFS,33,1989.0,2024.0
,,430,G.S.L. MINERALS AND WILLARD CANAL,,,Conveyance,,430,WEBER RIVER,Observational,*** SEE COMMENTS,,A,41.3415702466161,-112.128891097452,Manual,No,https://waterrights.utah.gov/cgi-bin/dvrtview.exe?Modinfo=StationView&STATION_ID=430,2,DAILY_RECORDS,MEAN daily discharge in CFS,Mean daily discharge in ACFT,1.98347107,CFS,55,1970.0,2024.0
,,432,SOUTH SLATERVILLE CANAL,,,Conveyance,,432,WEBER RIVER,Observational,CONSTANT HEAD ORIFICE,,A,41.2421167071365,-112.013319489301,Manual,No,https://waterrights.utah.gov/cgi-bin/dvrtview.exe?Modinfo=StationView&STATION_ID=432,2,DAILY_RECORDS,MEAN daily discharge in CFS,Mean daily discharge in ACFT,1.98347107,CFS,75,1948.0,2024.0
WEBER,,434,HOOPER CANAL,Hooper Canal,Hooper Canal Diversion from the Willard Canal,Conveyance,1.0,434,WEBER RIVER,Observational,10 FOOT PARSHALL FLUME,,A,41.2301134995281,-112.017108038684,Direct,Yes,https://waterrights.utah.gov/cgi-bin/dvrtview.exe?Modinfo=StationView&STATION_ID=434,2,DAILY_RECORDS,MEAN daily discharge in CFS,Mean daily discharge in ACFT,1.98347107,CFS,77,1948.0,2025.0
,,437,WARREN IRRIGATION COMPANY,,,Conveyance,,437,WEBER RIVER,Observational,7 FOOT PARSHALL FLUME,,A,41.2817106853281,-112.093752348725,Manual,No,https://waterrights.utah.gov/cgi-bin/dvrtview.exe?Modinfo=StationView&STATION_ID=437,2,DAILY_RECORDS,MEAN daily discharge in CFS,Mean daily discharge in ACFT,1.98347107,CFS,75,1948.0,2024.0
,,460,NEW FIELD AND NORTH BENCH CANAL,,,Conveyance,,460,WEBER RIVER,Observational,Downstream on canals,,A,40.7314788245863,-111.266989533445,Manual,No,https://waterrights.utah.gov/cgi-bin/dvrtview.exe?Modinfo=StationView&STATION_ID=460,2,DAILY_RECORDS,MEAN daily discharge in CFS,Mean daily discharge in ACFT,1.98347107,CFS,75,1948.0,2024.0
SEVIER,,472,WEST HATCH DITCH,9149,West Hatch Ditch,Conveyance,1.0,472,SEVIER RIVER,Observational,3 foot Parshall Flume,,A,37.6271863360745,-112.487602459016,Scrape,Yes,https://waterrights.utah.gov/cgi-bin/dvrtview.exe?Modinfo=StationView&STATION_ID=472,1,DAILY_RECORDS,Mean daily discharge in CFS,Mean daily discharge in CFS,1.0,CFS,74,1951.0,2025.0
,,488,LOST CREEK,,,Conveyance,,488,PROVO RIVER,Observational,,,A,40.3414282309608,-111.606801054799,Manual,Yes,https://waterrights.utah.gov/cgi-bin/dvrtview.exe?Modinfo=StationView&STATION_ID=488,2,DAILY_RECORDS,MEAN daily discharge in CFS,Mean daily discharge in ACFT,1.98347107,CFS,14,1977.0,2023.0
SEVIER,,492,EAST HATCH DITCH,9128,East Hatch Ditch,Conveyance,1.0,492,SEVIER RIVER,Observational,2 foot Parshall Flume,,A,37.6355071538086,-112.432958557459,Scrape,Yes,https://waterrights.utah.gov/cgi-bin/dvrtview.exe?Modinfo=StationView&STATION_ID=492,1,DAILY_RECORDS,Mean daily discharge in CFS,Mean daily discharge in CFS,1.0,CFS,74,1951.0,2025.0
CU_SCADA,,494,CUWCD MIDWAY UPPER DAM (OVERFLOW OR BY-PASS),SCADA.UMFLOW.F_CV,Upper Midway - SCADA River Gauge,Stream,1.0,494,PROVO RIVER,Observational,,DIGITAL,A,40.5541240448038,-111.433192205987,Scrape,Yes,https://waterrights.utah.gov/cgi-bin/dvrtview.exe?Modinfo=StationView&STATION_ID=494,1,DAILY_RECORDS,Mean daily discharge in CFS,Mean daily discharge in CFS,1.0,CFS,71,1950.0,2025.0
DUCHESNE,,509,070 RHOADES CANAL,8428,Rhoades Canal,Conveyance,2.0,509,DUCHESNE RIVER,Observational,Estimate,DIGITAL,A,40.47764471053,-110.826801545279,Scrape,Yes,https://waterrights.utah.gov/cgi-bin/dvrtview.exe?Modinfo=StationView&STATION_ID=509,1,DAILY_RECORDS,Mean daily discharge in CFS,Mean daily discharge in CFS,1.0,CFS,76,1949.0,2025.0
DUCHESNE,,510,160 FARM CREEK CANAL,8592,Farm Creek Canal,Conveyance,3.0,510,DUCHESNE RIVER,Observational,Recorder,FLOWMETER,A,40.4015580625681,-110.763290284013,Scrape,Yes,https://waterrights.utah.gov/cgi-bin/dvrtview.exe?Modinfo=StationView&STATION_ID=510,1,DAILY_RECORDS,Mean daily discharge in CFS,Mean daily discharge in CFS,1.0,CFS,77,1949.0,2025.0
DUCHESNE,,512,190 JASPER PIKE CANAL,8200,JASPER PIKE WATER FLOW 8200,Conveyance,3.0,512,DUCHESNE RIVER,Observational,Recorder,DIGITAL,A,40.3855207866676,-110.74440652145,Scrape,Yes,https://waterrights.utah.gov/cgi-bin/dvrtview.exe?Modinfo=StationView&STATION_ID=512,1,DAILY_RECORDS,Mean daily discharge in CFS,Mean daily discharge in CFS,1.0,CFS,86,1935.0,2025.0
DUCHESNE,,513,360 PIONEER CANAL,8768,Pioneeer at Head,Conveyance,4.0,513,DUCHESNE RIVER,Observational,Recorder,DIGITAL,A,40.2839801973989,-110.46338576675,Scrape,Yes,https://waterrights.utah.gov/cgi-bin/dvrtview.exe?Modinfo=StationView&STATION_ID=513,1,DAILY_RECORDS,Mean daily discharge in CFS,Mean daily discharge in CFS,1.0,CFS,68,1953.0,2025.0
DUCHESNE,,516,420 DUCHESNE FEEDER CANAL,8078,DUCHESNE FEEDER CANAL,Conveyance,1.0,516,DUCHESNE RIVER,Observational,CR-10 DATA LOGGER & AUTOMATIC GATE,DIGITAL,A,40.1713339015753,-110.303019780477,Scrape,Yes,https://waterrights.utah.gov/cgi-bin/dvrtview.exe?Modinfo=StationView&STATION_ID=516,1,DAILY_RECORDS,Mean daily discharge in CFS,Mean daily discharge in CFS,1.0,CFS,84,1942.0,2025.0
DWCCC,,518,DWCCC AT HEADWORKS,Headworks ADFM Flow,,Conveyance,1.0,518,WEBER RIVER,Observational,,,A,41.1376105945986,-111.887445138087,Scrape,Yes,https://waterrights.utah.gov/cgi-bin/dvrtview.exe?Modinfo=StationView&STATION_ID=518,2,DAILY_RECORDS,MEAN daily discharge in CFS,Mean daily discharge in ACFT,1.98347107,CFS,51,1975.0,2025.0
DUCHESNE,,522,423 U. S. DRY GULCH,8718,423 U. S. DRY GULCH,Conveyance,2.0,522,DUCHESNE RIVER,Observational,,FLOWMETER,A,40.178781715577,-110.164521063933,Scrape,Yes,https://waterrights.utah.gov/cgi-bin/dvrtview.exe?Modinfo=StationView&STATION_ID=522,1,DAILY_RECORDS,Mean daily discharge in CFS,Mean daily discharge in CFS,1.0,CFS,67,1942.0,2025.0
DUCHESNE,,524,425 PAHCEASE CANAL,8717,Pahcease,Conveyance,2.0,524,DUCHESNE RIVER,Observational,Recorder,FLOWMETER,I,,,Scrape,Yes,https://waterrights.utah.gov/cgi-bin/dvrtview.exe?Modinfo=StationView&STATION_ID=524,1,DAILY_RECORDS,Mean daily discharge in CFS,Mean daily discharge in CFS,1.0,CFS,55,1935.0,2025.0
DUCHESNE,,525,430 GRAY MOUNTAIN CANAL,8149,GRAY MOUNTAIN CANAL,Conveyance,1.0,525,DUCHESNE RIVER,Observational,Real time Gauge ht. & flow,DIGITAL,A,40.163982437717,-110.276240613563,Scrape,Yes,https://waterrights.utah.gov/cgi-bin/dvrtview.exe?Modinfo=StationView&STATION_ID=525,1,DAILY_RECORDS,Mean daily discharge in CFS,Mean daily discharge in CFS,1.0,CFS,88,1935.0,2025.0
DUCHESNE,,526,440 UINTAH BASIN IRRIGATION COMPANY,13662,UBIC (Pleasant Valley),Conveyance,1.0,526,DUCHESNE RIVER,Observational,"Flow Meter in Pipe, Ultrasnc Doppler",DIGITAL,A,40.1504028236134,-110.160365759723,Scrape,Yes,https://waterrights.utah.gov/cgi-bin/dvrtview.exe?Modinfo=StationView&STATION_ID=526,1,DAILY_RECORDS,Mean daily discharge in CFS,Mean daily discharge in CFS,1.0,CFS,77,1948.0,2024.0
DUCHESNE,,528,460_MYTON_TOWNSITE_CANAL,8737,MYTON TOWNSITE CANAL,Conveyance,4.0,528,DUCHESNE RIVER,Observational,Recorder Concrete Ramp Flume,DIGITAL,A,40.2040284473534,-110.103979327928,Scrape,Yes,https://waterrights.utah.gov/cgi-bin/dvrtview.exe?Modinfo=StationView&STATION_ID=528,1,DAILY_RECORDS,Mean daily discharge in CFS,Mean daily discharge in CFS,1.0,CFS,88,1935.0,2025.0
DUCHESNE,,529,480 OURAY SCHOOL CANAL,8753,OURAY SCHOOL CANAL,Conveyance,4.0,529,DUCHESNE RIVER,Observational,Recorder,DIGITAL,A,40.2018205839441,-109.906823927998,Scrape,Yes,https://waterrights.utah.gov/cgi-bin/dvrtview.exe?Modinfo=StationView&STATION_ID=529,1,DAILY_RECORDS,Mean daily discharge in CFS,Mean daily discharge in CFS,1.0,CFS,88,1935.0,2025.0
CU_SCADA,,530,010 DUCHESNE TUNNEL,DTFLOW_PUB,Duchesne Tunnel,Conveyance,1.0,530,DUCHESNE RIVER,Observational,gage,FLOWMETER,A,40.6246247137113,-110.890856863759,Manual,Yes,https://waterrights.utah.gov/cgi-bin/dvrtview.exe?Modinfo=StationView&STATION_ID=530,1,DAILY_RECORDS,Mean daily discharge in CFS,Mean daily discharge in CFS,1.0,CFS,68,1953.0,2024.0
USGS,,533,USGS OGDEN RIVER AT OGDEN UTAH,10140700,"USGS Ogden River nr Gibson Avenue at Ogden, UT",Stream,1.0,533,WEBER RIVER,Observational,USGS gage station,,A,41.2318415304406,-111.984436860224,Scrape,Yes,https://waterrights.utah.gov/cgi-bin/dvrtview.exe?Modinfo=StationView&STATION_ID=533,1,DAILY_RECORDS,Mean daily discharge in CFS,Mean daily discharge in CFS,1.0,CFS,62,1959.0,2025.0
USGS,,534,USGS CHALK CREEK AT COALVILLE UTAH,10131000,"Chalk Creek at Coalville, UT",Stream,1.0,534,WEBER RIVER,Observational,RATED SECTION,,A,40.9204870515621,-111.401311964364,Scrape,Yes,https://waterrights.utah.gov/cgi-bin/dvrtview.exe?Modinfo=StationView&STATION_ID=534,1,DAILY_RECORDS,Mean daily discharge in CFS,Mean daily discharge in CFS,1.0,CFS,71,1947.0,2025.0
USGS,,539,USGS EAST CANYON CREEK NEAR MORGAN UTAH,10134500,"USGS East Canyon Creek Near Morgan, UT",Stream,1.0,539,WEBER RIVER,Observational,RATE LYMAN RECTANGULAR WEIR,,A,40.9225751886969,-111.607099702549,Scrape,Yes,https://waterrights.utah.gov/cgi-bin/dvrtview.exe?Modinfo=StationView&STATION_ID=539,1,DAILY_RECORDS,Mean daily discharge in CFS,Mean daily discharge in CFS,1.0,CFS,71,1947.0,2025.0
DUCHESNE,,555,490 LELAND CANAL,8686,LELAND CANAL,Conveyance,5.0,555,DUCHESNE RIVER,Observational,3`Parshall Flume,DIGITAL,A,40.2085192328065,-109.799487293301,Scrape,Yes,https://waterrights.utah.gov/cgi-bin/dvrtview.exe?Modinfo=StationView&STATION_ID=555,1,DAILY_RECORDS,Mean daily discharge in CFS,Mean daily discharge in CFS,1.0,CFS,34,1935.0,2025.0
WEBER_BASIN,,580,WEBER BASIN GATEWAY CANAL STODDARD DIVERSON,Stoddard Flow,,Conveyance,1.0,580,WEBER RIVER,Observational,USBR and/or WBWCD Gage,,A,41.0745844743385,-111.737199902995,Scrape,Yes,https://waterrights.utah.gov/cgi-bin/dvrtview.exe?Modinfo=StationView&STATION_ID=580,1,DAILY_RECORDS,Mean daily discharge in CFS,Mean daily discharge in CFS,1.0,CFS,37,1957.0,2025.0
,,707,HILLSDALE DITCH,,,Conveyance,,707,SEVIER RIVER,Observational,,,A,37.7091126013963,-112.389882811344,Manual,No,https://waterrights.utah.gov/cgi-bin/dvrtview.exe?Modinfo=StationView&STATION_ID=707,1,DAILY_RECORDS,Mean daily discharge in CFS,Mean daily discharge in CFS,1.0,CFS,65,1951.0,2025.0
,,708,SHOWALTER AND RIGGS DITCHES,,,Conveyance,,708,SEVIER RIVER,Observational,,,I,,,,Yes,https://waterrights.utah.gov/cgi-bin/dvrtview.exe?Modinfo=StationView&STATION_ID=708,1,DAILY_RECORDS,Mean daily discharge in CFS,Mean daily discharge in CFS,1.0,CFS,4,1959.0,1962.0
,,709,ORTON & RIGGS DITCH,,,Conveyance,,709,SEVIER RIVER,Observational,,,I,,,Manual,No,https://waterrights.utah.gov/cgi-bin/dvrtview.exe?Modinfo=StationView&STATION_ID=709,1,DAILY_RECORDS,Mean daily discharge in CFS,Mean daily discharge in CFS,1.0,CFS,56,1951.0,2014.0
SEVIER,,710,LONG & EAST BENCH CANAL,9141,Long and East Bench Canal,Conveyance,1.0,710,SEVIER RIVER,Observational,7 FT PARSHALL FLUME,DIGITAL,A,37.8189526061017,-112.395874446557,Scrape,Yes,https://waterrights.utah.gov/cgi-bin/dvrtview.exe?Modinfo=StationView&STATION_ID=710,1,DAILY_RECORDS,Mean daily discharge in CFS,Mean daily discharge in CFS,1.0,CFS,93,1933.0,2025.0
SEVIER,,711,EAST PANGUITCH CANAL,9132,East Panguitch Canal,Conveyance,1.0,711,SEVIER RIVER,Observational,4 foot Parshall Flume,,A,37.8237147837875,-112.404376847007,Scrape,Yes,https://waterrights.utah.gov/cgi-bin/dvrtview.exe?Modinfo=StationView&STATION_ID=711,1,DAILY_RECORDS,Mean daily discharge in CFS,Mean daily discharge in CFS,1.0,CFS,98,1915.0,2024.0
SEVIER,,712,LEFEVRE-BARTON-TEBBS DITCH,9118,Bartin  LeFevre Tebbs Canal,Conveyance,1.0,712,SEVIER RIVER,Observational,,DIGITAL,A,37.8778718594718,-112.429668185376,Scrape,Yes,https://waterrights.utah.gov/cgi-bin/dvrtview.exe?Modinfo=StationView&STATION_ID=712,1,DAILY_RECORDS,Mean daily discharge in CFS,Mean daily discharge in CFS,1.0,CFS,95,1915.0,2025.0
SEVIER,,713,MCEWAN CANAL,9145,McEwan Canal,Conveyance,1.0,713,SEVIER RIVER,Observational,20 CFS RAMP FLUME,DIGITAL,A,37.8772074751272,-112.4262783551,Scrape,Yes,https://waterrights.utah.gov/cgi-bin/dvrtview.exe?Modinfo=StationView&STATION_ID=713,1,DAILY_RECORDS,Mean daily discharge in CFS,Mean daily discharge in CFS,1.0,CFS,96,1915.0,2024.0
SEVIER,,714,BEAR CREEK CANAL,9124,Bear Creek Canal,Conveyance,1.0,714,SEVIER RIVER,Observational,10 CFS RAMP FLUME,DIGITAL,A,37.9611688637724,-112.412087489887,Scrape,Yes,https://waterrights.utah.gov/cgi-bin/dvrtview.exe?Modinfo=StationView&STATION_ID=714,1,DAILY_RECORDS,Mean daily discharge in CFS,Mean daily discharge in CFS,1.0,CFS,72,1951.0,2024.0
,,715,MARSHALL DITCH,,,Conveyance,,715,SEVIER RIVER,Observational,2 foot Parshall Flume,,A,37.9838358488911,-112.386544334325,Manual,No,https://waterrights.utah.gov/cgi-bin/dvrtview.exe?Modinfo=StationView&STATION_ID=715,1,DAILY_RECORDS,Mean daily discharge in CFS,Mean daily discharge in CFS,1.0,CFS,69,1951.0,2024.0
,,716,WHITTAKER DITCH,,,Conveyance,,716,SEVIER RIVER,Observational,2 ft Parshall Flume,,A,38.0283912194221,-112.356916893372,Manual,No,https://waterrights.utah.gov/cgi-bin/dvrtview.exe?Modinfo=StationView&STATION_ID=716,1,DAILY_RECORDS,Mean daily discharge in CFS,Mean daily discharge in CFS,1.0,CFS,69,1951.0,2024.0
,,717,CANNON DOBSON DITCH,,,Conveyance,,717,SEVIER RIVER,Observational,1 ft Parshall Flume,,A,38.1385705092225,-112.313088938282,Manual,No,https://waterrights.utah.gov/cgi-bin/dvrtview.exe?Modinfo=StationView&STATION_ID=717,1,DAILY_RECORDS,Mean daily discharge in CFS,Mean daily discharge in CFS,1.0,CFS,70,1951.0,2024.0
,,718,PARKER DITCH,,,Conveyance,,718,SEVIER RIVER,Observational,2 ft Parshall Flume,,A,38.1388611778041,-112.313835900627,Manual,No,https://waterrights.utah.gov/cgi-bin/dvrtview.exe?Modinfo=StationView&STATION_ID=718,1,DAILY_RECORDS,Mean daily discharge in CFS,Mean daily discharge in CFS,1.0,CFS,69,1951.0,2024.0
SEVIER,,719,FOX CANAL (AKA LOSS CANAL),3906,Loss Creek Canal,Conveyance,1.0,719,SEVIER RIVER,Observational,6 FOOT PARSHALL,DIGITAL,A,38.1484617137964,-112.291478621521,Scrape,Yes,https://waterrights.utah.gov/cgi-bin/dvrtview.exe?Modinfo=StationView&STATION_ID=719,1,DAILY_RECORDS,Mean daily discharge in CFS,Mean daily discharge in CFS,1.0,CFS,96,1915.0,2025.0
SEVIER,,720,WEST CANAL - CIRCLEVILLE,4139,West Canal,Conveyance,1.0,720,SEVIER RIVER,Observational,6 ft Parshall flume,DIGITAL,A,38.151370064786,-112.29060355679,Scrape,Yes,https://waterrights.utah.gov/cgi-bin/dvrtview.exe?Modinfo=StationView&STATION_ID=720,1,DAILY_RECORDS,Mean daily discharge in CFS,Mean daily discharge in CFS,1.0,CFS,97,1915.0,2025.0
SEVIER,,721,OLD KINGSTON CANAL,3943,Old Kingston Canal,Conveyance,1.0,721,SEVIER RIVER,Observational,6 FOOT PARSHALL,DIGITAL,A,38.1509507482092,-112.289420565106,Scrape,Yes,https://waterrights.utah.gov/cgi-bin/dvrtview.exe?Modinfo=StationView&STATION_ID=721,1,DAILY_RECORDS,Mean daily discharge in CFS,Mean daily discharge in CFS,1.0,CFS,96,1915.0,2025.0
SEVIER,,722,DALTON-THOMPSON CANAL,3780,Dalton Thompsen,Conveyance,1.0,722,SEVIER RIVER,Observational,4 foot Parshall Flume,DIGITAL,A,38.1662213834927,-112.269529341157,Scrape,Yes,https://waterrights.utah.gov/cgi-bin/dvrtview.exe?Modinfo=StationView&STATION_ID=722,1,DAILY_RECORDS,Mean daily discharge in CFS,Mean daily discharge in CFS,1.0,CFS,92,1920.0,2025.0
SEVIER,,723,JUNCTION CANAL,3887,JUNCTION CANAL,Conveyance,1.0,723,SEVIER RIVER,Observational,Rated Orfice installed 2019,DIGITAL,A,38.1983160427497,-112.22909270067,Scrape,Yes,https://waterrights.utah.gov/cgi-bin/dvrtview.exe?Modinfo=StationView&STATION_ID=723,1,DAILY_RECORDS,Mean daily discharge in CFS,Mean daily discharge in CFS,1.0,CFS,89,1932.0,2024.0
SEVIER,,724,JUNCTION MIDDLE DITCH,3891,JUNCTION MIDDLE DITCH,Conveyance,1.0,724,SEVIER RIVER,Observational,1.5 foot Parshall Flume,DIGITAL,A,38.2085170686971,-112.210053053173,Scrape,Yes,https://waterrights.utah.gov/cgi-bin/dvrtview.exe?Modinfo=StationView&STATION_ID=724,1,DAILY_RECORDS,Mean daily discharge in CFS,Mean daily discharge in CFS,1.0,CFS,95,1915.0,2025.0
SEVIER,,726,KINGSTON - ALLEN DITCH,3656,"Allen Ditch, also called KINGSTON #1",Conveyance,1.0,726,SEVIER RIVER,Observational,,DIGITAL,A,38.206031979973,-112.182591622946,Scrape,Yes,https://waterrights.utah.gov/cgi-bin/dvrtview.exe?Modinfo=StationView&STATION_ID=726,1,DAILY_RECORDS,Mean daily discharge in CFS,Mean daily discharge in CFS,1.0,CFS,71,1951.0,2025.0
SEVIER,,727,KINGSTON MAIN CANAL (KINGSTON #2),3895,Kingston Canal (North and West),Conveyance,1.0,727,SEVIER RIVER,Observational,8 foot contracted rectangular weir,DIGITAL,A,38.2065313635445,-112.182440077948,Scrape,Yes,https://waterrights.utah.gov/cgi-bin/dvrtview.exe?Modinfo=StationView&STATION_ID=727,1,DAILY_RECORDS,Mean daily discharge in CFS,Mean daily discharge in CFS,1.0,CFS,65,1915.0,2025.0
,,728,NIELSON HOWES DITCH,,,Conveyance,,728,SEVIER RIVER,Observational,,,I,,,,No,https://waterrights.utah.gov/cgi-bin/dvrtview.exe?Modinfo=StationView&STATION_ID=728,5,MONTHLY_RECORDS,Monthly Discharge in ACFT,Monthly Discharge in ACFT,1.0,ACFT,0,,
,,729,JOSEPH & COVE CANAL AKA CLEAR CREEK,,,Conveyance,,729,SEVIER RIVER,Observational,,,A,38.5796455516477,-112.284444621871,Manual,No,https://waterrights.utah.gov/cgi-bin/dvrtview.exe?Modinfo=StationView&STATION_ID=729,1,DAILY_RECORDS,Mean daily discharge in CFS,Mean daily discharge in CFS,1.0,CFS,83,1932.0,2022.0
SEVIER,,730,CLEAR CREEK CANAL,3762,Clear Creek Canal,Conveyance,1.0,730,SEVIER RIVER,Observational,,DIGITAL,A,38.5850306866653,-112.266697755712,Scrape,Yes,https://waterrights.utah.gov/cgi-bin/dvrtview.exe?Modinfo=StationView&STATION_ID=730,1,DAILY_RECORDS,Mean daily discharge in CFS,Mean daily discharge in CFS,1.0,CFS,95,1915.0,2025.0
SEVIER,,731,MONROE SOUTH BEND CANAL,3921,Monroe and South Bend Canals,Conveyance,1.0,731,SEVIER RIVER,Observational,,DIGITAL,A,38.5975385241832,-112.229828797308,Scrape,Yes,https://waterrights.utah.gov/cgi-bin/dvrtview.exe?Modinfo=StationView&STATION_ID=731,1,DAILY_RECORDS,Mean daily discharge in CFS,Mean daily discharge in CFS,1.0,CFS,98,1915.0,2025.0
SEVIER,,732,SEVIER VALLEY AND PIUTE CANAL,9156,Sevier Valley and Piute Canals,Conveyance,1.0,732,SEVIER RIVER,Observational,,DIGITAL,A,38.6035203729314,-112.22291268111,Scrape,Yes,https://waterrights.utah.gov/cgi-bin/dvrtview.exe?Modinfo=StationView&STATION_ID=732,1,DAILY_RECORDS,Mean daily discharge in CFS,Mean daily discharge in CFS,1.0,CFS,94,1921.0,2025.0
SEVIER,,733,JOSEPH CANAL,3875,Joseph Canal Head,Conveyance,1.0,733,SEVIER RIVER,Observational,,DIGITAL,A,38.6037463186194,-112.22212348329,Scrape,Yes,https://waterrights.utah.gov/cgi-bin/dvrtview.exe?Modinfo=StationView&STATION_ID=733,1,DAILY_RECORDS,Mean daily discharge in CFS,Mean daily discharge in CFS,1.0,CFS,99,1915.0,2025.0
,,734,WELLS CANAL,,,Conveyance,,734,SEVIER RIVER,Observational,,,I,,,Manual,No,https://waterrights.utah.gov/cgi-bin/dvrtview.exe?Modinfo=StationView&STATION_ID=734,1,DAILY_RECORDS,Mean daily discharge in CFS,Mean daily discharge in CFS,1.0,CFS,79,1915.0,2013.0
SEVIER,,736,MONROE CANAL,3915,Monroe Canal Flume,Conveyance,1.0,736,SEVIER RIVER,Observational,,DIGITAL,A,38.6462512430985,-112.185262598904,Scrape,Yes,https://waterrights.utah.gov/cgi-bin/dvrtview.exe?Modinfo=StationView&STATION_ID=736,1,DAILY_RECORDS,Mean daily discharge in CFS,Mean daily discharge in CFS,1.0,CFS,100,1915.0,2025.0
SEVIER,,737,ELSINORE CANAL,3819,Elsinore Canal,Conveyance,1.0,737,SEVIER RIVER,Observational,,DIGITAL,A,38.6539552490168,-112.17720139923,Scrape,Yes,https://waterrights.utah.gov/cgi-bin/dvrtview.exe?Modinfo=StationView&STATION_ID=737,1,DAILY_RECORDS,Mean daily discharge in CFS,Mean daily discharge in CFS,1.0,CFS,100,1915.0,2025.0
SEVIER,,738,BROOKLYN CANAL,3695,Brooklyn Canal,Conveyance,1.0,738,SEVIER RIVER,Observational,5 FOOT PARSHALL,DIGITAL,A,38.6543958989418,-112.171402392083,Scrape,Yes,https://waterrights.utah.gov/cgi-bin/dvrtview.exe?Modinfo=StationView&STATION_ID=738,1,DAILY_RECORDS,Mean daily discharge in CFS,Mean daily discharge in CFS,1.0,CFS,99,1915.0,2025.0
SEVIER,,739,RICHFIELD CANAL,4025,Richfield Canal,Conveyance,1.0,739,SEVIER RIVER,Observational,,DIGITAL,A,38.6603524056808,-112.168853550443,Scrape,Yes,https://waterrights.utah.gov/cgi-bin/dvrtview.exe?Modinfo=StationView&STATION_ID=739,1,DAILY_RECORDS,Mean daily discharge in CFS,Mean daily discharge in CFS,1.0,CFS,101,1915.0,2025.0
SEVIER,,740,ANNABELLA CANAL,3670,Annabella Canal,Conveyance,1.0,740,SEVIER RIVER,Observational,,DIGITAL,A,38.6739565249126,-112.137143388917,Scrape,Yes,https://waterrights.utah.gov/cgi-bin/dvrtview.exe?Modinfo=StationView&STATION_ID=740,1,DAILY_RECORDS,Mean daily discharge in CFS,Mean daily discharge in CFS,1.0,CFS,99,1915.0,2025.0
SEVIER,,741,VERMILLION CANAL,4056,Vermillion Canal,Conveyance,1.0,741,SEVIER RIVER,Observational,,DIGITAL,A,38.7613461064111,-112.047124848943,Scrape,Yes,https://waterrights.utah.gov/cgi-bin/dvrtview.exe?Modinfo=StationView&STATION_ID=741,1,DAILY_RECORDS,Mean daily discharge in CFS,Mean daily discharge in CFS,1.0,CFS,99,1915.0,2025.0
SEVIER,,742,ROCKY FORD AND WILLOW BEND CANAL,4039,Rocky Ford \ Willow Bend Canal,Conveyance,1.0,742,SEVIER RIVER,Observational,,DIGITAL,A,38.870547604555,-111.956171845762,Scrape,Yes,https://waterrights.utah.gov/cgi-bin/dvrtview.exe?Modinfo=StationView&STATION_ID=742,1,DAILY_RECORDS,Mean daily discharge in CFS,Mean daily discharge in CFS,1.0,CFS,102,1915.0,2025.0
SEVIER,,743,WEST VIEW CANAL,4148,Westview Canal,Conveyance,1.0,743,SEVIER RIVER,Observational,Five foot Parshall Flume,DIGITAL,A,38.9916472577801,-111.859529354903,Scrape,Yes,https://waterrights.utah.gov/cgi-bin/dvrtview.exe?Modinfo=StationView&STATION_ID=743,1,DAILY_RECORDS,Mean daily discharge in CFS,Mean daily discharge in CFS,1.0,CFS,102,1915.0,2025.0
SEVIER,,744,GUNNISON FAYETTE CANAL,3856,Gunnison Fayette Canal,Conveyance,1.0,744,SEVIER RIVER,Observational,,DIGITAL,A,39.0748754226412,-111.839878664899,Scrape,Yes,https://waterrights.utah.gov/cgi-bin/dvrtview.exe?Modinfo=StationView&STATION_ID=744,1,DAILY_RECORDS,Mean daily discharge in CFS,Mean daily discharge in CFS,1.0,CFS,103,1915.0,2025.0
SEVIER,,745,DOVER CANAL,9225,Dover Canal,Conveyance,1.0,745,SEVIER RIVER,Observational,,DIGITAL,A,39.1400543318759,-111.871526634204,Scrape,Yes,https://waterrights.utah.gov/cgi-bin/dvrtview.exe?Modinfo=StationView&STATION_ID=745,1,DAILY_RECORDS,Mean daily discharge in CFS,Mean daily discharge in CFS,1.0,CFS,103,1915.0,2025.0
SEVIER,,746,VINCENT FAMILY FARMS,4134,Vincent Canal,Conveyance,1.0,746,SEVIER RIVER,Observational,Ramp Flume,,A,39.5666622543109,-112.209783458873,Scrape,Yes,https://waterrights.utah.gov/cgi-bin/dvrtview.exe?Modinfo=StationView&STATION_ID=746,1,DAILY_RECORDS,Mean daily discharge in CFS,Mean daily discharge in CFS,1.0,CFS,93,1921.0,2025.0
SEVIER,,748,CANAL A,3710,Canal A,Conveyance,1.0,748,SEVIER RIVER,Observational,16 FT. CONCRETE FLUME AND GAGING STA,DIGITAL,A,39.3929359134231,-112.488190995035,Scrape,Yes,https://waterrights.utah.gov/cgi-bin/dvrtview.exe?Modinfo=StationView&STATION_ID=748,1,DAILY_RECORDS,Mean daily discharge in CFS,Mean daily discharge in CFS,1.0,CFS,103,1915.0,2025.0
SEVIER,,749,CENTRAL UTAH WATER COMPANY CANAL,3735,Central Utah Canal,Conveyance,1.0,749,SEVIER RIVER,Observational,,,A,39.5748334749563,-112.192970930138,Scrape,Yes,https://waterrights.utah.gov/cgi-bin/dvrtview.exe?Modinfo=StationView&STATION_ID=749,1,DAILY_RECORDS,Mean daily discharge in CFS,Mean daily discharge in CFS,1.0,CFS,106,1915.0,2025.0
SEVIER,,750,LEAMINGTON CANAL,3904,Leamington Canal,Conveyance,1.0,750,SEVIER RIVER,Observational,Ramp Flume,,A,39.557538470684,-112.20988316617,Scrape,Yes,https://waterrights.utah.gov/cgi-bin/dvrtview.exe?Modinfo=StationView&STATION_ID=750,1,DAILY_RECORDS,Mean daily discharge in CFS,Mean daily discharge in CFS,1.0,CFS,102,1915.0,2025.0
SEVIER,,751,ABRAHAM IRRIGATION COMPANY CANAL,10006,Abraham Irrigation Co Canal,Conveyance,1.0,751,SEVIER RIVER,Observational,18 foot ramp flume,,A,39.3521797223373,-112.634960711548,Scrape,Yes,https://waterrights.utah.gov/cgi-bin/dvrtview.exe?Modinfo=StationView&STATION_ID=751,1,DAILY_RECORDS,Mean daily discharge in CFS,Mean daily discharge in CFS,1.0,CFS,98,1915.0,2025.0
SEVIER,,752,DESERET IRRIGATION CO (LOW DITCH),3796,Deseret Irr. Low,Conveyance,1.0,752,SEVIER RIVER,Observational,18 foot ramp flume with Orfice gates,,A,39.3390239494821,-112.624345835518,Scrape,Yes,https://waterrights.utah.gov/cgi-bin/dvrtview.exe?Modinfo=StationView&STATION_ID=752,1,DAILY_RECORDS,Mean daily discharge in CFS,Mean daily discharge in CFS,1.0,CFS,94,1915.0,2025.0
SEVIER,,753,DESERET IRRIGATION CO (HIGH DITCH),10009,Deseret High Canal Flow,Conveyance,1.0,753,SEVIER RIVER,Observational,18 foot ramp flume with Orfice gates,DIGITAL,A,39.3394936252855,-112.627459397018,Scrape,Yes,https://waterrights.utah.gov/cgi-bin/dvrtview.exe?Modinfo=StationView&STATION_ID=753,1,DAILY_RECORDS,Mean daily discharge in CFS,Mean daily discharge in CFS,1.0,CFS,94,1915.0,2025.0
SEVIER,,754,DESERET IRRIGATION CO (PUMP DITCH),10921,DESERET IRRIGATION CO (PUMP DITCH),Conveyance,1.0,754,SEVIER RIVER,Observational,Ramp Flume 2 foot,DIGITAL,A,39.340740069265,-112.624720809545,Scrape,Yes,https://waterrights.utah.gov/cgi-bin/dvrtview.exe?Modinfo=StationView&STATION_ID=754,1,DAILY_RECORDS,Mean daily discharge in CFS,Mean daily discharge in CFS,1.0,CFS,93,1933.0,2025.0
SEVIER,,757,MADDOX FARMS,10917,Maddox Diversion,Conveyance,1.0,757,SEVIER RIVER,Observational,,DIGITAL,A,39.340555208445,-112.615330203035,Scrape,Yes,https://waterrights.utah.gov/cgi-bin/dvrtview.exe?Modinfo=StationView&STATION_ID=757,1,DAILY_RECORDS,Mean daily discharge in CFS,Mean daily discharge in CFS,1.0,CFS,69,1936.0,2025.0
SEVIER,,836,SEVIER RIVER BELOW VERMILLION DAM,4059,Sevier River Past Vermillion Dam,Stream,1.0,836,SEVIER RIVER,Observational,,DIGITAL,A,38.7608136264216,-112.04674118192,Scrape,Yes,https://waterrights.utah.gov/cgi-bin/dvrtview.exe?Modinfo=StationView&STATION_ID=836,1,DAILY_RECORDS,Mean daily discharge in CFS,Mean daily discharge in CFS,1.0,CFS,93,1932.0,2025.0
SEVIER,,848,SEVIER RIVER NEAR DELTA,3803,SEVIER RIVER NEAR DELTA,Stream,1.0,848,SEVIER RIVER,Observational,,DIGITAL,A,39.4006147920601,-112.498267097103,Scrape,Yes,https://waterrights.utah.gov/cgi-bin/dvrtview.exe?Modinfo=StationView&STATION_ID=848,1,DAILY_RECORDS,Mean daily discharge in CFS,Mean daily discharge in CFS,1.0,CFS,106,1915.0,2025.0
,,924,OGDEN CITY - TREATMENT PLANT INTAKE,,,Conveyance,,924,OGDEN RIVER,Observational,,,A,41.2543303259489,-111.847330239502,Manual,Yes,https://waterrights.utah.gov/cgi-bin/dvrtview.exe?Modinfo=StationView&STATION_ID=924,2,DAILY_RECORDS,MEAN daily discharge in CFS,Mean daily discharge in ACFT,1.98347107,CFS,21,1960.0,2024.0
,,960,BOX CREEK (NORTH DITCH),,,Conveyance,,960,SEVIER RIVER,Observational,,,I,,,,No,https://waterrights.utah.gov/cgi-bin/dvrtview.exe?Modinfo=StationView&STATION_ID=960,1,DAILY_RECORDS,Mean daily discharge in CFS,Mean daily discharge in CFS,1.0,CFS,17,1962.0,1983.0
,,961,BOX CREEK (SOUTH DITCH),,,Conveyance,,961,SEVIER RIVER,Observational,,,I,,,,No,https://waterrights.utah.gov/cgi-bin/dvrtview.exe?Modinfo=StationView&STATION_ID=961,1,DAILY_RECORDS,Mean daily discharge in CFS,Mean daily discharge in CFS,1.0,CFS,16,1962.0,1982.0
,,1100,M. V. HATCH,,,Conveyance,,1100,SEVIER RIVER,Observational,,,I,,,,Yes,https://waterrights.utah.gov/cgi-bin/dvrtview.exe?Modinfo=StationView&STATION_ID=1100,1,DAILY_RECORDS,Mean daily discharge in CFS,Mean daily discharge in CFS,1.0,CFS,50,1951.0,2014.0
STRAWBERRY,,1391,HIGHLINE CANAL- DELIVERY,10424,Highline Irrigation,Conveyance,1.0,1391,SPANISH FORK RIVER,Observational,RAMP FLUME,FLOWMETER,A,40.079170859451,-111.604040485925,Scrape,Yes,https://waterrights.utah.gov/cgi-bin/dvrtview.exe?Modinfo=StationView&STATION_ID=1391,1,DAILY_RECORDS,Mean daily discharge in CFS,Mean daily discharge in CFS,1.0,CFS,74,1950.0,2025.0
,,1392,SPRINGVILLE & MAPLETON PIPELINE-DELIVERY,,,Conveyance,,1392,SPANISH FORK RIVER,Observational,Gage and Rating Table,,I,40.0697720908474,-111.575610055389,,Yes,https://waterrights.utah.gov/cgi-bin/dvrtview.exe?Modinfo=StationView&STATION_ID=1392,1,DAILY_RECORDS,Mean daily discharge in CFS,Mean daily discharge in CFS,1.0,CFS,66,1950.0,2017.0
STRAWBERRY,,1393,LAKE SHORE CANAL-DELIVERY,10419,Lake Shore Irrigation,Conveyance,1.0,1393,SPANISH FORK RIVER,Observational,MACE AGRIFLOW METER IN PIPE,FLOWMETER,A,40.1125184055521,-111.698799539252,Manual,Yes,https://waterrights.utah.gov/cgi-bin/dvrtview.exe?Modinfo=StationView&STATION_ID=1393,1,DAILY_RECORDS,Mean daily discharge in CFS,Mean daily discharge in CFS,1.0,CFS,74,1950.0,2025.0
STRAWBERRY,,1394,EAST BENCH CANAL-DELIVERY,10432,East Bench,Conveyance,1.0,1394,SPANISH FORK RIVER,Observational,Gage and Rating Table,FLOWMETER,A,40.072354578429,-111.578852296035,Scrape,Yes,https://waterrights.utah.gov/cgi-bin/dvrtview.exe?Modinfo=StationView&STATION_ID=1394,1,DAILY_RECORDS,Mean daily discharge in CFS,Mean daily discharge in CFS,1.0,CFS,74,1950.0,2025.0
STRAWBERRY,,1395,SALEM CANAL-DELIVERY,10764,Salem Irrigation,Conveyance,1.0,1395,SPANISH FORK RIVER,Observational,4` CUTTHROAT FLUME,FLOWMETER,A,40.0802892722517,-111.605052510013,Scrape,Yes,https://waterrights.utah.gov/cgi-bin/dvrtview.exe?Modinfo=StationView&STATION_ID=1395,1,DAILY_RECORDS,Mean daily discharge in CFS,Mean daily discharge in CFS,1.0,CFS,74,1950.0,2025.0
STRAWBERRY,,1397,SOUTH FIELD CANAL-DELIVERY,10765,South Field Irrigation,Conveyance,1.0,1397,SPANISH FORK RIVER,Observational,4 FT CUTTHROAT FLUME,,A,40.0802844028425,-111.605060219624,Scrape,Yes,https://waterrights.utah.gov/cgi-bin/dvrtview.exe?Modinfo=StationView&STATION_ID=1397,1,DAILY_RECORDS,Mean daily discharge in CFS,Mean daily discharge in CFS,1.0,CFS,74,1950.0,2025.0
,,1458,CLINTON DITCH,,,Conveyance,,1458,SPANISH FORK RIVER,Observational,30 Inch Ramp Flume,,A,39.9290283350002,-111.571501665734,Manual,No,https://waterrights.utah.gov/cgi-bin/dvrtview.exe?Modinfo=StationView&STATION_ID=1458,1,DAILY_RECORDS,Mean daily discharge in CFS,Mean daily discharge in CFS,1.0,CFS,70,1950.0,2023.0
,,1460,SUNNY SLOPE DITCH (CLINTON DISTRICT),,,Conveyance,,1460,SPANISH FORK RIVER,Observational,Ramp Flume,,A,39.938275723904,-111.592665219484,Manual,No,https://waterrights.utah.gov/cgi-bin/dvrtview.exe?Modinfo=StationView&STATION_ID=1460,1,DAILY_RECORDS,Mean daily discharge in CFS,Mean daily discharge in CFS,1.0,CFS,70,1950.0,2023.0
,,1462,R. L. MITCHELL DITCH,,,Conveyance,,1462,SPANISH FORK RIVER,Observational,,,A,39.894342409946,-111.553835439929,Manual,No,https://waterrights.utah.gov/cgi-bin/dvrtview.exe?Modinfo=StationView&STATION_ID=1462,1,DAILY_RECORDS,Mean daily discharge in CFS,Mean daily discharge in CFS,1.0,CFS,65,1950.0,2023.0
,,1463,JACKSON CRAB DITCH,,,Conveyance,,1463,SPANISH FORK RIVER,Observational,,,A,39.9687226038716,-111.517498271127,Manual,No,https://waterrights.utah.gov/cgi-bin/dvrtview.exe?Modinfo=StationView&STATION_ID=1463,1,DAILY_RECORDS,Mean daily discharge in CFS,Mean daily discharge in CFS,1.0,CFS,34,1959.0,2023.0
,,1464,GARDNER KNOLL DITCH,,,Conveyance,,1464,SPANISH FORK RIVER,Observational,1 FOOT RAMP FLUME,,A,39.9252088786028,-111.565977738443,Manual,No,https://waterrights.utah.gov/cgi-bin/dvrtview.exe?Modinfo=StationView&STATION_ID=1464,1,DAILY_RECORDS,Mean daily discharge in CFS,Mean daily discharge in CFS,1.0,CFS,54,1953.0,2023.0
,,1466,MITCHELL DITCH,,,Conveyance,,1466,SPANISH FORK RIVER,Observational,1` Parshall flume down the ditch,,A,39.930486627652,-111.58139516253,Manual,No,https://waterrights.utah.gov/cgi-bin/dvrtview.exe?Modinfo=StationView&STATION_ID=1466,1,DAILY_RECORDS,Mean daily discharge in CFS,Mean daily discharge in CFS,1.0,CFS,68,1950.0,2023.0
,,1468,UPPER JONES DITCH,,,Conveyance,,1468,SPANISH FORK RIVER,Observational,"None, Estimated by Commissioner",,A,39.8709790843495,-111.571033453261,Manual,No,https://waterrights.utah.gov/cgi-bin/dvrtview.exe?Modinfo=StationView&STATION_ID=1468,1,DAILY_RECORDS,Mean daily discharge in CFS,Mean daily discharge in CFS,1.0,CFS,68,1950.0,2023.0
,,1469,LOWER JONES DITCH,,,Conveyance,,1469,SPANISH FORK RIVER,Observational,Cipoletti Weir,,A,39.8757765123803,-111.563953604656,Manual,No,https://waterrights.utah.gov/cgi-bin/dvrtview.exe?Modinfo=StationView&STATION_ID=1469,1,DAILY_RECORDS,Mean daily discharge in CFS,Mean daily discharge in CFS,1.0,CFS,67,1950.0,2023.0
,,1471,SANTAQUIN DITCH,,,Conveyance,,1471,SPANISH FORK RIVER,Observational,,,A,39.8822537947803,-111.556215958494,Manual,No,https://waterrights.utah.gov/cgi-bin/dvrtview.exe?Modinfo=StationView&STATION_ID=1471,1,DAILY_RECORDS,Mean daily discharge in CFS,Mean daily discharge in CFS,1.0,CFS,68,1950.0,2023.0
,,1472,MORRISON DITCH,,,Conveyance,,1472,SPANISH FORK RIVER,Observational,"None, mostly return flows",,A,39.8840367278066,-111.555364622879,Manual,No,https://waterrights.utah.gov/cgi-bin/dvrtview.exe?Modinfo=StationView&STATION_ID=1472,1,DAILY_RECORDS,Mean daily discharge in CFS,Mean daily discharge in CFS,1.0,CFS,59,1950.0,2023.0
,,1474,LEWIS DITCHES,,,Conveyance,,1474,SPANISH FORK RIVER,Observational,,,A,39.9677728701798,-111.212442870164,Manual,No,https://waterrights.utah.gov/cgi-bin/dvrtview.exe?Modinfo=StationView&STATION_ID=1474,1,DAILY_RECORDS,Mean daily discharge in CFS,Mean daily discharge in CFS,1.0,CFS,56,1950.0,2023.0
,,1477,LEVANGER DITCH,,,Conveyance,,1477,SPANISH FORK RIVER,Observational,,,A,40.0412734185411,-111.480309766034,Manual,No,https://waterrights.utah.gov/cgi-bin/dvrtview.exe?Modinfo=StationView&STATION_ID=1477,1,DAILY_RECORDS,Mean daily discharge in CFS,Mean daily discharge in CFS,1.0,CFS,46,1950.0,2023.0
,,1478,HUNTER DITCH,,,Conveyance,,1478,SPANISH FORK RIVER,Observational,,,A,39.9670311899109,-111.458841857365,Manual,No,https://waterrights.utah.gov/cgi-bin/dvrtview.exe?Modinfo=StationView&STATION_ID=1478,1,DAILY_RECORDS,Mean daily discharge in CFS,Mean daily discharge in CFS,1.0,CFS,46,1956.0,2023.0
,,1480,HAYES DITCH,,,Conveyance,,1480,SPANISH FORK RIVER,Observational,Not Yet,,A,40.0377273297522,-111.489358319352,Manual,No,https://waterrights.utah.gov/cgi-bin/dvrtview.exe?Modinfo=StationView&STATION_ID=1480,1,DAILY_RECORDS,Mean daily discharge in CFS,Mean daily discharge in CFS,1.0,CFS,56,1950.0,2023.0
,,1483,ELIAS GARDNER DITCH,,,Conveyance,,1483,SPANISH FORK RIVER,Observational,,,A,39.8943329487171,-111.553831842973,Manual,No,https://waterrights.utah.gov/cgi-bin/dvrtview.exe?Modinfo=StationView&STATION_ID=1483,1,DAILY_RECORDS,Mean daily discharge in CFS,Mean daily discharge in CFS,1.0,CFS,41,1953.0,2023.0
,,1487,COVERED BRIDGE CANYON PROPERTY OWNERS` ASSN,,,Conveyance,,1487,SPANISH FORK RIVER,Observational,TOTALIZING METER,,I,,,,No,https://waterrights.utah.gov/cgi-bin/dvrtview.exe?Modinfo=StationView&STATION_ID=1487,1,DAILY_RECORDS,Mean daily discharge in CFS,Mean daily discharge in CFS,1.0,CFS,15,1995.0,2017.0
,,1523,MILL RACE DELIVERY - SPANISH FORK CITY,,,Conveyance,,1523,SPANISH FORK RIVER,Observational,Gage and Rating Table,,A,40.0806293154255,-111.606361430677,Manual,Yes,https://waterrights.utah.gov/cgi-bin/dvrtview.exe?Modinfo=StationView&STATION_ID=1523,1,DAILY_RECORDS,Mean daily discharge in CFS,Mean daily discharge in CFS,1.0,CFS,67,1950.0,2023.0
,,1524,MILL RACE DELIVERY - SOUTHEAST IRR. CO.,,,Conveyance,,1524,SPANISH FORK RIVER,Observational,Gage and Rating Table,,A,40.0905387864684,-111.64164610832,Manual,No,https://waterrights.utah.gov/cgi-bin/dvrtview.exe?Modinfo=StationView&STATION_ID=1524,1,DAILY_RECORDS,Mean daily discharge in CFS,Mean daily discharge in CFS,1.0,CFS,70,1950.0,2024.0
STRAWBERRY,,1525,MILL RACE AT WIKIUP,10408,West Field Irrigation,Conveyance,1.0,1525,SPANISH FORK RIVER,Observational,10 FT RAMP FLUME,FLOWMETER,A,40.104153420325,-111.655844498704,Scrape,Yes,https://waterrights.utah.gov/cgi-bin/dvrtview.exe?Modinfo=StationView&STATION_ID=1525,1,DAILY_RECORDS,Mean daily discharge in CFS,Mean daily discharge in CFS,1.0,CFS,71,1950.0,2025.0
,,1528,SPANISH FORK CITY - COLD SPRINGS,,,Conveyance,,1528,SPANISH FORK RIVER,Observational,,,A,39.9782235899146,-111.557887321954,Manual,No,https://waterrights.utah.gov/cgi-bin/dvrtview.exe?Modinfo=StationView&STATION_ID=1528,2,DAILY_RECORDS,MEAN daily discharge in CFS,Mean daily discharge in ACFT,1.98347107,CFS,60,1961.0,2023.0
DUCHESNE,,1541,060 BIG SPRINGS,8429,060 BIG SPRINGS Contributes to Rhoades Canal,Conveyance,4.0,1541,DUCHESNE RIVER,Observational,Meter,FLOWMETER,A,40.4774058221567,-110.826618351109,Scrape,Yes,https://waterrights.utah.gov/cgi-bin/dvrtview.exe?Modinfo=StationView&STATION_ID=1541,1,DAILY_RECORDS,Mean daily discharge in CFS,Mean daily discharge in CFS,1.0,CFS,26,1994.0,2025.0
DUCHESNE,,1551,200 HICKEN DITCH,8618,HICKEN DITCH,Conveyance,3.0,1551,DUCHESNE RIVER,Observational,Gage & Estimate,DIGITAL,A,40.347051478516,-110.702992365512,Scrape,Yes,https://waterrights.utah.gov/cgi-bin/dvrtview.exe?Modinfo=StationView&STATION_ID=1551,1,DAILY_RECORDS,Mean daily discharge in CFS,Mean daily discharge in CFS,1.0,CFS,36,1990.0,2025.0
DUCHESNE,,1556,260 JONES DITCH,8641,Jones,Conveyance,5.0,1556,DUCHESNE RIVER,Observational,Gage & Estimate,DIGITAL,A,40.3005209357503,-110.560231515237,Scrape,Yes,https://waterrights.utah.gov/cgi-bin/dvrtview.exe?Modinfo=StationView&STATION_ID=1556,1,DAILY_RECORDS,Mean daily discharge in CFS,Mean daily discharge in CFS,1.0,CFS,28,1994.0,2025.0
,,1601,LITTLE DEER CREEK NEAR MOUTH,,,Stream,,1601,PROVO RIVER,Observational,,,I,,,Manual,Yes,https://waterrights.utah.gov/cgi-bin/dvrtview.exe?Modinfo=StationView&STATION_ID=1601,1,DAILY_RECORDS,Mean daily discharge in CFS,Mean daily discharge in CFS,1.0,CFS,11,1975.0,2018.0
,,1646,COTTONWOOD CK 2 MI ABOVE SAN RAFEAL RIV,,,,,1646,COTTONWOOD CREEK,Observational,,,I,,,,,https://waterrights.utah.gov/cgi-bin/dvrtview.exe?Modinfo=StationView&STATION_ID=1646,1,DAILY_RECORDS,Mean daily discharge in CFS,Mean daily discharge in CFS,1.0,CFS,7,1980.0,1986.0
,,1651,PRICE RIVER AT HEINER,,,Stream,1.0,1651,PRICE RIVER,Observational,,,I,39.7169305376518,-110.867068347455,Manual,No,https://waterrights.utah.gov/cgi-bin/dvrtview.exe?Modinfo=StationView&STATION_ID=1651,1,DAILY_RECORDS,Mean daily discharge in CFS,Mean daily discharge in CFS,1.0,CFS,11,1982.0,2022.0
LBEAR,,1685,T04 LEE REESE,AAF,"T04 -, Radio - 206 Gravel Pit",Conveyance,1.0,1685,LOWER BEAR RIVER,Observational,Ultrasonic Flow Sensor,FLOWMETER,A,41.8016757812788,-111.89949081483,Direct,Yes,https://waterrights.utah.gov/cgi-bin/dvrtview.exe?Modinfo=StationView&STATION_ID=1685,1,DAILY_RECORDS,Mean daily discharge in CFS,Mean daily discharge in CFS,1.0,CFS,36,1989.0,2024.0
LBEAR,,1689,01  PITCHER PUMP,AL,"01 -, Radio - 202 UP&L",Conveyance,1.0,1689,LOWER BEAR RIVER,Observational,Ultrasonic Flow Meter,FLOWMETER,A,41.9485028930523,-111.946098376447,Direct,Yes,https://waterrights.utah.gov/cgi-bin/dvrtview.exe?Modinfo=StationView&STATION_ID=1689,1,DAILY_RECORDS,Mean daily discharge in CFS,Mean daily discharge in CFS,1.0,CFS,36,1989.0,2024.0
LBEAR,,1690,02  MUNK JORGENSEN PUMP CO.,AEe,"02 & 05 & 06 -, Radio - 204 Munk",Conveyance,2.0,1690,LOWER BEAR RIVER,Observational,Ultrasonic Flow Sensor,FLOWMETER,A,41.8231815712239,-111.903803544366,Direct,Yes,https://waterrights.utah.gov/cgi-bin/dvrtview.exe?Modinfo=StationView&STATION_ID=1690,1,DAILY_RECORDS,Mean daily discharge in CFS,Mean daily discharge in CFS,1.0,CFS,36,1989.0,2024.0
LBEAR,,1691,03  PAUL CARDON,AACb,03 - Done; Radio - 203 Falslev,Conveyance,1.0,1691,LOWER BEAR RIVER,Observational,Ultrasonic Flow Sensor,FLOWMETER,A,41.8145869127427,-111.943218460973,Direct,Yes,https://waterrights.utah.gov/cgi-bin/dvrtview.exe?Modinfo=StationView&STATION_ID=1691,1,DAILY_RECORDS,Mean daily discharge in CFS,Mean daily discharge in CFS,1.0,CFS,28,1989.0,2024.0
LBEAR,,1692,04  WEST CACHE IRR. CO. PUMP,AAp,"04, 60A -, Radio - 206 Gravel Pit",Conveyance,1.0,1692,LOWER BEAR RIVER,Observational,Ultrasonic Flow Meter,FLOWMETER,A,41.8523078812427,-111.887316172837,Direct,Yes,https://waterrights.utah.gov/cgi-bin/dvrtview.exe?Modinfo=StationView&STATION_ID=1692,1,DAILY_RECORDS,Mean daily discharge in CFS,Mean daily discharge in CFS,1.0,CFS,35,1989.0,2025.0
LBEAR,,1693,05  BOB MUNK,AEe,"02 & 05 & 06 -, Radio - 204 Munk",Conveyance,3.0,1693,LOWER BEAR RIVER,Observational,Ultrasonic Flow Sensor,FLOWMETER,A,41.8231666818405,-111.903841457641,Direct,Yes,https://waterrights.utah.gov/cgi-bin/dvrtview.exe?Modinfo=StationView&STATION_ID=1693,1,DAILY_RECORDS,Mean daily discharge in CFS,Mean daily discharge in CFS,1.0,CFS,36,1989.0,2024.0
LBEAR,,1695,06A  THAIN DAIRY,AEe,"02 & 05 & 06 -, Radio - 204 Munk",Conveyance,1.0,1695,LOWER BEAR RIVER,Observational,Ultrasonic Flow Sensor,FLOWMETER,A,41.8231363962732,-111.903835179633,Direct,Yes,https://waterrights.utah.gov/cgi-bin/dvrtview.exe?Modinfo=StationView&STATION_ID=1695,1,DAILY_RECORDS,Mean daily discharge in CFS,Mean daily discharge in CFS,1.0,CFS,36,1989.0,2024.0
LBEAR,,1696,"07  MUNK, TARBET, FISHER",Ae,07; Radio- 202 Up&l,Conveyance,1.0,1696,LOWER BEAR RIVER,Observational,Ultrasonic flow sensor,FLOWMETER,A,41.8342497403135,-111.896336842356,Direct,Yes,https://waterrights.utah.gov/cgi-bin/dvrtview.exe?Modinfo=StationView&STATION_ID=1696,1,DAILY_RECORDS,Mean daily discharge in CFS,Mean daily discharge in CFS,1.0,CFS,37,1989.0,2025.0
LBEAR,,1697,08  REESE-BALLARD,AEl,"08 & 08A -, Radio - 204 Munk",Conveyance,1.0,1697,LOWER BEAR RIVER,Observational,Ultrasonic Flow Sensor,FLOWMETER,A,41.8069046721732,-111.900953806679,Direct,Yes,https://waterrights.utah.gov/cgi-bin/dvrtview.exe?Modinfo=StationView&STATION_ID=1697,1,DAILY_RECORDS,Mean daily discharge in CFS,Mean daily discharge in CFS,1.0,CFS,37,1989.0,2025.0
LBEAR,,1698,09  JOHN ALLEN,AEk,09 -  Radio - 204 Munk,Conveyance,1.0,1698,LOWER BEAR RIVER,Observational,Ultrasonic Flow Sensor,FLOWMETER,A,41.8094867101402,-111.901596497755,Direct,Yes,https://waterrights.utah.gov/cgi-bin/dvrtview.exe?Modinfo=StationView&STATION_ID=1698,1,DAILY_RECORDS,Mean daily discharge in CFS,Mean daily discharge in CFS,1.0,CFS,37,1989.0,2025.0
LBEAR,,1699,10  BALLARD PUMP,AEm,"10 & 10A -, Radio - 204 Munk",Conveyance,1.0,1699,LOWER BEAR RIVER,Observational,Ultrasonic Flow Sensor,FLOWMETER,A,41.8026567850587,-111.910574472341,Direct,Yes,https://waterrights.utah.gov/cgi-bin/dvrtview.exe?Modinfo=StationView&STATION_ID=1699,1,DAILY_RECORDS,Mean daily discharge in CFS,Mean daily discharge in CFS,1.0,CFS,37,1989.0,2025.0
LBEAR,,1700,10A LANNY BALLARD,AEm,"10 & 10A -, Radio - 204 Munk",Conveyance,2.0,1700,LOWER BEAR RIVER,Observational,Ultrasonic Flow Sensor,FLOWMETER,A,41.8027647553689,-111.909442578729,Direct,Yes,https://waterrights.utah.gov/cgi-bin/dvrtview.exe?Modinfo=StationView&STATION_ID=1700,1,DAILY_RECORDS,Mean daily discharge in CFS,Mean daily discharge in CFS,1.0,CFS,37,1989.0,2025.0
LBEAR,,1701,11  BENSON-BEAR LAKE IRR. CO.,AAI,11 -; Radio - 206 Gravel Pit,Conveyance,1.0,1701,LOWER BEAR RIVER,Observational,18 inch Parshall Flume,STAGE,A,41.7921035275979,-111.924651198693,Direct,Yes,https://waterrights.utah.gov/cgi-bin/dvrtview.exe?Modinfo=StationView&STATION_ID=1701,1,DAILY_RECORDS,Mean daily discharge in CFS,Mean daily discharge in CFS,1.0,CFS,37,1989.0,2025.0
LBEAR,,1704,11C JIM WATTERSON,AACf,"30, 11C - Radio - 203 Falslev",Conveyance,2.0,1704,LOWER BEAR RIVER,Observational,Ultra Sonic Flow Sensor,FLOWMETER,A,41.7969756760669,-111.949484112905,Direct,Yes,https://waterrights.utah.gov/cgi-bin/dvrtview.exe?Modinfo=StationView&STATION_ID=1704,1,DAILY_RECORDS,Mean daily discharge in CFS,Mean daily discharge in CFS,1.0,CFS,37,1989.0,2025.0
LBEAR,,1706,12  KING IRRIGATION CO.,AEh,"12 -, Radio - 204 Munk",Conveyance,1.0,1706,LOWER BEAR RIVER,Observational,Ultrasonic Flow Sensor,FLOWMETER,A,41.8219653513234,-111.896654693712,Direct,Yes,https://waterrights.utah.gov/cgi-bin/dvrtview.exe?Modinfo=StationView&STATION_ID=1706,1,DAILY_RECORDS,Mean daily discharge in CFS,Mean daily discharge in CFS,1.0,CFS,36,1989.0,2024.0
LBEAR,,1707,13B SPACKMAN-GIBBONS,AAj,"13 & 13A -, Radio - 206 Gravel Pit",Conveyance,3.0,1707,LOWER BEAR RIVER,Observational,Ultrasonic Flow Sensor,FLOWMETER,A,41.9079865224811,-111.894799544414,Direct,Yes,https://waterrights.utah.gov/cgi-bin/dvrtview.exe?Modinfo=StationView&STATION_ID=1707,1,DAILY_RECORDS,Mean daily discharge in CFS,Mean daily discharge in CFS,1.0,CFS,37,1989.0,2025.0
,,1709,05A HOFFMAN,,,Conveyance,,1709,LOWER BEAR RIVER,Observational,PUMP NO LONGER IN USE,,I,41.829116103523,-111.905234852265,Manual,No,https://waterrights.utah.gov/cgi-bin/dvrtview.exe?Modinfo=StationView&STATION_ID=1709,1,DAILY_RECORDS,Mean daily discharge in CFS,Mean daily discharge in CFS,1.0,CFS,24,1989.0,2021.0
LBEAR,,1711,14A LARRY PITCHER,AAd,"14, 14A, 14B - Radio - 206 Gravel Pit",Conveyance,3.0,1711,LOWER BEAR RIVER,Observational,Ultrasonic Flow Sensor,FLOWMETER,A,41.9436274253538,-111.940467688904,Direct,Yes,https://waterrights.utah.gov/cgi-bin/dvrtview.exe?Modinfo=StationView&STATION_ID=1711,1,DAILY_RECORDS,Mean daily discharge in CFS,Mean daily discharge in CFS,1.0,CFS,36,1989.0,2024.0
LBEAR,,1713,15A LARRY FALSLEV,AACc,"15A - Done, Radio - 203 Falslev",Conveyance,1.0,1713,LOWER BEAR RIVER,Observational,Ultrasonic Flow Sensor,FLOWMETER,I,41.8085162469331,-111.935346583115,Direct,Yes,https://waterrights.utah.gov/cgi-bin/dvrtview.exe?Modinfo=StationView&STATION_ID=1713,1,DAILY_RECORDS,Mean daily discharge in CFS,Mean daily discharge in CFS,1.0,CFS,35,1989.0,2024.0
LBEAR,,1714,16  MIKE FALSLEV (PREVIOUS: RULON FALSEV),AACd,"15, 15B, 16 - Done, Radio - 203 Falslev",Conveyance,1.0,1714,LOWER BEAR RIVER,Observational,Ultrasonic Flow Sensor,FLOWMETER,A,41.8089802678297,-111.929088671112,Direct,Yes,https://waterrights.utah.gov/cgi-bin/dvrtview.exe?Modinfo=StationView&STATION_ID=1714,1,DAILY_RECORDS,Mean daily discharge in CFS,Mean daily discharge in CFS,1.0,CFS,37,1989.0,2025.0
LBEAR,,1715,17B STEVEN BODILY,AAg,"17B - Done, Radio - 206 Gravel Pit",Conveyance,1.0,1715,LOWER BEAR RIVER,Observational,Ultrasonic Flow Sensor,FLOWMETER,A,41.9327940341942,-111.928813642288,Direct,Yes,https://waterrights.utah.gov/cgi-bin/dvrtview.exe?Modinfo=StationView&STATION_ID=1715,1,DAILY_RECORDS,Mean daily discharge in CFS,Mean daily discharge in CFS,1.0,CFS,37,1989.0,2025.0
LBEAR,,1716,18  SMITHFIELD WEST BENCH,AAm,"18 & 20, Radio - 206 Gravel Pit",Conveyance,1.0,1716,LOWER BEAR RIVER,Observational,Ultrasonic Flow Sensor,FLOWMETER,A,41.8684261702666,-111.879939961192,Direct,Yes,https://waterrights.utah.gov/cgi-bin/dvrtview.exe?Modinfo=StationView&STATION_ID=1716,1,DAILY_RECORDS,Mean daily discharge in CFS,Mean daily discharge in CFS,1.0,CFS,36,1989.0,2024.0
LBEAR,,1719,20  ESTANCIA LLC - WALT YOUNG (PREVIOUS: COE LARKIN),AAm,"18 & 20, Radio - 206 Gravel Pit",Conveyance,2.0,1719,LOWER BEAR RIVER,Observational,Ultrasonic Flow Sensor,FLOWMETER,A,41.868427658963,-111.8799431507,Direct,Yes,https://waterrights.utah.gov/cgi-bin/dvrtview.exe?Modinfo=StationView&STATION_ID=1719,1,DAILY_RECORDS,Mean daily discharge in CFS,Mean daily discharge in CFS,1.0,CFS,36,1989.0,2024.0
LBEAR,,1720,21  MARCHANT PUMP,AAl,"21 -, Radio - 206 Gravel Pit",Conveyance,1.0,1720,LOWER BEAR RIVER,Observational,Ultrasonic Flow Sensor,FLOWMETER,A,41.8804639766129,-111.870023475196,Direct,Yes,https://waterrights.utah.gov/cgi-bin/dvrtview.exe?Modinfo=StationView&STATION_ID=1720,1,DAILY_RECORDS,Mean daily discharge in CFS,Mean daily discharge in CFS,1.0,CFS,35,1989.0,2024.0
LBEAR,,1721,22  LARRY FALSLEV,AO,"22, Radio - 202 UP&L",Conveyance,1.0,1721,LOWER BEAR RIVER,Observational,Ultrasonic Flow Sensor,FLOWMETER,A,41.7966740239493,-111.919937110443,Direct,Yes,https://waterrights.utah.gov/cgi-bin/dvrtview.exe?Modinfo=StationView&STATION_ID=1721,1,DAILY_RECORDS,Mean daily discharge in CFS,Mean daily discharge in CFS,1.0,CFS,36,1989.0,2024.0
LBEAR,,1723,24  CHARLES WOOD,AAH,24 -; Radio - 206 Gravel Pit,Conveyance,1.0,1723,LOWER BEAR RIVER,Observational,Ultrasonic Flow Sensor,FLOWMETER,A,41.9289886518852,-111.928125538102,Direct,Yes,https://waterrights.utah.gov/cgi-bin/dvrtview.exe?Modinfo=StationView&STATION_ID=1723,1,DAILY_RECORDS,Mean daily discharge in CFS,Mean daily discharge in CFS,1.0,CFS,36,1989.0,2025.0
LBEAR,,1724,25  WILLARD / JAY PITCHER,AAf,"25, 25A -, Radio - 206 Gravel Pit",Conveyance,1.0,1724,LOWER BEAR RIVER,Observational,Ultrasonic Flow Sensor,FLOWMETER,A,41.937185025183,-111.940117232474,Direct,Yes,https://waterrights.utah.gov/cgi-bin/dvrtview.exe?Modinfo=StationView&STATION_ID=1724,1,DAILY_RECORDS,Mean daily discharge in CFS,Mean daily discharge in CFS,1.0,CFS,36,1989.0,2024.0
LBEAR,,1732,32  USU,Am,"32 -, Radio - 202 UP&L",Conveyance,1.0,1732,LOWER BEAR RIVER,Observational,Ultrasonic Flow Sensor,FLOWMETER,A,41.8260759433422,-111.984798395896,Direct,Yes,https://waterrights.utah.gov/cgi-bin/dvrtview.exe?Modinfo=StationView&STATION_ID=1732,1,DAILY_RECORDS,Mean daily discharge in CFS,Mean daily discharge in CFS,1.0,CFS,37,1989.0,2025.0
LBEAR,,1733,31  USU,Al,"31 -, Radio - 202 UP&L",Conveyance,1.0,1733,LOWER BEAR RIVER,Observational,Ultrasonic Flow Sensor,FLOWMETER,A,41.8303802285087,-111.988437300562,Direct,Yes,https://waterrights.utah.gov/cgi-bin/dvrtview.exe?Modinfo=StationView&STATION_ID=1733,1,DAILY_RECORDS,Mean daily discharge in CFS,Mean daily discharge in CFS,1.0,CFS,37,1989.0,2025.0
LBEAR,,1734,33  LARRY FALSLEV,AACJ,"33 -, Radio - 203 Falslev",Conveyance,1.0,1734,LOWER BEAR RIVER,Observational,Ultrasonic Flow Sensor,FLOWMETER,A,41.8000169719077,-111.910055583979,Direct,Yes,https://waterrights.utah.gov/cgi-bin/dvrtview.exe?Modinfo=StationView&STATION_ID=1734,1,DAILY_RECORDS,Mean daily discharge in CFS,Mean daily discharge in CFS,1.0,CFS,37,1989.0,2025.0
LBEAR,,1736,35  VALJAY RIGBY,Ah,"35, 55A - Radio - 202 UP&L",Conveyance,2.0,1736,LOWER BEAR RIVER,Observational,Ultrasonic Flow Sensor,FLOWMETER,A,41.8271312444804,-111.96121436138,Direct,Yes,https://waterrights.utah.gov/cgi-bin/dvrtview.exe?Modinfo=StationView&STATION_ID=1736,1,DAILY_RECORDS,Mean daily discharge in CFS,Mean daily discharge in CFS,1.0,CFS,35,1990.0,2024.0
LBEAR,,1737,37  BULLEN FARMS,Ao,37 - Radio - 202 UP&L,Conveyance,1.0,1737,LOWER BEAR RIVER,Observational,Ultrasonic Flow Sensor,FLOWMETER,A,41.8245611240124,-111.964613997156,Direct,Yes,https://waterrights.utah.gov/cgi-bin/dvrtview.exe?Modinfo=StationView&STATION_ID=1737,1,DAILY_RECORDS,Mean daily discharge in CFS,Mean daily discharge in CFS,1.0,CFS,37,1989.0,2025.0
LBEAR,,1744,43  BULLEN FARMS,AACH,"43 - Done, Radio - 203 Falslev",Conveyance,1.0,1744,LOWER BEAR RIVER,Observational,Ultrasonic Flow Sensor,FLOWMETER,A,41.7936534116664,-111.960963992507,Direct,Yes,https://waterrights.utah.gov/cgi-bin/dvrtview.exe?Modinfo=StationView&STATION_ID=1744,1,DAILY_RECORDS,Mean daily discharge in CFS,Mean daily discharge in CFS,1.0,CFS,37,1989.0,2025.0
LBEAR,,1745,44CR  DAVID DORIUS,AAL,44 - Radio - 206 Gravel Pit,Conveyance,2.0,1745,LOWER BEAR RIVER,Observational,Ultrasonic Flow Sensor,FLOWMETER,A,41.9722438217837,-111.930664532258,Direct,Yes,https://waterrights.utah.gov/cgi-bin/dvrtview.exe?Modinfo=StationView&STATION_ID=1745,1,DAILY_RECORDS,Mean daily discharge in CFS,Mean daily discharge in CFS,1.0,CFS,37,1989.0,2025.0
LBEAR,,1748,47  RICH (SOUTH PUMP),AAk,"47 -, Radio - 206 Gravel Pit",Conveyance,1.0,1748,LOWER BEAR RIVER,Observational,Dynasonic Flow Sensor,FLOWMETER,A,41.8889447873761,-111.869543398581,Direct,Yes,https://waterrights.utah.gov/cgi-bin/dvrtview.exe?Modinfo=StationView&STATION_ID=1748,1,DAILY_RECORDS,Mean daily discharge in CFS,Mean daily discharge in CFS,1.0,CFS,37,1989.0,2025.0
LBEAR,,1749,50  BOB MUNK,AAG,50 -;  Radio 206 Gravel,Conveyance,1.0,1749,LOWER BEAR RIVER,Observational,Ultrasonic Flow Sensor,FLOWMETER,A,41.8306846209272,-111.940528666054,Direct,Yes,https://waterrights.utah.gov/cgi-bin/dvrtview.exe?Modinfo=StationView&STATION_ID=1749,1,DAILY_RECORDS,Mean daily discharge in CFS,Mean daily discharge in CFS,1.0,CFS,37,1989.0,2025.0
LBEAR,,1754,54  USU,An,"54 -, Radio - 202 UP&L",Conveyance,1.0,1754,LOWER BEAR RIVER,Observational,Ultrasonic Flow Sensor,FLOWMETER,A,41.8247213341994,-111.970594028364,Direct,Yes,https://waterrights.utah.gov/cgi-bin/dvrtview.exe?Modinfo=StationView&STATION_ID=1754,1,DAILY_RECORDS,Mean daily discharge in CFS,Mean daily discharge in CFS,1.0,CFS,37,1989.0,2025.0
LBEAR,,1755,55A TODD BALLARD,Ah,"35, 55A - Radio - 202 UP&L",Conveyance,1.0,1755,LOWER BEAR RIVER,Observational,Ultrasonic Flow Sensor,FLOWMETER,A,41.8271770129199,-111.961093229132,Direct,Yes,https://waterrights.utah.gov/cgi-bin/dvrtview.exe?Modinfo=StationView&STATION_ID=1755,1,DAILY_RECORDS,Mean daily discharge in CFS,Mean daily discharge in CFS,1.0,CFS,34,1989.0,2024.0
,,1763,44A WEEKS,,,Conveyance,,1763,LOWER BEAR RIVER,Observational,,,A,41.9722238256491,-111.930628057369,Manual,No,https://waterrights.utah.gov/cgi-bin/dvrtview.exe?Modinfo=StationView&STATION_ID=1763,1,DAILY_RECORDS,Mean daily discharge in CFS,Mean daily discharge in CFS,1.0,CFS,31,1990.0,2024.0
LBEAR,,1768,T09 SKIDMORE,AAa,"T09 - Done, Radio - 206 Gravel Pit",Conveyance,1.0,1768,LOWER BEAR RIVER,Observational,Ultrasonic Flow Sensor,FLOWMETER,A,41.9105309803225,-111.875317923068,Direct,Yes,https://waterrights.utah.gov/cgi-bin/dvrtview.exe?Modinfo=StationView&STATION_ID=1768,1,DAILY_RECORDS,Mean daily discharge in CFS,Mean daily discharge in CFS,1.0,CFS,33,1989.0,2025.0
LBEAR,,1770,T09A BRAYDEN & PAM SPACKMAN FARM,AAP,"T09A -, Radio - 206 Crow Mt.",Conveyance,1.0,1770,LOWER BEAR RIVER,Observational,Ultrasonic Flow Sensor,FLOWMETER,A,41.9192387686495,-111.87161126502,Direct,Yes,https://waterrights.utah.gov/cgi-bin/dvrtview.exe?Modinfo=StationView&STATION_ID=1770,1,DAILY_RECORDS,Mean daily discharge in CFS,Mean daily discharge in CFS,1.0,CFS,33,1989.0,2025.0
LBEAR,,1772,T10 SPACKMAN BROTHERS (PREVIOUSLY: W.D.C.I.),AAb,"T10 - Done, Radio - 206 Crow Mt.",Conveyance,1.0,1772,LOWER BEAR RIVER,Observational,Ultrasonic Flow Sensor,FLOWMETER,A,41.9106052247177,-111.874971386036,Direct,Yes,https://waterrights.utah.gov/cgi-bin/dvrtview.exe?Modinfo=StationView&STATION_ID=1772,1,DAILY_RECORDS,Mean daily discharge in CFS,Mean daily discharge in CFS,1.0,CFS,26,2000.0,2025.0
LBEAR,,1774,T12 CHRIS ALLEN,AAA,T12 - Radio- 206 Crow Mt,Conveyance,1.0,1774,LOWER BEAR RIVER,Observational,Ultrasonic Flow Sensor,FLOWMETER,A,41.9904555103046,-111.810102151978,Direct,Yes,https://waterrights.utah.gov/cgi-bin/dvrtview.exe?Modinfo=StationView&STATION_ID=1774,1,DAILY_RECORDS,Mean daily discharge in CFS,Mean daily discharge in CFS,1.0,CFS,23,2001.0,2024.0
LBEAR,,1775,T13 REED SNYDER,AAJ,"T13 -, Radio - 206 Gravel PIt",Conveyance,1.0,1775,LOWER BEAR RIVER,Observational,On/Off Pressure Sensor,ONOFF,A,41.9910205008431,-111.839891902332,Direct,Yes,https://waterrights.utah.gov/cgi-bin/dvrtview.exe?Modinfo=StationView&STATION_ID=1775,1,DAILY_RECORDS,Mean daily discharge in CFS,Mean daily discharge in CFS,1.0,CFS,32,1991.0,2024.0
BEAR_UPL,,1862,00  HAMMOND,East Wheelon Canal (,East Wheelon Canal (CFS),Conveyance,1.0,1862,LOWER BEAR RIVER,Observational,,DIGITAL,A,41.831740087336,-112.057075371899,Scrape,Yes,https://waterrights.utah.gov/cgi-bin/dvrtview.exe?Modinfo=StationView&STATION_ID=1862,1,DAILY_RECORDS,Mean daily discharge in CFS,Mean daily discharge in CFS,1.0,CFS,38,1957.0,2025.0
BEAR_UPL,,1863,00  WESTSIDE,West Wheelon Canal (,West Wheelon Canal (CFS),Conveyance,1.0,1863,LOWER BEAR RIVER,Observational,,DIGITAL,A,41.8317415341018,-112.057075732904,Scrape,Yes,https://waterrights.utah.gov/cgi-bin/dvrtview.exe?Modinfo=StationView&STATION_ID=1863,1,DAILY_RECORDS,Mean daily discharge in CFS,Mean daily discharge in CFS,1.0,CFS,37,1989.0,2025.0
USGS,,1883,SEVIER RIVER NEAR KINGSTON - USGS,10183500,Sevier River near Kingston,Stream,1.0,1883,SEVIER RIVER,Observational,,DIGITAL,A,38.2059792669257,-112.207757934934,Scrape,Yes,https://waterrights.utah.gov/cgi-bin/dvrtview.exe?Modinfo=StationView&STATION_ID=1883,1,DAILY_RECORDS,Mean daily discharge in CFS,Mean daily discharge in CFS,1.0,CFS,88,1938.0,2025.0
,,1895,TROPIC & EAST FORK CANAL,,,Conveyance,,1895,SEVIER RIVER,Observational,,,I,37.6508264979959,-112.225577026596,,Yes,https://waterrights.utah.gov/cgi-bin/dvrtview.exe?Modinfo=StationView&STATION_ID=1895,1,DAILY_RECORDS,Mean daily discharge in CFS,Mean daily discharge in CFS,1.0,CFS,62,1939.0,2018.0
BEAR_UPL,,1901,00  COLLINSTON,Bear R. At Collinsto,Bear R. At Collinston (CFS),Stream,1.0,1901,LOWER BEAR RIVER,Observational,Stage Recorder,DIGITAL,A,41.8341044306361,-112.055257857112,Scrape,Yes,https://waterrights.utah.gov/cgi-bin/dvrtview.exe?Modinfo=StationView&STATION_ID=1901,1,DAILY_RECORDS,Mean daily discharge in CFS,Mean daily discharge in CFS,1.0,CFS,37,1989.0,2025.0
,,1912,SAN PITCH RIVER NEAR GUNNISON,,,Stream,,1912,SEVIER RIVER,Observational,,,I,39.1496418335802,-111.851074562452,,Yes,https://waterrights.utah.gov/cgi-bin/dvrtview.exe?Modinfo=StationView&STATION_ID=1912,1,DAILY_RECORDS,Mean daily discharge in CFS,Mean daily discharge in CFS,1.0,CFS,40,1965.0,2017.0
,,1925,SPRING HILL DITCH,,,Conveyance,,1925,SEVIER RIVER,Observational,,,I,,,,No,https://waterrights.utah.gov/cgi-bin/dvrtview.exe?Modinfo=StationView&STATION_ID=1925,11,ANNUAL_RECORDS,Annual Diversion in ACFT,Annual Diversion in ACFT,1.0,ACFT,0,,
,,1926,AVERY DITCH,,,Conveyance,,1926,SEVIER RIVER,Observational,,,I,,,,No,https://waterrights.utah.gov/cgi-bin/dvrtview.exe?Modinfo=StationView&STATION_ID=1926,1,DAILY_RECORDS,Mean daily discharge in CFS,Mean daily discharge in CFS,1.0,CFS,1,1968.0,1968.0
,,1929,J. MYERS DITCH,,,Conveyance,,1929,SEVIER RIVER,Observational,,,A,37.7086471441025,-112.391496156077,Manual,No,https://waterrights.utah.gov/cgi-bin/dvrtview.exe?Modinfo=StationView&STATION_ID=1929,1,DAILY_RECORDS,Mean daily discharge in CFS,Mean daily discharge in CFS,1.0,CFS,58,1951.0,2024.0
,,1993,MARSHALL SLOUGH,,,Conveyance,,1993,SEVIER RIVER,Observational,,,A,37.9809181251858,-112.389169677985,Manual,No,https://waterrights.utah.gov/cgi-bin/dvrtview.exe?Modinfo=StationView&STATION_ID=1993,1,DAILY_RECORDS,Mean daily discharge in CFS,Mean daily discharge in CFS,1.0,CFS,69,1951.0,2024.0
SEVIER,,2150,DESERET IRRIGATION CO (ABRAHAM PUMP),10925,DESERET IRRIGATION CO (ABRAHAM PUMP),Conveyance,1.0,2150,SEVIER RIVER,Observational,3 foot ramp flume,DIGITAL,A,39.3515717007403,-112.633583012193,Scrape,Yes,https://waterrights.utah.gov/cgi-bin/dvrtview.exe?Modinfo=StationView&STATION_ID=2150,1,DAILY_RECORDS,Mean daily discharge in CFS,Mean daily discharge in CFS,1.0,CFS,51,1975.0,2025.0
SEVIER,,2171,ZABRISKIE DITCH,13720,Zabriskie Ditch,Conveyance,1.0,2171,SEVIER RIVER,Observational,,DIGITAL,I,38.2050262761699,-112.1791851147,Scrape,No,https://waterrights.utah.gov/cgi-bin/dvrtview.exe?Modinfo=StationView&STATION_ID=2171,1,DAILY_RECORDS,Mean daily discharge in CFS,Mean daily discharge in CFS,1.0,CFS,41,1979.0,2025.0
USGS,,2306,USGS LOST CREEK NEAR CROYDEN UTAH,10132500,"USGS Lost Creek near Croyden, UT",Stream,1.0,2306,WEBER RIVER,Observational,,,A,41.1806546621179,-111.400455288455,Scrape,Yes,https://waterrights.utah.gov/cgi-bin/dvrtview.exe?Modinfo=StationView&STATION_ID=2306,1,DAILY_RECORDS,Mean daily discharge in CFS,Mean daily discharge in CFS,1.0,CFS,51,1947.0,2025.0
USGS,,2404,USGS WEBER RIVER AT GATEWAY UTAH,10136500,Weber River at Gateway,Stream,1.0,2404,WEBER RIVER,Observational,RATED SECTION,,A,41.1373240079144,-111.832157859119,Scrape,Yes,https://waterrights.utah.gov/cgi-bin/dvrtview.exe?Modinfo=StationView&STATION_ID=2404,1,DAILY_RECORDS,Mean daily discharge in CFS,Mean daily discharge in CFS,1.0,CFS,28,1990.0,2025.0
OGDEN,,2472,DINSDALE DITCH,Dinsdale,16 Inch Cutthroat Flume w/ potentiometer float,Conveyance,1.0,2472,OGDEN RIVER,Observational,16 Inch Cutthroat Flume,,A,41.2364198195563,-111.96410763059,Direct,Yes,https://waterrights.utah.gov/cgi-bin/dvrtview.exe?Modinfo=StationView&STATION_ID=2472,2,DAILY_RECORDS,MEAN daily discharge in CFS,Mean daily discharge in ACFT,1.98347107,CFS,73,1950.0,2025.0
OGDEN,,2473,MILL CREEK AT 1200 WEST,Mill Creek At 1200 West,,Conveyance,1.0,2473,OGDEN RIVER,Observational,4.0 ft Contracted Weir,,A,41.2539305205421,-112.009431072796,Scrape,Yes,https://waterrights.utah.gov/cgi-bin/dvrtview.exe?Modinfo=StationView&STATION_ID=2473,1,DAILY_RECORDS,Mean daily discharge in CFS,Mean daily discharge in CFS,1.0,CFS,18,1951.0,2025.0
,,2474,MOUND FORT NO 1,,,Conveyance,,2474,OGDEN RIVER,Observational,FOUR FOOT CIPOLETTI WEIR,,A,41.241903464474,-111.954076696733,Manual,No,https://waterrights.utah.gov/cgi-bin/dvrtview.exe?Modinfo=StationView&STATION_ID=2474,2,DAILY_RECORDS,MEAN daily discharge in CFS,Mean daily discharge in ACFT,1.98347107,CFS,73,1951.0,2024.0
,,2475,MOUND FORT NO 2,,,Conveyance,,2475,OGDEN RIVER,Observational,9 INCH PARSHALL FLUME,,A,41.2412204916718,-111.953285064343,Manual,No,https://waterrights.utah.gov/cgi-bin/dvrtview.exe?Modinfo=StationView&STATION_ID=2475,2,DAILY_RECORDS,MEAN daily discharge in CFS,Mean daily discharge in ACFT,1.98347107,CFS,72,1951.0,2024.0
,,2476,MOUND FORT NO 3,,,Conveyance,,2476,OGDEN RIVER,Observational,INOPERATIVE BURNHAM ORIFICE,,A,41.2406206478371,-111.967123584639,Manual,No,https://waterrights.utah.gov/cgi-bin/dvrtview.exe?Modinfo=StationView&STATION_ID=2476,2,DAILY_RECORDS,MEAN daily discharge in CFS,Mean daily discharge in ACFT,1.98347107,CFS,71,1950.0,2024.0
,,2477,MOUND FORT NO 4,,,Conveyance,,2477,OGDEN RIVER,Observational,2 FOOT CIPOLETTI WEIR,,A,41.2406230731789,-111.967110445625,Manual,No,https://waterrights.utah.gov/cgi-bin/dvrtview.exe?Modinfo=StationView&STATION_ID=2477,2,DAILY_RECORDS,MEAN daily discharge in CFS,Mean daily discharge in ACFT,1.98347107,CFS,71,1950.0,2024.0
,,2478,MOUND FORT NO 5,,,Conveyance,,2478,OGDEN RIVER,Observational,INOPERATIVE BURNHAM ORIFICE,,A,41.2415798423114,-111.975057382493,Manual,No,https://waterrights.utah.gov/cgi-bin/dvrtview.exe?Modinfo=StationView&STATION_ID=2478,2,DAILY_RECORDS,MEAN daily discharge in CFS,Mean daily discharge in ACFT,1.98347107,CFS,60,1950.0,2024.0
,,2480,ENOCH FARR DITCH CO.,,,Conveyance,,2480,OGDEN RIVER,Observational,NONE,,A,41.2425167135612,-111.947289560773,Manual,No,https://waterrights.utah.gov/cgi-bin/dvrtview.exe?Modinfo=StationView&STATION_ID=2480,2,DAILY_RECORDS,MEAN daily discharge in CFS,Mean daily discharge in ACFT,1.98347107,CFS,69,1950.0,2024.0
OGDEN,,2481,WESTERN IRRIGATION COMPANY,Western Irrigation Company,4 ft Parshall flume w/ potentiometer float,Conveyance,1.0,2481,OGDEN RIVER,Observational,FOUR FOOT PARSHALL FLUME,,A,41.2431897990057,-111.948466417141,Manual,No,https://waterrights.utah.gov/cgi-bin/dvrtview.exe?Modinfo=StationView&STATION_ID=2481,2,DAILY_RECORDS,MEAN daily discharge in CFS,Mean daily discharge in ACFT,1.98347107,CFS,71,1950.0,2025.0
,,2482,GLENWOOD DITCH,,,Conveyance,,2482,OGDEN RIVER,Observational,TWO FOOT PARSHALL FLUME,,A,41.2401004153355,-111.947409075823,Manual,No,https://waterrights.utah.gov/cgi-bin/dvrtview.exe?Modinfo=StationView&STATION_ID=2482,1,DAILY_RECORDS,Mean daily discharge in CFS,Mean daily discharge in CFS,1.0,CFS,73,1950.0,2024.0
OGDEN,,2483,LYNN DITCH,Lynn Ditch,Lynn Irrigation diversion from Mill Creek,Conveyance,1.0,2483,OGDEN RIVER,Observational,DOUBLE CIPPOLETTI WEIRS,,A,41.2416241069347,-111.950264729953,Scrape,Yes,https://waterrights.utah.gov/cgi-bin/dvrtview.exe?Modinfo=StationView&STATION_ID=2483,2,DAILY_RECORDS,MEAN daily discharge in CFS,Mean daily discharge in ACFT,1.98347107,CFS,74,1950.0,2025.0
,,2484,MARRIOTT IRRIGATION COMPANY,,,Conveyance,,2484,OGDEN RIVER,Observational,30 INCH PARSHALL FLUME,,A,41.2351588574529,-111.991577046995,Manual,No,https://waterrights.utah.gov/cgi-bin/dvrtview.exe?Modinfo=StationView&STATION_ID=2484,2,DAILY_RECORDS,MEAN daily discharge in CFS,Mean daily discharge in ACFT,1.98347107,CFS,72,1950.0,2024.0
,,2486,PERRY IRRIGATION COMPANY,,,Conveyance,,2486,OGDEN RIVER,Observational,THIRTY INCH PARSHALL FLUME,,A,41.2528611488278,-111.99548930372,Manual,No,https://waterrights.utah.gov/cgi-bin/dvrtview.exe?Modinfo=StationView&STATION_ID=2486,2,DAILY_RECORDS,MEAN daily discharge in CFS,Mean daily discharge in ACFT,1.98347107,CFS,71,1950.0,2024.0
,,2487,OGDEN CITY - ARTESIAN WELLS,,,Well,,2487,OGDEN RIVER,Observational,TOTALIZING METER,,A,41.2543361283741,-111.84731168205,Manual,No,https://waterrights.utah.gov/cgi-bin/dvrtview.exe?Modinfo=StationView&STATION_ID=2487,2,DAILY_RECORDS,MEAN daily discharge in CFS,Mean daily discharge in ACFT,1.98347107,CFS,38,1967.0,2024.0
,,2488,NORTH SLATERVILLE IRRIGATION CO.,,,Conveyance,1.0,2488,OGDEN RIVER,Observational,FOUR FOOT RECTANGULAR WEIR,,A,41.2539290792429,-112.009408479494,Direct,Yes,https://waterrights.utah.gov/cgi-bin/dvrtview.exe?Modinfo=StationView&STATION_ID=2488,1,DAILY_RECORDS,Mean daily discharge in CFS,Mean daily discharge in CFS,1.0,CFS,40,1951.0,2024.0
,,2490,PATIO SPRINGS,,,Conveyance,,2490,OGDEN RIVER,Observational,SIX INCH PARSHALL FLUME,,I,41.3264534559497,-111.832676090899,Manual,No,https://waterrights.utah.gov/cgi-bin/dvrtview.exe?Modinfo=StationView&STATION_ID=2490,2,DAILY_RECORDS,MEAN daily discharge in CFS,Mean daily discharge in ACFT,1.98347107,CFS,30,1990.0,2020.0
,,2491,ROLLO - JOHNSON - DOWNS DITCH CO.,,,Conveyance,,2491,OGDEN RIVER,Observational,SIX INCH PARSHALL FLUME,,A,41.2676222243573,-111.685029970283,Manual,No,https://waterrights.utah.gov/cgi-bin/dvrtview.exe?Modinfo=StationView&STATION_ID=2491,2,DAILY_RECORDS,MEAN daily discharge in CFS,Mean daily discharge in ACFT,1.98347107,CFS,68,1950.0,2024.0
OGDEN,,2493,WOLF CREEK IRRIGATION COMPANY,Wolf Creek Irr,Wolf Creek Irrigation Company in Eden,Conveyance,1.0,2493,OGDEN RIVER,Observational,2-FT CUTTHROAT FLUME,,A,41.3444504906506,-111.822173816843,Scrape,Yes,https://waterrights.utah.gov/cgi-bin/dvrtview.exe?Modinfo=StationView&STATION_ID=2493,1,DAILY_RECORDS,Mean daily discharge in CFS,Mean daily discharge in CFS,1.0,CFS,43,1951.0,2025.0
,,2494,SOUTHWICK AND MONTGOMERY,,,Conveyance,,2494,OGDEN RIVER,Observational,Ramp Flume,,A,41.3687718506772,-111.891628499063,Manual,Yes,https://waterrights.utah.gov/cgi-bin/dvrtview.exe?Modinfo=StationView&STATION_ID=2494,2,DAILY_RECORDS,MEAN daily discharge in CFS,Mean daily discharge in ACFT,1.98347107,CFS,36,1956.0,2024.0
,,2496,OGDEN CITY - WHEELER CREEK,,,Conveyance,,2496,OGDEN RIVER,Observational,TOTALIZING METER,,A,41.2540760014804,-111.843489533231,Manual,Yes,https://waterrights.utah.gov/cgi-bin/dvrtview.exe?Modinfo=StationView&STATION_ID=2496,2,DAILY_RECORDS,MEAN daily discharge in CFS,Mean daily discharge in ACFT,1.98347107,CFS,33,1990.0,2024.0
DUCHESNE,,2501,400 ROCKY POINT CANAL HEAD,8378,Rocky Point at Head,Conveyance,4.0,2501,DUCHESNE RIVER,Observational,,DIGITAL,A,40.2277083063218,-110.398033094222,Scrape,Yes,https://waterrights.utah.gov/cgi-bin/dvrtview.exe?Modinfo=StationView&STATION_ID=2501,1,DAILY_RECORDS,Mean daily discharge in CFS,Mean daily discharge in CFS,1.0,CFS,26,1996.0,2025.0
,,2505,UPPER CLUB,,,Conveyance,,2505,OGDEN RIVER,Observational,CONSTANT HEAD ORIFICE,,A,41.2847982971421,-112.032244071746,Manual,Yes,https://waterrights.utah.gov/cgi-bin/dvrtview.exe?Modinfo=StationView&STATION_ID=2505,2,DAILY_RECORDS,MEAN daily discharge in CFS,Mean daily discharge in ACFT,1.98347107,CFS,40,1965.0,2024.0
OGDEN,,2506,OGDEN VALLEY CANAL,Ogden Valley Canal,OGDEN RIVER OGDEN VALLEY CANAL,Conveyance,1.0,2506,OGDEN RIVER,Observational,CONSTANT HEAD ORIFICE,,A,41.2589900499687,-111.697870593028,Scrape,Yes,https://waterrights.utah.gov/cgi-bin/dvrtview.exe?Modinfo=StationView&STATION_ID=2506,2,DAILY_RECORDS,MEAN daily discharge in CFS,Mean daily discharge in ACFT,1.98347107,CFS,60,1950.0,2024.0
,,2512,HYDRO - UTAH POWER & LIGHT TAILRACE (PACIFICORP),,,Hydropower,,2512,OGDEN RIVER,Observational,VENTURI METER,,A,41.2436023464009,-111.946803525034,Manual,No,https://waterrights.utah.gov/cgi-bin/dvrtview.exe?Modinfo=StationView&STATION_ID=2512,2,DAILY_RECORDS,MEAN daily discharge in CFS,Mean daily discharge in ACFT,1.98347107,CFS,42,1951.0,2024.0
,,2516,830 STARVATION DITCH (BELOW DAM),,,Conveyance,,2516,DUCHESNE RIVER,Observational,Flume,,A,40.1906044655779,-110.440286750506,Manual,No,https://waterrights.utah.gov/cgi-bin/dvrtview.exe?Modinfo=StationView&STATION_ID=2516,1,DAILY_RECORDS,Mean daily discharge in CFS,Mean daily discharge in CFS,1.0,CFS,30,1992.0,2024.0
DUCHESNE,,2519,614 LAYOUT CREEK DIVERSION DAM,Layout Diversion,LAYOUT DIVERSION,Conveyance,1.0,2519,DUCHESNE RIVER,Observational,V-Notch Weir,DIGITAL,A,40.2970883122599,-111.048479370608,Scrape,Yes,https://waterrights.utah.gov/cgi-bin/dvrtview.exe?Modinfo=StationView&STATION_ID=2519,1,DAILY_RECORDS,Mean daily discharge in CFS,Mean daily discharge in CFS,1.0,CFS,26,1999.0,2024.0
,,2525,IPP CENTRAL UTAH PUMPING,,,Conveyance,,2525,SEVIER RIVER,Observational,,,A,39.5168087141814,-112.574073014324,Manual,No,https://waterrights.utah.gov/cgi-bin/dvrtview.exe?Modinfo=StationView&STATION_ID=2525,1,DAILY_RECORDS,Mean daily discharge in CFS,Mean daily discharge in CFS,1.0,CFS,35,1990.0,2024.0
OGDEN,,2526,NORTH OGDEN CANAL,North Ogden Canal,,Conveyance,1.0,2526,OGDEN RIVER,Observational,FOUR FOOT PARSHALL FLUME,,A,41.2375272416975,-111.928168970987,Scrape,Yes,https://waterrights.utah.gov/cgi-bin/dvrtview.exe?Modinfo=StationView&STATION_ID=2526,2,DAILY_RECORDS,MEAN daily discharge in CFS,Mean daily discharge in ACFT,1.98347107,CFS,46,1951.0,2025.0
,,2553,PARK CITY MT AIRE NORTH,,,Conveyance,,2553,WEBER RIVER,Observational,,,A,40.6623849975116,-111.510950914278,Manual,Yes,https://waterrights.utah.gov/cgi-bin/dvrtview.exe?Modinfo=StationView&STATION_ID=2553,1,DAILY_RECORDS,Mean daily discharge in CFS,Mean daily discharge in CFS,1.0,CFS,39,1989.0,2024.0
,,2556,JOHN HEINER PUMP (DAILY),,,Conveyance,,2556,WEBER RIVER,Observational,TOTALIZING METER,,A,41.0380239828256,-111.659272876179,Manual,No,https://waterrights.utah.gov/cgi-bin/dvrtview.exe?Modinfo=StationView&STATION_ID=2556,2,DAILY_RECORDS,MEAN daily discharge in CFS,Mean daily discharge in ACFT,1.98347107,CFS,26,1990.0,2024.0
,,2558,PLAIN CITY CANAL,,,Conveyance,,2558,OGDEN RIVER,Observational,Constant Head Orifice,,A,41.2975264316618,-112.03513237023,Manual,No,https://waterrights.utah.gov/cgi-bin/dvrtview.exe?Modinfo=StationView&STATION_ID=2558,2,DAILY_RECORDS,MEAN daily discharge in CFS,Mean daily discharge in ACFT,1.98347107,CFS,45,1951.0,2024.0
,,2566,WEBER BASIN FOR LAYTON CANAL,,,Conveyance,1.0,2566,WEBER RIVER,Observational,Pumps,,A,41.2271233301589,-112.016850382293,Manual,No,https://waterrights.utah.gov/cgi-bin/dvrtview.exe?Modinfo=StationView&STATION_ID=2566,2,DAILY_RECORDS,MEAN daily discharge in CFS,Mean daily discharge in ACFT,1.98347107,CFS,42,1983.0,2024.0
USGS,,2568,USGS WEBER RIVER AT ECHO UTAH,10132000,"USGS Weber River at Echo, UT",Stream,1.0,2568,WEBER RIVER,Observational,RATED CHANNEL,,A,40.9672433753905,-111.437856403615,Scrape,Yes,https://waterrights.utah.gov/cgi-bin/dvrtview.exe?Modinfo=StationView&STATION_ID=2568,1,DAILY_RECORDS,Mean daily discharge in CFS,Mean daily discharge in CFS,1.0,CFS,60,1958.0,2025.0
,,2571,BE11 LYNN RICHARDS,,,Conveyance,1.0,2571,LOWER BEAR RIVER - BOX ELDER,Observational,FLOAT SENSOR,ONOFF,A,41.797827540375,-112.094663281196,Manual,Yes,https://waterrights.utah.gov/cgi-bin/dvrtview.exe?Modinfo=StationView&STATION_ID=2571,1,DAILY_RECORDS,Mean daily discharge in CFS,Mean daily discharge in CFS,1.0,CFS,34,1990.0,2024.0
,,2583,DMAD WELLS #3 AND #4,,,Well,,2583,SEVIER RIVER,Observational,,,I,,,,No,https://waterrights.utah.gov/cgi-bin/dvrtview.exe?Modinfo=StationView&STATION_ID=2583,1,DAILY_RECORDS,Mean daily discharge in CFS,Mean daily discharge in CFS,1.0,CFS,21,1979.0,2014.0
,,2584,EDEN CANAL,,,Conveyance,,2584,OGDEN RIVER,Observational,Rectangular Submerged Orifice,,A,41.3678445206266,-111.890829083869,Manual,No,https://waterrights.utah.gov/cgi-bin/dvrtview.exe?Modinfo=StationView&STATION_ID=2584,2,DAILY_RECORDS,MEAN daily discharge in CFS,Mean daily discharge in ACFT,1.98347107,CFS,38,1953.0,2024.0
,,2587,FEENEY - THOMAS DITCH,,,Conveyance,,2587,OGDEN RIVER,Observational,ONE FOOT PARSHALL FLUME,,A,41.3009968257665,-111.618374140447,Manual,No,https://waterrights.utah.gov/cgi-bin/dvrtview.exe?Modinfo=StationView&STATION_ID=2587,2,DAILY_RECORDS,MEAN daily discharge in CFS,Mean daily discharge in ACFT,1.98347107,CFS,35,1985.0,2024.0
,,2588,HIGHLAND CANAL (SEC.19),,,Conveyance,,2588,LOWER SAN PITCH RIVER,Observational,12 FOOT CONCRETE WEIR AND RECORDER,,A,39.1465836081878,-111.735137359594,Manual,Yes,https://waterrights.utah.gov/cgi-bin/dvrtview.exe?Modinfo=StationView&STATION_ID=2588,1,DAILY_RECORDS,Mean daily discharge in CFS,Mean daily discharge in CFS,1.0,CFS,33,1991.0,2024.0
,,2595,NORTH CREEK,,,Stream,,2595,BEAVER RIVER,Observational,9` Contracted Rectangular Weir,,A,38.3438410421767,-112.557265505581,Manual,No,https://waterrights.utah.gov/cgi-bin/dvrtview.exe?Modinfo=StationView&STATION_ID=2595,1,DAILY_RECORDS,Mean daily discharge in CFS,Mean daily discharge in CFS,1.0,CFS,60,1950.0,2025.0
,,2596,INDIAN CREEK,,,Conveyance,,2596,BEAVER RIVER,Observational,Contracted Rect Weir Direct  Reading,,A,38.3895628346807,-112.631690070987,Manual,No,https://waterrights.utah.gov/cgi-bin/dvrtview.exe?Modinfo=StationView&STATION_ID=2596,1,DAILY_RECORDS,Mean daily discharge in CFS,Mean daily discharge in CFS,1.0,CFS,39,1950.0,2025.0
,,2602,NORTH WEST CANAL,,,Conveyance,,2602,BEAVER RIVER,Observational,3` Parshall Flume,,A,38.2824530287754,-112.634396253859,Manual,No,https://waterrights.utah.gov/cgi-bin/dvrtview.exe?Modinfo=StationView&STATION_ID=2602,1,DAILY_RECORDS,Mean daily discharge in CFS,Mean daily discharge in CFS,1.0,CFS,68,1950.0,2025.0
BEAVER,,2603,FURNACE DITCH,A5,Furnace Ditch,Conveyance,1.0,2603,BEAVER RIVER,Observational,2`  Parshall Flume,DIGITAL,A,38.2518090967445,-112.757746643174,Direct,Yes,https://waterrights.utah.gov/cgi-bin/dvrtview.exe?Modinfo=StationView&STATION_ID=2603,1,DAILY_RECORDS,Mean daily discharge in CFS,Mean daily discharge in CFS,1.0,CFS,46,1950.0,2025.0
BEAVER,,2604,BARTON DITCH,A2,Barton ditch,Conveyance,1.0,2604,BEAVER RIVER,Observational,1.7`  Parshall Flume,DIGITAL,A,38.2503916647909,-112.696969831607,Direct,Yes,https://waterrights.utah.gov/cgi-bin/dvrtview.exe?Modinfo=StationView&STATION_ID=2604,1,DAILY_RECORDS,Mean daily discharge in CFS,Mean daily discharge in CFS,1.0,CFS,45,1950.0,2025.0
BEAVER,,2605,ABERDARE CANAL,A3,Aberdare Canal,Conveyance,1.0,2605,BEAVER RIVER,Observational,3` Parshall Flume,DIGITAL,A,38.2483526978823,-112.719406209152,Direct,Yes,https://waterrights.utah.gov/cgi-bin/dvrtview.exe?Modinfo=StationView&STATION_ID=2605,1,DAILY_RECORDS,Mean daily discharge in CFS,Mean daily discharge in CFS,1.0,CFS,54,1950.0,2025.0
,,2606,TANNER DITCH,,,Conveyance,,2606,BEAVER RIVER,Observational,Lower Parshall Flume,,A,38.278297094266,-112.649204456286,Manual,No,https://waterrights.utah.gov/cgi-bin/dvrtview.exe?Modinfo=StationView&STATION_ID=2606,1,DAILY_RECORDS,Mean daily discharge in CFS,Mean daily discharge in CFS,1.0,CFS,49,1956.0,2025.0
,,2612,BEAVER CITY,,,Conveyance,,2612,BEAVER RIVER,Observational,24 Inch Parshall Flume Under Grate,,A,38.2823446906069,-112.608857989539,Manual,No,https://waterrights.utah.gov/cgi-bin/dvrtview.exe?Modinfo=StationView&STATION_ID=2612,1,DAILY_RECORDS,Mean daily discharge in CFS,Mean daily discharge in CFS,1.0,CFS,43,1960.0,2025.0
,,2614,EMMERSON DITCH,,,Conveyance,,2614,BEAVER RIVER,Observational,,,A,38.2482976731717,-112.73464695593,Manual,No,https://waterrights.utah.gov/cgi-bin/dvrtview.exe?Modinfo=StationView&STATION_ID=2614,1,DAILY_RECORDS,Mean daily discharge in CFS,Mean daily discharge in CFS,1.0,CFS,43,1960.0,2025.0
,,2616,MORRIS LEVI DITCH,,,Conveyance,,2616,BEAVER RIVER,Observational,1` Parshall Flume,,A,38.2508821132598,-112.691563052654,Manual,No,https://waterrights.utah.gov/cgi-bin/dvrtview.exe?Modinfo=StationView&STATION_ID=2616,1,DAILY_RECORDS,Mean daily discharge in CFS,Mean daily discharge in CFS,1.0,CFS,12,1960.0,2025.0
BEAVER,,2619,SOUTH DITCH,A4,South Ditch,Conveyance,1.0,2619,BEAVER RIVER,Observational,12 inch Parshall Flume,DIGITAL,A,38.2508706504997,-112.757743985413,Direct,Yes,https://waterrights.utah.gov/cgi-bin/dvrtview.exe?Modinfo=StationView&STATION_ID=2619,1,DAILY_RECORDS,Mean daily discharge in CFS,Mean daily discharge in CFS,1.0,CFS,42,1960.0,2025.0
,,2627,PATTERSON DITCH,,,Conveyance,,2627,BEAVER RIVER,Observational,4` Parshall Flume,,A,38.2599054204946,-112.662659643539,Manual,No,https://waterrights.utah.gov/cgi-bin/dvrtview.exe?Modinfo=StationView&STATION_ID=2627,1,DAILY_RECORDS,Mean daily discharge in CFS,Mean daily discharge in CFS,1.0,CFS,22,1965.0,2025.0
LOGAN_DL,,2631,38 BLACKSMITH FORK,38 BLACKSMITH FORK,"Lower Bear; Radio 301,1    Pakbus 6",Conveyance,1.0,2631,LOWER BEAR RIVER,Observational,6 foot Parshall Flume with recorder,STAGE,A,41.7056359502939,-111.871584100333,Direct,Yes,https://waterrights.utah.gov/cgi-bin/dvrtview.exe?Modinfo=StationView&STATION_ID=2631,1,DAILY_RECORDS,Mean daily discharge in CFS,Mean daily discharge in CFS,1.0,CFS,37,1989.0,2025.0
,,2641,BEAVER RIVER,,,Stream,,2641,BEAVER RIVER,Observational,Water Commisioner Weir Wall Estimate,,A,38.2811012405842,-112.574804508677,Manual,No,https://waterrights.utah.gov/cgi-bin/dvrtview.exe?Modinfo=StationView&STATION_ID=2641,1,DAILY_RECORDS,Mean daily discharge in CFS,Mean daily discharge in CFS,1.0,CFS,40,1964.0,2024.0
,,2655,LAKE SHORE CANAL-DECREED RIVER,,,Conveyance,,2655,SPANISH FORK RIVER,Observational,DECREED % RIVER FLOW,,I,40.1140931209511,-111.698774644914,Manual,Yes,https://waterrights.utah.gov/cgi-bin/dvrtview.exe?Modinfo=StationView&STATION_ID=2655,1,DAILY_RECORDS,Mean daily discharge in CFS,Mean daily discharge in CFS,1.0,CFS,63,1950.0,2017.0
,,2657,SOUTH FIELD CANAL-DECREED RIVER,,,Conveyance,,2657,SPANISH FORK RIVER,Observational,DECREED % RIVER FLOW-CALCULATED,,I,40.0802854239338,-111.605056193968,,Yes,https://waterrights.utah.gov/cgi-bin/dvrtview.exe?Modinfo=StationView&STATION_ID=2657,1,DAILY_RECORDS,Mean daily discharge in CFS,Mean daily discharge in CFS,1.0,CFS,63,1950.0,2017.0
,,2662,TOTAL MILL RACE FLOW AT CITY DAM,,,Conveyance,,2662,SPANISH FORK RIVER,Observational,8 FT RAMP FLUME,,A,40.0806180213831,-111.606412303946,Manual,Yes,https://waterrights.utah.gov/cgi-bin/dvrtview.exe?Modinfo=StationView&STATION_ID=2662,1,DAILY_RECORDS,Mean daily discharge in CFS,Mean daily discharge in CFS,1.0,CFS,70,1950.0,2023.0
,,2663,MILL RACE DECREED RIVER - TOTAL,,,Conveyance,,2663,SPANISH FORK RIVER,Observational,DECREED % RIVER FLOW - CALCULATED,,I,40.0804577120833,-111.606195728743,Manual,No,https://waterrights.utah.gov/cgi-bin/dvrtview.exe?Modinfo=StationView&STATION_ID=2663,1,DAILY_RECORDS,Mean daily discharge in CFS,Mean daily discharge in CFS,1.0,CFS,62,1950.0,2017.0
,,2680,JACKSON DITCHES,,,Conveyance,,2680,SPANISH FORK RIVER,Observational,,,A,39.9695366959035,-111.509395553177,Manual,No,https://waterrights.utah.gov/cgi-bin/dvrtview.exe?Modinfo=StationView&STATION_ID=2680,1,DAILY_RECORDS,Mean daily discharge in CFS,Mean daily discharge in CFS,1.0,CFS,27,1950.0,2023.0
,,2690,WM. A. PACE DITCH,,,Conveyance,,2690,SPANISH FORK RIVER,Observational,,,A,40.0493703329587,-111.548131760792,Manual,No,https://waterrights.utah.gov/cgi-bin/dvrtview.exe?Modinfo=StationView&STATION_ID=2690,1,DAILY_RECORDS,Mean daily discharge in CFS,Mean daily discharge in CFS,1.0,CFS,50,1950.0,2023.0
,,2702,"ELMER, WINWARD, COLLETTE & MINIDOKA DITCHES",,,Conveyance,,2702,SPANISH FORK RIVER,Observational,,,A,39.9128368405747,-111.552816107606,Manual,No,https://waterrights.utah.gov/cgi-bin/dvrtview.exe?Modinfo=StationView&STATION_ID=2702,1,DAILY_RECORDS,Mean daily discharge in CFS,Mean daily discharge in CFS,1.0,CFS,20,1952.0,2023.0
SEVIER,,2715,OTTER CREEK AT KOOSHAREM CANAL,11539,KOOSHAREM CANAL,Stream,1.0,2715,SEVIER RIVER,Observational,,DIGITAL,A,38.564851318128,-111.851678755169,Manual,Yes,https://waterrights.utah.gov/cgi-bin/dvrtview.exe?Modinfo=StationView&STATION_ID=2715,1,DAILY_RECORDS,Mean daily discharge in CFS,Mean daily discharge in CFS,1.0,CFS,8,1983.0,2025.0
JVWCD,,2726,05.01.07 JORDAN VALLEY WATER CONSERVANCY DIST,JNPS-to-WelbyJacob.csv,,Stream,1.0,2726,UTAH LAKE/JORDAN RIVER,Observational,JVWCD operates the Electronic Meters,,A,40.441712204781,-111.921649651255,Scrape,Yes,https://waterrights.utah.gov/cgi-bin/dvrtview.exe?Modinfo=StationView&STATION_ID=2726,1,DAILY_RECORDS,Mean daily discharge in CFS,Mean daily discharge in CFS,1.0,CFS,33,1989.0,2025.0
SEVIER_METRIDYNE,,2727,ACTON DITCH (BULLION CREEK),15370,BULLION CREEK - ACTON DITCH,Conveyance,1.0,2727,SEVIER RIVER,Observational,,DIGITAL,A,38.4325014728487,-112.265121920703,Scrape,Yes,https://waterrights.utah.gov/cgi-bin/dvrtview.exe?Modinfo=StationView&STATION_ID=2727,1,DAILY_RECORDS,Mean daily discharge in CFS,Mean daily discharge in CFS,1.0,CFS,42,1984.0,2025.0
,,2728,ANTIMONY BENCH DITCH,,,Conveyance,,2728,SEVIER RIVER,Observational,,,I,38.0955222864491,-111.92209486033,Manual,No,https://waterrights.utah.gov/cgi-bin/dvrtview.exe?Modinfo=StationView&STATION_ID=2728,1,DAILY_RECORDS,Mean daily discharge in CFS,Mean daily discharge in CFS,1.0,CFS,34,1984.0,2019.0
,,2732,COYOTE EAST FORK CANAL,,,Conveyance,,2732,SEVIER RIVER,Observational,,,I,38.0803914185817,-111.992243509857,Manual,No,https://waterrights.utah.gov/cgi-bin/dvrtview.exe?Modinfo=StationView&STATION_ID=2732,1,DAILY_RECORDS,Mean daily discharge in CFS,Mean daily discharge in CFS,1.0,CFS,33,1984.0,2019.0
SEVIER,,2735,KOOSHAREM CANAL,11539,KOOSHAREM CANAL,Conveyance,1.0,2735,SEVIER RIVER,Observational,,DIGITAL,A,38.5648506471148,-111.851669415486,Scrape,Yes,https://waterrights.utah.gov/cgi-bin/dvrtview.exe?Modinfo=StationView&STATION_ID=2735,1,DAILY_RECORDS,Mean daily discharge in CFS,Mean daily discharge in CFS,1.0,CFS,41,1985.0,2025.0
SEVIER_METRIDYNE,,2736,LYON DITCH (BULLION CREEK),15379,LYON DITCH (BULLION CREEK),Conveyance,1.0,2736,SEVIER RIVER,Observational,,DIGITAL,A,38.4332992245372,-112.258755707063,Scrape,Yes,https://waterrights.utah.gov/cgi-bin/dvrtview.exe?Modinfo=StationView&STATION_ID=2736,1,DAILY_RECORDS,Mean daily discharge in CFS,Mean daily discharge in CFS,1.0,CFS,42,1984.0,2025.0
SEVIER,,2737,MERIDIAN DITCH,11536,MERIDIAN DITCH,Conveyance,1.0,2737,SEVIER RIVER,Observational,,DIGITAL,A,38.5609958227967,-111.849368117891,Scrape,Yes,https://waterrights.utah.gov/cgi-bin/dvrtview.exe?Modinfo=StationView&STATION_ID=2737,1,DAILY_RECORDS,Mean daily discharge in CFS,Mean daily discharge in CFS,1.0,CFS,43,1983.0,2025.0
SEVIER_DL,,2739,OTTER CREEK AT DANIELS CANYON,OTTER CREEK AT DANIELS CANYON,OTTER CREEK AT DANIELS CANYON,Stream,1.0,2739,SEVIER RIVER,Observational,12 foot Cipoleti Weir,DIGITAL,A,38.6106689693646,-111.809528322783,Direct,Yes,https://waterrights.utah.gov/cgi-bin/dvrtview.exe?Modinfo=StationView&STATION_ID=2739,1,DAILY_RECORDS,Mean daily discharge in CFS,Mean daily discharge in CFS,1.0,CFS,36,1984.0,2025.0
SEVIER_METRIDYNE,,2743,TAYLOR DITCH (BULLION CREEK),15365,TAYLOR (BULLION CREEK),Conveyance,1.0,2743,SEVIER RIVER,Observational,2 FT FLUME AND GAGING STATION,DIGITAL,A,38.4277553632817,-112.281213833843,Scrape,Yes,https://waterrights.utah.gov/cgi-bin/dvrtview.exe?Modinfo=StationView&STATION_ID=2743,1,DAILY_RECORDS,Mean daily discharge in CFS,Mean daily discharge in CFS,1.0,CFS,41,1984.0,2024.0
SEVIER_METRIDYNE,,2744,SOUTH BENCH (BULLION CREEK),15206,SOUTH BENCH (BULLION CREEK),Conveyance,1.0,2744,SEVIER RIVER,Observational,,DIGITAL,A,38.4295289883922,-112.272133393805,Scrape,Yes,https://waterrights.utah.gov/cgi-bin/dvrtview.exe?Modinfo=StationView&STATION_ID=2744,1,DAILY_RECORDS,Mean daily discharge in CFS,Mean daily discharge in CFS,1.0,CFS,42,1984.0,2025.0
LITTLEBEAR,,2770,WELLSVILLE EAST FIELD,C6,Wellsville Eastfield,Conveyance,1.0,2770,LITTLE BEAR RIVER,Observational,8 FT FLUME with custom rating table,DIGITAL,A,41.6296403373219,-111.87243564113,Direct,Yes,https://waterrights.utah.gov/cgi-bin/dvrtview.exe?Modinfo=StationView&STATION_ID=2770,1,DAILY_RECORDS,Mean daily discharge in CFS,Mean daily discharge in CFS,1.0,CFS,64,1957.0,2025.0
LITTLEBEAR,,2771,HYRUM CANAL,I2,Hyrum Canal; Radio - 211 Avon,Conveyance,1.0,2771,LITTLE BEAR RIVER,Observational,4 FT PARSHALL FLUME,DIGITAL,A,41.5290447131653,-111.814627534816,Direct,Yes,https://waterrights.utah.gov/cgi-bin/dvrtview.exe?Modinfo=StationView&STATION_ID=2771,1,DAILY_RECORDS,Mean daily discharge in CFS,Mean daily discharge in CFS,1.0,CFS,61,1957.0,2025.0
LITTLEBEAR,,2772,LITTLE FEEDER,Cp,Little Feeder,Conveyance,1.0,2772,LITTLE BEAR RIVER,Observational,meter vault with ultrasonic meter,FLOWMETER,A,41.629641471206,-111.872434587957,Direct,Yes,https://waterrights.utah.gov/cgi-bin/dvrtview.exe?Modinfo=StationView&STATION_ID=2772,2,DAILY_RECORDS,MEAN daily discharge in CFS,Mean daily discharge in ACFT,1.98347107,CFS,60,1957.0,2025.0
LITTLEBEAR,,2774,PUMP CANAL,4,Pump Canal,Conveyance,1.0,2774,LITTLE BEAR RIVER,Observational,3-Ft Ramp Flume at above  UTMs,DIGITAL,A,41.6260874139588,-111.880658817099,Direct,Yes,https://waterrights.utah.gov/cgi-bin/dvrtview.exe?Modinfo=StationView&STATION_ID=2774,1,DAILY_RECORDS,Mean daily discharge in CFS,Mean daily discharge in CFS,1.0,CFS,47,1957.0,2025.0
LITTLEBEAR,,2775,WELLSVILLE MENDON CANAL,C5,Wellsville Mendon,Conveyance,1.0,2775,LITTLE BEAR RIVER,Observational,concrete trapezoidal ramp flume,DIGITAL,A,41.6285558208208,-111.880464328486,Direct,Yes,https://waterrights.utah.gov/cgi-bin/dvrtview.exe?Modinfo=StationView&STATION_ID=2775,1,DAILY_RECORDS,Mean daily discharge in CFS,Mean daily discharge in CFS,1.0,CFS,38,1962.0,2025.0
LITTLEBEAR,,2776,PARADISE CANAL,I1,Paradise Canal; Radio - 211 Avon,Conveyance,1.0,2776,LITTLE BEAR RIVER,Observational,4` PARSHALL FLUME,DIGITAL,A,41.5322653577162,-111.812996363895,Direct,Yes,https://waterrights.utah.gov/cgi-bin/dvrtview.exe?Modinfo=StationView&STATION_ID=2776,1,DAILY_RECORDS,Mean daily discharge in CFS,Mean daily discharge in CFS,1.0,CFS,63,1957.0,2025.0
LITTLEBEAR,,2779,HIGHLINE CANAL,IK0,Highline Canal,Conveyance,1.0,2779,LITTLE BEAR RIVER,Observational,3 FT FLUME,DIGITAL,A,41.5181688871456,-111.754416386467,Direct,Yes,https://waterrights.utah.gov/cgi-bin/dvrtview.exe?Modinfo=StationView&STATION_ID=2779,1,DAILY_RECORDS,Mean daily discharge in CFS,Mean daily discharge in CFS,1.0,CFS,56,1965.0,2025.0
,,2780,STR. @ HIGHLINE CANAL,,,Stream,,2780,LITTLE BEAR RIVER,Observational,,,I,,,,,https://waterrights.utah.gov/cgi-bin/dvrtview.exe?Modinfo=StationView&STATION_ID=2780,1,DAILY_RECORDS,Mean daily discharge in CFS,Mean daily discharge in CFS,1.0,CFS,27,1969.0,2001.0
,,2781,PORCUPINE CREEK,,,Stream,,2781,LITTLE BEAR RIVER,Observational,,,I,41.5072776070225,-111.730818632721,Manual,No,https://waterrights.utah.gov/cgi-bin/dvrtview.exe?Modinfo=StationView&STATION_ID=2781,1,DAILY_RECORDS,Mean daily discharge in CFS,Mean daily discharge in CFS,1.0,CFS,29,1971.0,2018.0
,,2782,BIG SPRING,,,Stream,,2782,LITTLE BEAR RIVER,Observational,,,I,41.5193535384081,-111.727434087571,Manual,No,https://waterrights.utah.gov/cgi-bin/dvrtview.exe?Modinfo=StationView&STATION_ID=2782,1,DAILY_RECORDS,Mean daily discharge in CFS,Mean daily discharge in CFS,1.0,CFS,32,1970.0,2018.0
,,2783,POLE CREEK,,,Stream,,2783,LITTLE BEAR RIVER,Observational,,,I,41.5148104568626,-111.747612518198,Manual,No,https://waterrights.utah.gov/cgi-bin/dvrtview.exe?Modinfo=StationView&STATION_ID=2783,1,DAILY_RECORDS,Mean daily discharge in CFS,Mean daily discharge in CFS,1.0,CFS,29,1972.0,2018.0
USGS,,2785,USGS LITTLE BEAR AT PARADISE,10105900,Little Bear River (Paradise),Stream,1.0,2785,LITTLE BEAR RIVER,Observational,USGS GAGING STATION,,A,41.5754835636687,-111.855213145594,Scrape,Yes,https://waterrights.utah.gov/cgi-bin/dvrtview.exe?Modinfo=StationView&STATION_ID=2785,1,DAILY_RECORDS,Mean daily discharge in CFS,Mean daily discharge in CFS,1.0,CFS,36,1988.0,2025.0
LITTLEBEAR,,2786,EAST FORK,IKF,East Fork Little Bear at Cinnamon Creek,Stream,1.0,2786,LITTLE BEAR RIVER,Observational,rated section,STAGE,A,41.5181158197728,-111.714435437968,Direct,Yes,https://waterrights.utah.gov/cgi-bin/dvrtview.exe?Modinfo=StationView&STATION_ID=2786,1,DAILY_RECORDS,Mean daily discharge in CFS,Mean daily discharge in CFS,1.0,CFS,31,1986.0,2025.0
,,2793,MOUND FORT NO 6,,,Conveyance,,2793,OGDEN RIVER,Observational,NONE,,A,41.2447198785899,-111.979534186961,Manual,No,https://waterrights.utah.gov/cgi-bin/dvrtview.exe?Modinfo=StationView&STATION_ID=2793,2,DAILY_RECORDS,MEAN daily discharge in CFS,Mean daily discharge in ACFT,1.98347107,CFS,52,1951.0,2024.0
,,2794,FARR ORCHARD DITCH,,,Conveyance,,2794,OGDEN RIVER,Observational,2 FOOT CIPOLETTI WEIR,,A,41.2400821196859,-111.947407009619,Manual,No,https://waterrights.utah.gov/cgi-bin/dvrtview.exe?Modinfo=StationView&STATION_ID=2794,2,DAILY_RECORDS,MEAN daily discharge in CFS,Mean daily discharge in ACFT,1.98347107,CFS,72,1950.0,2024.0
USGS,,2823,USGS SOUTH FORK OGDEN RIVER NEAR HUNTSVILLE UT,10137500,Ogden River South Fork USGS,Stream,1.0,2823,OGDEN RIVER,Observational,RATED SECTION,,A,41.2686601219459,-111.67406069434,Scrape,Yes,https://waterrights.utah.gov/cgi-bin/dvrtview.exe?Modinfo=StationView&STATION_ID=2823,1,DAILY_RECORDS,Mean daily discharge in CFS,Mean daily discharge in CFS,1.0,CFS,34,1957.0,2025.0
,,2825,SPANISH FORK CITY - MALCOLM STM-DELIVERY,,,Conveyance,,2825,SPANISH FORK RIVER,Observational,,,A,40.0722630265663,-111.581264479944,Manual,No,https://waterrights.utah.gov/cgi-bin/dvrtview.exe?Modinfo=StationView&STATION_ID=2825,2,DAILY_RECORDS,MEAN daily discharge in CFS,Mean daily discharge in ACFT,1.98347107,CFS,51,1961.0,2023.0
,,2827,SPANISH FORK CITY - DELIVERY,,,Conveyance,,2827,SPANISH FORK RIVER,Observational,,,A,40.0806234069711,-111.606392060863,Manual,No,https://waterrights.utah.gov/cgi-bin/dvrtview.exe?Modinfo=StationView&STATION_ID=2827,1,DAILY_RECORDS,Mean daily discharge in CFS,Mean daily discharge in CFS,1.0,CFS,51,1961.0,2024.0
BEAR_UPPER,,2850,FRANCIS LEE CANAL,12618,Francis Lee Canal,Conveyance,1.0,2850,UPPER BEAR,Observational,76-inch Ramp Flume,,A,41.5214416700179,-111.030607764102,Scrape,Yes,https://waterrights.utah.gov/cgi-bin/dvrtview.exe?Modinfo=StationView&STATION_ID=2850,1,DAILY_RECORDS,Mean daily discharge in CFS,Mean daily discharge in CFS,1.0,CFS,47,1965.0,2024.0
BEAR_UPPER,,2851,BEAR RIVER CANAL,12191,Bear River Canal,Conveyance,1.0,2851,UPPER BEAR,Observational,ramp flume (120 cfs max),,A,41.5226060004493,-111.030726514334,Scrape,Yes,https://waterrights.utah.gov/cgi-bin/dvrtview.exe?Modinfo=StationView&STATION_ID=2851,1,DAILY_RECORDS,Mean daily discharge in CFS,Mean daily discharge in CFS,1.0,CFS,47,1970.0,2025.0
BEAR_UPPER,,2852,NEVILLE CANAL,12622,Neville Canal,Conveyance,1.0,2852,UPPER BEAR,Observational,3-foot ramp flume,,A,41.5211231301247,-111.103338968979,Scrape,Yes,https://waterrights.utah.gov/cgi-bin/dvrtview.exe?Modinfo=StationView&STATION_ID=2852,1,DAILY_RECORDS,Mean daily discharge in CFS,Mean daily discharge in CFS,1.0,CFS,52,1964.0,2025.0
BEAR_UPPER,,2853,BOOTH CANAL,12204,Booth Canal,Conveyance,1.0,2853,UPPER BEAR,Observational,38-inch Ramp Flume,,A,41.5217005584291,-111.103730611303,Scrape,Yes,https://waterrights.utah.gov/cgi-bin/dvrtview.exe?Modinfo=StationView&STATION_ID=2853,1,DAILY_RECORDS,Mean daily discharge in CFS,Mean daily discharge in CFS,1.0,CFS,52,1964.0,2025.0
BEAR_UPPER,,2854,REES LAND & LIVESTOCK CANAL,12630,Rees Land & Livestock Canal,Conveyance,1.0,2854,UPPER BEAR,Observational,8-foot rating box,,A,41.5235844477474,-111.105555308095,Scrape,Yes,https://waterrights.utah.gov/cgi-bin/dvrtview.exe?Modinfo=StationView&STATION_ID=2854,1,DAILY_RECORDS,Mean daily discharge in CFS,Mean daily discharge in CFS,1.0,CFS,52,1964.0,2025.0
BEAR_UPPER,,2855,RANDOLPH WOODRUFF CANAL,12626,Randolph & Woodruff,Conveyance,1.0,2855,UPPER BEAR,Observational,36-foot flume,,A,41.520581841007,-111.130842087881,Scrape,Yes,https://waterrights.utah.gov/cgi-bin/dvrtview.exe?Modinfo=StationView&STATION_ID=2855,1,DAILY_RECORDS,Mean daily discharge in CFS,Mean daily discharge in CFS,1.0,CFS,52,1964.0,2025.0
BEAR_UPPER,,2856,CRAWFORD-THOMPSON CANAL,12610,Crawford Thompson Canal,Conveyance,1.0,2856,UPPER BEAR,Observational,Ramp Flume,,A,41.5260564374062,-111.128390481502,Scrape,Yes,https://waterrights.utah.gov/cgi-bin/dvrtview.exe?Modinfo=StationView&STATION_ID=2856,1,DAILY_RECORDS,Mean daily discharge in CFS,Mean daily discharge in CFS,1.0,CFS,52,1959.0,2025.0
BEAR_UPPER,,2857,DYKENS CANAL,12597,Dykens Canal,Conveyance,1.0,2857,UPPER BEAR,Observational,76-inch Ramp Flume,,A,41.5736416666026,-111.143745140079,Scrape,Yes,https://waterrights.utah.gov/cgi-bin/dvrtview.exe?Modinfo=StationView&STATION_ID=2857,1,DAILY_RECORDS,Mean daily discharge in CFS,Mean daily discharge in CFS,1.0,CFS,52,1959.0,2025.0
BEAR_UPPER,,2858,MCMINN CANAL,12604,McMinn Canal,Conveyance,1.0,2858,UPPER BEAR,Observational,ramp flume (8ft),,A,41.7005746383097,-111.113489820186,Scrape,Yes,https://waterrights.utah.gov/cgi-bin/dvrtview.exe?Modinfo=StationView&STATION_ID=2858,1,DAILY_RECORDS,Mean daily discharge in CFS,Mean daily discharge in CFS,1.0,CFS,52,1964.0,2025.0
BEAR_UPPER,,2859,ENBERG CANAL,12601,Enberg Canal,Conveyance,1.0,2859,UPPER BEAR,Observational,5-foot Ramp Flume,,A,41.7154300100898,-111.08479912684,Scrape,Yes,https://waterrights.utah.gov/cgi-bin/dvrtview.exe?Modinfo=StationView&STATION_ID=2859,1,DAILY_RECORDS,Mean daily discharge in CFS,Mean daily discharge in CFS,1.0,CFS,52,1964.0,2025.0
BEAR_UPPER,,2861,B Q WESTSIDE CANAL,12184,B Q Westside Canal,Conveyance,1.0,2861,UPPER BEAR,Observational,20-ft Ramp Flume,DIGITAL,A,41.7197575334697,-111.086115503177,Scrape,Yes,https://waterrights.utah.gov/cgi-bin/dvrtview.exe?Modinfo=StationView&STATION_ID=2861,1,DAILY_RECORDS,Mean daily discharge in CFS,Mean daily discharge in CFS,1.0,CFS,51,1964.0,2024.0
,,2872,083 RHODES WOLF CREEK DIVERSION DAM,,,Conveyance,,2872,DUCHESNE RIVER,Observational,,,A,40.4743165116434,-110.931106344684,Manual,Yes,https://waterrights.utah.gov/cgi-bin/dvrtview.exe?Modinfo=StationView&STATION_ID=2872,1,DAILY_RECORDS,Mean daily discharge in CFS,Mean daily discharge in CFS,1.0,CFS,33,1992.0,2024.0
,,2874,IPP DMAD PUMPING,,,Conveyance,,2874,SEVIER RIVER,Observational,,,A,39.3941323939011,-112.480287916021,Manual,Yes,https://waterrights.utah.gov/cgi-bin/dvrtview.exe?Modinfo=StationView&STATION_ID=2874,1,DAILY_RECORDS,Mean daily discharge in CFS,Mean daily discharge in CFS,1.0,CFS,35,1990.0,2024.0
MILLCREEK_DL,,2885,SHELEY TUNNEL TOTAL FLOW,Sheeley Tunnel,Sheeley Tunnel,Conveyance,1.0,2885,MILL CREEK (MOAB),Observational,5 foot suppressed Weir w/still well,DIGITAL,A,38.4835498930941,-109.408389801371,Direct,Yes,https://waterrights.utah.gov/cgi-bin/dvrtview.exe?Modinfo=StationView&STATION_ID=2885,1,DAILY_RECORDS,Mean daily discharge in CFS,Mean daily discharge in CFS,1.0,CFS,29,1983.0,2025.0
,,2890,JANIE WALKER,,,Conveyance,,2890,MILL CREEK (MOAB),Observational,1.33` CONTRACTED RECTANGULAR WEIR,,I,38.561484520558,-109.52075893416,Manual,No,https://waterrights.utah.gov/cgi-bin/dvrtview.exe?Modinfo=StationView&STATION_ID=2890,1,DAILY_RECORDS,Mean daily discharge in CFS,Mean daily discharge in CFS,1.0,CFS,38,1983.0,2023.0
,,2891,GCWCD - CEMETARY WELL,,,Well,,2891,MILL CREEK (MOAB),Observational,Analog Totalizing Meter,,A,38.5612431512121,-109.529219234802,Manual,No,https://waterrights.utah.gov/cgi-bin/dvrtview.exe?Modinfo=StationView&STATION_ID=2891,1,DAILY_RECORDS,Mean daily discharge in CFS,Mean daily discharge in CFS,1.0,CFS,21,1989.0,2023.0
,,2892,GCWCD - SCHUMAKER WELL #1 (UPPER),,,Well,,2892,MILL CREEK (MOAB),Observational,Analog Totalizing Meter,,A,38.5622842871021,-109.515352949358,Manual,No,https://waterrights.utah.gov/cgi-bin/dvrtview.exe?Modinfo=StationView&STATION_ID=2892,1,DAILY_RECORDS,Mean daily discharge in CFS,Mean daily discharge in CFS,1.0,CFS,24,1986.0,2023.0
MILLCREEK_DL,,2893,SOUTH MESA TOTAL FLOW - COMMISSIONER READING,South Mesa Ditch,South Mesa Ditch,Conveyance,1.0,2893,MILL CREEK (MOAB),Observational,1-FOOT PARSHALL FLUME,,A,38.5089731783075,-109.291013938099,Direct,Yes,https://waterrights.utah.gov/cgi-bin/dvrtview.exe?Modinfo=StationView&STATION_ID=2893,1,DAILY_RECORDS,Mean daily discharge in CFS,Mean daily discharge in CFS,1.0,CFS,42,1983.0,2025.0
,,2894,GCWCD - SCHUMAKER WELL #3 (LOWER),,,Well,,2894,MILL CREEK (MOAB),Observational,Analog Totalizing Meter,,A,38.5610747339114,-109.521220700109,Manual,No,https://waterrights.utah.gov/cgi-bin/dvrtview.exe?Modinfo=StationView&STATION_ID=2894,1,DAILY_RECORDS,Mean daily discharge in CFS,Mean daily discharge in CFS,1.0,CFS,21,1989.0,2023.0
MILLCREEK_DL,,2896,WILSON MESA TOTAL FLOW - COMMISSIONER READING,Wilson Mesa,Wilson Mesa,Conveyance,1.0,2896,MILL CREEK (MOAB),Observational,1.5` PARSHALL FLUME,,A,38.5364616505695,-109.329806799641,Direct,Yes,https://waterrights.utah.gov/cgi-bin/dvrtview.exe?Modinfo=StationView&STATION_ID=2896,1,DAILY_RECORDS,Mean daily discharge in CFS,Mean daily discharge in CFS,1.0,CFS,39,1983.0,2025.0
,,2897,"GCWCD, DESERT PARNERS LLC",,,,,2897,MILL CREEK (MOAB),Observational,SOUTH MESA PARSHALL FLUME,,I,38.5087860694433,-109.290670720135,,No,https://waterrights.utah.gov/cgi-bin/dvrtview.exe?Modinfo=StationView&STATION_ID=2897,5,MONTHLY_RECORDS,Monthly Discharge in ACFT,Monthly Discharge in ACFT,1.0,ACFT,0,,
DUCHESNE,,2920,FARNSWORTH CANAL FLUME,8605,*,Conveyance,,2920,LAKE FORK RIVER,Observational,8 FOOT PARSHALL FLUME W/ RECORDER,,A,40.5042659784177,-110.425854778807,Scrape,Yes,https://waterrights.utah.gov/cgi-bin/dvrtview.exe?Modinfo=StationView&STATION_ID=2920,1,DAILY_RECORDS,Mean daily discharge in CFS,Mean daily discharge in CFS,1.0,CFS,67,1950.0,2025.0
,,2929,PURDY CANAL,,,Conveyance,,2929,LAKE FORK RIVER,Observational,2 FOOT PARSHALL FLUME W/ RECORDER,,I,,,Manual,,https://waterrights.utah.gov/cgi-bin/dvrtview.exe?Modinfo=StationView&STATION_ID=2929,1,DAILY_RECORDS,Mean daily discharge in CFS,Mean daily discharge in CFS,1.0,CFS,55,1950.0,2023.0
,,2950,COLTHARP DITCH,,,Conveyance,,2950,UINTA AND WHITEROCKS RIVERS,Observational,3 FOOT PARSHALL FLUME,,I,40.4744305950179,-109.965263704892,Manual,No,https://waterrights.utah.gov/cgi-bin/dvrtview.exe?Modinfo=StationView&STATION_ID=2950,1,DAILY_RECORDS,Mean daily discharge in CFS,Mean daily discharge in CFS,1.0,CFS,45,1957.0,2023.0
,,2951,LARSEN DITCH,,,Conveyance,,2951,UINTA AND WHITEROCKS RIVERS,Observational,GAGE,,I,40.4788715446568,-109.97184254071,,,https://waterrights.utah.gov/cgi-bin/dvrtview.exe?Modinfo=StationView&STATION_ID=2951,1,DAILY_RECORDS,Mean daily discharge in CFS,Mean daily discharge in CFS,1.0,CFS,33,1965.0,2021.0
,,2960,DITCH D (INACTIVE),,,Conveyance,,2960,UINTA AND WHITEROCKS RIVERS,Observational,NONE,,I,40.4339508319587,-109.931301035467,Manual,,https://waterrights.utah.gov/cgi-bin/dvrtview.exe?Modinfo=StationView&STATION_ID=2960,1,DAILY_RECORDS,Mean daily discharge in CFS,Mean daily discharge in CFS,1.0,CFS,27,1969.0,2024.0
,,2961,HALL & LEE DITCH,,,Conveyance,,2961,UINTA AND WHITEROCKS RIVERS,Observational,NONE,,I,40.406061964876,-109.921703571486,Manual,,https://waterrights.utah.gov/cgi-bin/dvrtview.exe?Modinfo=StationView&STATION_ID=2961,1,DAILY_RECORDS,Mean daily discharge in CFS,Mean daily discharge in CFS,1.0,CFS,31,1969.0,2021.0
,,2962,BENCH CANAL (INACTIVE),,,Conveyance,,2962,UINTA AND WHITEROCKS RIVERS,Observational,10 FOOT PARSHALL FLUME W/ RECORDER,,I,40.3976379298426,-109.917675765247,Scrape,Yes,https://waterrights.utah.gov/cgi-bin/dvrtview.exe?Modinfo=StationView&STATION_ID=2962,1,DAILY_RECORDS,Mean daily discharge in CFS,Mean daily discharge in CFS,1.0,CFS,54,1950.0,2023.0
,,2963,FARM CREEK CANAL (INACTIVE),,,Conveyance,,2963,UINTA AND WHITEROCKS RIVERS,Observational,4 FOOT PARSHALL FLUME W/ RECORDER,,I,40.5498586283813,-109.924209017615,Manual,,https://waterrights.utah.gov/cgi-bin/dvrtview.exe?Modinfo=StationView&STATION_ID=2963,1,DAILY_RECORDS,Mean daily discharge in CFS,Mean daily discharge in CFS,1.0,CFS,53,1950.0,2023.0
,,2967,OURAY EXTENSION CANAL,,,Conveyance,,2967,UINTA AND WHITEROCKS RIVERS,Observational,8 FOOT PARSHALL FLUME W/ RECORDER,,I,40.3786714348242,-109.771906364281,Manual,,https://waterrights.utah.gov/cgi-bin/dvrtview.exe?Modinfo=StationView&STATION_ID=2967,1,DAILY_RECORDS,Mean daily discharge in CFS,Mean daily discharge in CFS,1.0,CFS,50,1950.0,2008.0
,,2971,PARK CANAL FROM DEEP CREEK,,,Conveyance,,2971,UINTA AND WHITEROCKS RIVERS,Observational,,,I,40.3678653512501,-109.826340965599,Manual,,https://waterrights.utah.gov/cgi-bin/dvrtview.exe?Modinfo=StationView&STATION_ID=2971,1,DAILY_RECORDS,Mean daily discharge in CFS,Mean daily discharge in CFS,1.0,CFS,19,1965.0,2001.0
,,2972,MOFFAT CANAL,,,Conveyance,,2972,UINTA AND WHITEROCKS RIVERS,Observational,6 FOOT PARSHALL FLUME W/ RECORDER,,I,40.3482784734561,-109.840273674994,Manual,,https://waterrights.utah.gov/cgi-bin/dvrtview.exe?Modinfo=StationView&STATION_ID=2972,1,DAILY_RECORDS,Mean daily discharge in CFS,Mean daily discharge in CFS,1.0,CFS,52,1950.0,2023.0
,,2974,MILITARY DITCH,,,Conveyance,,2974,UINTA AND WHITEROCKS RIVERS,Observational,3 FOOT CUTTHROAT FLUME,,I,,,,,https://waterrights.utah.gov/cgi-bin/dvrtview.exe?Modinfo=StationView&STATION_ID=2974,1,DAILY_RECORDS,Mean daily discharge in CFS,Mean daily discharge in CFS,1.0,CFS,12,1978.0,2002.0
,,2977,HENRY JIM DITCH (INACTIVE),,,Conveyance,,2977,UINTA AND WHITEROCKS RIVERS,Observational,3 FOOT PARSHALL FLUME W/ RECORDER,,I,40.2713720234676,-109.851264347374,,,https://waterrights.utah.gov/cgi-bin/dvrtview.exe?Modinfo=StationView&STATION_ID=2977,1,DAILY_RECORDS,Mean daily discharge in CFS,Mean daily discharge in CFS,1.0,CFS,54,1950.0,2023.0
,,2978,MOFFAT CANAL FROM RED WASH,,,Conveyance,,2978,UINTA AND WHITEROCKS RIVERS,Observational,NONE,,I,,,Manual,,https://waterrights.utah.gov/cgi-bin/dvrtview.exe?Modinfo=StationView&STATION_ID=2978,1,DAILY_RECORDS,Mean daily discharge in CFS,Mean daily discharge in CFS,1.0,CFS,14,1978.0,2006.0
,,2989,JOES VALLEY PROJECT WATER-GATE 646,,,Conveyance,,2989,HUNTINGTON CREEK,Observational,SUBMERGED ORIFICE,,I,,,,Yes,https://waterrights.utah.gov/cgi-bin/dvrtview.exe?Modinfo=StationView&STATION_ID=2989,1,DAILY_RECORDS,Mean daily discharge in CFS,Mean daily discharge in CFS,1.0,CFS,18,1983.0,2004.0
EMERY,,2991,AVERY DITCH,9363,Total flow Avery Ditch,Conveyance,1.0,2991,HUNTINGTON CREEK,Observational,1` Parshall Flume,DIGITAL,A,39.3229943718767,-110.941049579243,Scrape,Yes,https://waterrights.utah.gov/cgi-bin/dvrtview.exe?Modinfo=StationView&STATION_ID=2991,1,DAILY_RECORDS,Mean daily discharge in CFS,Mean daily discharge in CFS,1.0,CFS,38,1930.0,2024.0
EMERY,,2993,JEFFS DITCH,5476,Craig Johansen (Jeffs Ditch),Conveyance,1.0,2993,HUNTINGTON CREEK,Observational,ULTRASONIC DEPTH SENSOR,DIGITAL,A,39.2250504126835,-110.920939115953,Scrape,Yes,https://waterrights.utah.gov/cgi-bin/dvrtview.exe?Modinfo=StationView&STATION_ID=2993,1,DAILY_RECORDS,Mean daily discharge in CFS,Mean daily discharge in CFS,1.0,CFS,39,1930.0,2025.0
EMERY,,2994,HCIC CLEVELAND - CANAL PORTION,6285,HCIC Cleveland Canal,Conveyance,1.0,2994,HUNTINGTON CREEK,Observational,8 ft parshall flume,DIGITAL,A,39.355677704241,-111.019653107069,Scrape,Yes,https://waterrights.utah.gov/cgi-bin/dvrtview.exe?Modinfo=StationView&STATION_ID=2994,1,DAILY_RECORDS,Mean daily discharge in CFS,Mean daily discharge in CFS,1.0,CFS,45,1930.0,2025.0
EMERY,,2995,HCIC NORTH DITCH,6569,NORTH DITCH FLOW,Conveyance,1.0,2995,HUNTINGTON CREEK,Observational,8 FOOT PARSHALL FLUME,DIGITAL,A,39.3472141748091,-111.003524530028,Scrape,Yes,https://waterrights.utah.gov/cgi-bin/dvrtview.exe?Modinfo=StationView&STATION_ID=2995,1,DAILY_RECORDS,Mean daily discharge in CFS,Mean daily discharge in CFS,1.0,CFS,45,1930.0,2025.0
,,2996,HCIC HUNTINGTON CANAL,,,Conveyance,,2996,HUNTINGTON CREEK,Observational,8 FOOT PARSHALL FLUME,,I,,,,Yes,https://waterrights.utah.gov/cgi-bin/dvrtview.exe?Modinfo=StationView&STATION_ID=2996,1,DAILY_RECORDS,Mean daily discharge in CFS,Mean daily discharge in CFS,1.0,CFS,34,1930.0,2016.0
,,3002,CASTLE VALLEY SPECIAL SERVICE DIST-CUL,,,Conveyance,,3002,HUNTINGTON CREEK,Observational,,,I,39.4584890540089,-111.13733282816,,No,https://waterrights.utah.gov/cgi-bin/dvrtview.exe?Modinfo=StationView&STATION_ID=3002,5,MONTHLY_RECORDS,Monthly Discharge in ACFT,Monthly Discharge in ACFT,1.0,ACFT,0,,
,,3006,HUNTINGTON PLANT WELLS,,,Well,,3006,HUNTINGTON CREEK,Observational,,,A,39.3857531798789,-111.085429208873,Manual,No,https://waterrights.utah.gov/cgi-bin/dvrtview.exe?Modinfo=StationView&STATION_ID=3006,1,DAILY_RECORDS,Mean daily discharge in CFS,Mean daily discharge in CFS,1.0,CFS,9,1998.0,2023.0
DUCHESNE,,3025,340 KNIGHT PIPE,8654,KNIGHTS PIPE,Conveyance,5.0,3025,DUCHESNE RIVER,Observational,,DIGITAL,A,40.2916046227657,-110.488527956805,Scrape,Yes,https://waterrights.utah.gov/cgi-bin/dvrtview.exe?Modinfo=StationView&STATION_ID=3025,1,DAILY_RECORDS,Mean daily discharge in CFS,Mean daily discharge in CFS,1.0,CFS,32,1993.0,2025.0
,,3027,380 DUCHESNE VALLEY TREATMENT PLANT,,,Conveyance,,3027,DUCHESNE RIVER,Observational,,,A,40.1942267520565,-110.437519020459,Manual,No,https://waterrights.utah.gov/cgi-bin/dvrtview.exe?Modinfo=StationView&STATION_ID=3027,2,DAILY_RECORDS,MEAN daily discharge in CFS,Mean daily discharge in ACFT,1.98347107,CFS,32,1993.0,2024.0
,,3033,CCCIC - JOHNSON DITCH,,,Conveyance,1.0,3033,COTTONWOOD CREEK,Observational,12` PARSHALL FLUME W/ TELEMETRY,DIGITAL,I,39.2761052861541,-111.180337913609,Manual,Yes,https://waterrights.utah.gov/cgi-bin/dvrtview.exe?Modinfo=StationView&STATION_ID=3033,1,DAILY_RECORDS,Mean daily discharge in CFS,Mean daily discharge in CFS,1.0,CFS,36,1987.0,2022.0
DUCHESNE,,3034,350 SHANKS PIPE,8819,SHANKS PIPE,Conveyance,5.0,3034,DUCHESNE RIVER,Observational,,DIGITAL,A,40.2899928041151,-110.488992223833,Scrape,Yes,https://waterrights.utah.gov/cgi-bin/dvrtview.exe?Modinfo=StationView&STATION_ID=3034,1,DAILY_RECORDS,Mean daily discharge in CFS,Mean daily discharge in CFS,1.0,CFS,32,1993.0,2025.0
,,3035,UPPER JOES VALLEY DITCHES (MONTHLY),,,Conveyance,,3035,COTTONWOOD CREEK,Observational,,,I,,,,No,https://waterrights.utah.gov/cgi-bin/dvrtview.exe?Modinfo=StationView&STATION_ID=3035,5,MONTHLY_RECORDS,Monthly Discharge in ACFT,Monthly Discharge in ACFT,1.0,ACFT,0,,
,,3036,INDIAN CREEK DITCHES (PRIVATE),,,Conveyance,,3036,COTTONWOOD CREEK,Observational,,,I,,,,No,https://waterrights.utah.gov/cgi-bin/dvrtview.exe?Modinfo=StationView&STATION_ID=3036,1,DAILY_RECORDS,Mean daily discharge in CFS,Mean daily discharge in CFS,1.0,CFS,15,1990.0,2004.0
,,3038,TRANS. MTN. DIV. - SEELEY PROCTOR DITCH,,,Conveyance,,3038,COTTONWOOD CREEK,Observational,,,I,,,Manual,No,https://waterrights.utah.gov/cgi-bin/dvrtview.exe?Modinfo=StationView&STATION_ID=3038,1,DAILY_RECORDS,Mean daily discharge in CFS,Mean daily discharge in CFS,1.0,CFS,10,1949.0,1958.0
,,3039,TRANS. MTN. DIV. - MTN. TUNNEL DITCH,,,Conveyance,,3039,COTTONWOOD CREEK,Observational,,,I,,,Manual,No,https://waterrights.utah.gov/cgi-bin/dvrtview.exe?Modinfo=StationView&STATION_ID=3039,1,DAILY_RECORDS,Mean daily discharge in CFS,Mean daily discharge in CFS,1.0,CFS,9,1950.0,1958.0
,,3040,TRANS. MTN. DIV. - CEDAR CREEK TUNNEL,,,,,3040,COTTONWOOD CREEK,Observational,,,I,,,,No,https://waterrights.utah.gov/cgi-bin/dvrtview.exe?Modinfo=StationView&STATION_ID=3040,1,DAILY_RECORDS,Mean daily discharge in CFS,Mean daily discharge in CFS,1.0,CFS,10,1949.0,1958.0
USGS,,3041,TRANS. MTN. DIV. - EPHRAIM TUNNEL,9319000,"USGS EPHRAIM TUNNEL NEAR EPHRAIM, UT",Conveyance,1.0,3041,COTTONWOOD CREEK,Observational,bubbler,,A,39.3297386071014,-111.431770380922,Scrape,Yes,https://waterrights.utah.gov/cgi-bin/dvrtview.exe?Modinfo=StationView&STATION_ID=3041,1,DAILY_RECORDS,Mean daily discharge in CFS,Mean daily discharge in CFS,1.0,CFS,66,1960.0,2025.0
,,3043,TRANS. MTN. DIV. - SPRING CITY TUNNEL,,,Conveyance,,3043,COTTONWOOD CREEK,Observational,,,I,,,Manual,Yes,https://waterrights.utah.gov/cgi-bin/dvrtview.exe?Modinfo=StationView&STATION_ID=3043,1,DAILY_RECORDS,Mean daily discharge in CFS,Mean daily discharge in CFS,1.0,CFS,44,1960.0,2003.0
,,3044,TRANS. MTN. DIV. - BECKS DITCH,,,,,3044,COTTONWOOD CREEK,Observational,,,I,,,,No,https://waterrights.utah.gov/cgi-bin/dvrtview.exe?Modinfo=StationView&STATION_ID=3044,1,DAILY_RECORDS,Mean daily discharge in CFS,Mean daily discharge in CFS,1.0,CFS,10,1949.0,1958.0
,,3045,TRANS. MTN. DIV. - HORSESHOE TUNNEL,,,Conveyance,,3045,COTTONWOOD CREEK,Observational,,,I,,,Manual,No,https://waterrights.utah.gov/cgi-bin/dvrtview.exe?Modinfo=StationView&STATION_ID=3045,1,DAILY_RECORDS,Mean daily discharge in CFS,Mean daily discharge in CFS,1.0,CFS,10,1949.0,1958.0
,,3046,TRANS. MTN. DIV. - LARSON TUNNEL,,,Conveyance,,3046,COTTONWOOD CREEK,Observational,,,I,,,Manual,No,https://waterrights.utah.gov/cgi-bin/dvrtview.exe?Modinfo=StationView&STATION_ID=3046,1,DAILY_RECORDS,Mean daily discharge in CFS,Mean daily discharge in CFS,1.0,CFS,10,1949.0,1958.0
,,3048,CCCIC - REEDER CREEK - SUBDIVISION DITCH,,,Conveyance,,3048,COTTONWOOD CREEK,Observational,,,A,39.3385224906008,-111.289214153063,Manual,No,https://waterrights.utah.gov/cgi-bin/dvrtview.exe?Modinfo=StationView&STATION_ID=3048,1,DAILY_RECORDS,Mean daily discharge in CFS,Mean daily discharge in CFS,1.0,CFS,5,1990.0,2014.0
,,3054,CCCIC - REEDER CREEK - OLSENS DITCH 1A,,,Conveyance,,3054,COTTONWOOD CREEK,Observational,9 Inch Parshall Flume,,A,39.3349862044011,-111.298596930378,Manual,No,https://waterrights.utah.gov/cgi-bin/dvrtview.exe?Modinfo=StationView&STATION_ID=3054,1,DAILY_RECORDS,Mean daily discharge in CFS,Mean daily discharge in CFS,1.0,CFS,31,1990.0,2024.0
,,3055,CCCIC - REEDER CREEK - FILLMORE DITCH,,,Conveyance,,3055,COTTONWOOD CREEK,Observational,9 Inch Parshall Flume,,A,39.3349825902976,-111.297907967638,Manual,No,https://waterrights.utah.gov/cgi-bin/dvrtview.exe?Modinfo=StationView&STATION_ID=3055,1,DAILY_RECORDS,Mean daily discharge in CFS,Mean daily discharge in CFS,1.0,CFS,35,1990.0,2024.0
EMERY,,3061,UP&L-BRASHER DITCH (JULIE JOHANSEN),5726,UP&L - Brasher Ditch,Conveyance,1.0,3061,HUNTINGTON CREEK,Observational,2` Parshall Flume,DIGITAL,A,39.2548733587477,-110.918864332312,Scrape,Yes,https://waterrights.utah.gov/cgi-bin/dvrtview.exe?Modinfo=StationView&STATION_ID=3061,1,DAILY_RECORDS,Mean daily discharge in CFS,Mean daily discharge in CFS,1.0,CFS,36,1983.0,2025.0
,,3062,088 WIN DIVERSION (TWIN CREEK DIV DAM),,,Conveyance,,3062,DUCHESNE RIVER,Observational,,,A,40.4739751791983,-110.921688385226,Manual,Yes,https://waterrights.utah.gov/cgi-bin/dvrtview.exe?Modinfo=StationView&STATION_ID=3062,1,DAILY_RECORDS,Mean daily discharge in CFS,Mean daily discharge in CFS,1.0,CFS,34,1990.0,2024.0
EMERY,,3063,JOES VALLEY PROJECT WATER-GATE 719,11260,Gate 719,Conveyance,1.0,3063,HUNTINGTON CREEK,Observational,12 foot rectangular weir,DIGITAL,A,39.3222397788407,-110.986021271501,Scrape,Yes,https://waterrights.utah.gov/cgi-bin/dvrtview.exe?Modinfo=StationView&STATION_ID=3063,1,DAILY_RECORDS,Mean daily discharge in CFS,Mean daily discharge in CFS,1.0,CFS,26,1988.0,2025.0
EMERY,,3064,JOES VALLEY PROJECT WATER-GATE 826,6138,Gate 826,Conveyance,1.0,3064,HUNTINGTON CREEK,Observational,4 foot parshall,DIGITAL,A,39.3447705691034,-110.988630897445,Scrape,Yes,https://waterrights.utah.gov/cgi-bin/dvrtview.exe?Modinfo=StationView&STATION_ID=3064,1,DAILY_RECORDS,Mean daily discharge in CFS,Mean daily discharge in CFS,1.0,CFS,33,1983.0,2025.0
,,3065,075 VAT DIVERSION DAM,,,Conveyance,,3065,DUCHESNE RIVER,Observational,,,A,40.450253843656,-111.004953192941,Manual,Yes,https://waterrights.utah.gov/cgi-bin/dvrtview.exe?Modinfo=StationView&STATION_ID=3065,1,DAILY_RECORDS,Mean daily discharge in CFS,Mean daily discharge in CFS,1.0,CFS,36,1989.0,2024.0
CU_SCADA,,3072,280 DOCS SOUTH FORK DIVERSIONS,SWDOCFLW_PUB,DOCS South Fork Diversions,Conveyance,1.0,3072,DUCHESNE RIVER,Observational,,DIGITAL,A,40.5581654347161,-110.700468765946,Scrape,Yes,https://waterrights.utah.gov/cgi-bin/dvrtview.exe?Modinfo=StationView&STATION_ID=3072,1,DAILY_RECORDS,Mean daily discharge in CFS,Mean daily discharge in CFS,1.0,CFS,34,1992.0,2025.0
UINTAH,,3127,STEINAKER DITCH,10592,Steinaker Ditch,Conveyance,1.0,3127,ASHLEY CREEK,Observational,Pipeline Meter,FLOWMETER,A,40.5224364488815,-109.597817254978,Scrape,Yes,https://waterrights.utah.gov/cgi-bin/dvrtview.exe?Modinfo=StationView&STATION_ID=3127,1,DAILY_RECORDS,Mean daily discharge in CFS,Mean daily discharge in CFS,1.0,CFS,60,1962.0,2025.0
,,3128,HIGHLINE CANAL,,,Conveyance,,3128,ASHLEY CREEK,Observational,Pipeline Meter (Doppler with Pressur,,A,40.5119796839015,-109.594746310644,Manual,No,https://waterrights.utah.gov/cgi-bin/dvrtview.exe?Modinfo=StationView&STATION_ID=3128,1,DAILY_RECORDS,Mean daily discharge in CFS,Mean daily discharge in CFS,1.0,CFS,58,1962.0,2024.0
UINTAH,,3129,UPPER CANAL,10530,Colton Ditch North,Conveyance,1.0,3129,ASHLEY CREEK,Observational,Pipeline Meter (Doppler and Pressure,FLOWMETER,A,40.51195903491,-109.594575855151,Scrape,Yes,https://waterrights.utah.gov/cgi-bin/dvrtview.exe?Modinfo=StationView&STATION_ID=3129,1,DAILY_RECORDS,Mean daily discharge in CFS,Mean daily discharge in CFS,1.0,CFS,60,1962.0,2025.0
UINTAH,,3131,ROCKPOINT CANAL,10586,Rock Point,Conveyance,1.0,3131,ASHLEY CREEK,Observational,Pipeline Flow Meter,FLOWMETER,A,40.4915947322104,-109.585389866094,Scrape,Yes,https://waterrights.utah.gov/cgi-bin/dvrtview.exe?Modinfo=StationView&STATION_ID=3131,1,DAILY_RECORDS,Mean daily discharge in CFS,Mean daily discharge in CFS,1.0,CFS,60,1962.0,2025.0
UINTAH,,3132,ISLAND DITCH,10584,Island Ditch - Normal Flow,Conveyance,1.0,3132,ASHLEY CREEK,Observational,Meter in pipeline,FLOWMETER,A,40.4916293391631,-109.585545543207,Scrape,Yes,https://waterrights.utah.gov/cgi-bin/dvrtview.exe?Modinfo=StationView&STATION_ID=3132,1,DAILY_RECORDS,Mean daily discharge in CFS,Mean daily discharge in CFS,1.0,CFS,60,1962.0,2025.0
UINTAH,,3133,CENTRAL CANAL,10588,Central Canal,Conveyance,1.0,3133,ASHLEY CREEK,Observational,10-ft Concrete Parshall Flume,FLOWMETER,A,40.49155412753,-109.585606722525,Scrape,Yes,https://waterrights.utah.gov/cgi-bin/dvrtview.exe?Modinfo=StationView&STATION_ID=3133,1,DAILY_RECORDS,Mean daily discharge in CFS,Mean daily discharge in CFS,1.0,CFS,60,1962.0,2025.0
UINTAH,,3134,FEEDER,10532,,Conveyance,1.0,3134,ASHLEY CREEK,Observational,15-ft  Concrete Parshall Flume,FLOWMETER,A,40.4925768612775,-109.584124242431,Scrape,Yes,https://waterrights.utah.gov/cgi-bin/dvrtview.exe?Modinfo=StationView&STATION_ID=3134,1,DAILY_RECORDS,Mean daily discharge in CFS,Mean daily discharge in CFS,1.0,CFS,56,1963.0,2025.0
UINTAH,,3136,DODDS DITCH,10587,Dodds,Conveyance,1.0,3136,ASHLEY CREEK,Observational,2-ft Parshall Flume,FLOWMETER,A,40.4916911293842,-109.585060661283,Manual,No,https://waterrights.utah.gov/cgi-bin/dvrtview.exe?Modinfo=StationView&STATION_ID=3136,1,DAILY_RECORDS,Mean daily discharge in CFS,Mean daily discharge in CFS,1.0,CFS,60,1962.0,2025.0
,,3137,JACKSON BRIDGE,,,Conveyance,,3137,BRUSH CREEK,Observational,,,I,,,,,https://waterrights.utah.gov/cgi-bin/dvrtview.exe?Modinfo=StationView&STATION_ID=3137,5,MONTHLY_RECORDS,Monthly Discharge in ACFT,Monthly Discharge in ACFT,1.0,ACFT,0,,
UINTAH,,3138,BURNS BENCH DIVIDER,10506,Burns Bench flow,Conveyance,1.0,3138,BRUSH CREEK,Observational,Pipe Meter,FLOWMETER,A,40.3986979810727,-109.340903095054,Scrape,Yes,https://waterrights.utah.gov/cgi-bin/dvrtview.exe?Modinfo=StationView&STATION_ID=3138,1,DAILY_RECORDS,Mean daily discharge in CFS,Mean daily discharge in CFS,1.0,CFS,5,1961.0,2025.0
,,3139,JACKSON RANCH,,,Conveyance,,3139,BRUSH CREEK,Observational,,,I,,,,,https://waterrights.utah.gov/cgi-bin/dvrtview.exe?Modinfo=StationView&STATION_ID=3139,1,DAILY_RECORDS,Mean daily discharge in CFS,Mean daily discharge in CFS,1.0,CFS,4,1961.0,2004.0
,,3140,COLTON-HATCH DITCH - HUGH COLTON,,,Conveyance,,3140,BRUSH CREEK,Observational,,,I,,,,,https://waterrights.utah.gov/cgi-bin/dvrtview.exe?Modinfo=StationView&STATION_ID=3140,1,DAILY_RECORDS,Mean daily discharge in CFS,Mean daily discharge in CFS,1.0,CFS,3,1961.0,1965.0
,,3141,COLTON-HATCH DITCH - BERT HATCH,,,Conveyance,,3141,BRUSH CREEK,Observational,,,I,,,,,https://waterrights.utah.gov/cgi-bin/dvrtview.exe?Modinfo=StationView&STATION_ID=3141,1,DAILY_RECORDS,Mean daily discharge in CFS,Mean daily discharge in CFS,1.0,CFS,3,1961.0,1965.0
UINTAH,,3142,UPPER & LOWER DITCHES - SHINER RANCH,10496,Upper Sunshine,Conveyance,1.0,3142,BRUSH CREEK,Observational,,FLOWMETER,A,40.4773307291107,-109.392868744376,Scrape,Yes,https://waterrights.utah.gov/cgi-bin/dvrtview.exe?Modinfo=StationView&STATION_ID=3142,1,DAILY_RECORDS,Mean daily discharge in CFS,Mean daily discharge in CFS,1.0,CFS,4,1961.0,2025.0
UINTAH,,3143,H. AINGE DITCHES,10673,Lower Sunshine Ainge flow,Conveyance,1.0,3143,BRUSH CREEK,Observational,Meter,FLOWMETER,A,40.4376797451143,-109.397153975925,Scrape,Yes,https://waterrights.utah.gov/cgi-bin/dvrtview.exe?Modinfo=StationView&STATION_ID=3143,1,DAILY_RECORDS,Mean daily discharge in CFS,Mean daily discharge in CFS,1.0,CFS,4,1961.0,2025.0
,,3144,SAM SESSIONS,,,Conveyance,,3144,BRUSH CREEK,Observational,,,I,,,,,https://waterrights.utah.gov/cgi-bin/dvrtview.exe?Modinfo=StationView&STATION_ID=3144,1,DAILY_RECORDS,Mean daily discharge in CFS,Mean daily discharge in CFS,1.0,CFS,3,1961.0,1965.0
UINTAH,,3145,SUNSHINE CANAL - SUNSHINE RANCHES,10498,Lower Sunshine flow,Conveyance,1.0,3145,BRUSH CREEK,Observational,Meter,FLOWMETER,A,40.4376702965034,-109.397104705898,Scrape,Yes,https://waterrights.utah.gov/cgi-bin/dvrtview.exe?Modinfo=StationView&STATION_ID=3145,1,DAILY_RECORDS,Mean daily discharge in CFS,Mean daily discharge in CFS,1.0,CFS,4,1961.0,2025.0
UINTAH,,3146,SUNSHINE CANAL - MURRAYS,10500,Murray Ditch,Conveyance,1.0,3146,BRUSH CREEK,Observational,Meter,FLOWMETER,A,40.41942241092,-109.369813408416,Scrape,Yes,https://waterrights.utah.gov/cgi-bin/dvrtview.exe?Modinfo=StationView&STATION_ID=3146,1,DAILY_RECORDS,Mean daily discharge in CFS,Mean daily discharge in CFS,1.0,CFS,4,1961.0,2025.0
UINTAH,,3148,WILFORD EVANS,10674,Lower Sunshine Evans flow,Conveyance,1.0,3148,BRUSH CREEK,Observational,Meter,FLOWMETER,A,40.4376836136717,-109.397170496161,Scrape,Yes,https://waterrights.utah.gov/cgi-bin/dvrtview.exe?Modinfo=StationView&STATION_ID=3148,1,DAILY_RECORDS,Mean daily discharge in CFS,Mean daily discharge in CFS,1.0,CFS,3,1964.0,2025.0
,,3149,WOODY SEARLE,,,Conveyance,,3149,BRUSH CREEK,Observational,,,I,,,,,https://waterrights.utah.gov/cgi-bin/dvrtview.exe?Modinfo=StationView&STATION_ID=3149,1,DAILY_RECORDS,Mean daily discharge in CFS,Mean daily discharge in CFS,1.0,CFS,2,1964.0,1965.0
,,3150,REED TAYLOR,,,Conveyance,,3150,BRUSH CREEK,Observational,,,I,,,,,https://waterrights.utah.gov/cgi-bin/dvrtview.exe?Modinfo=StationView&STATION_ID=3150,1,DAILY_RECORDS,Mean daily discharge in CFS,Mean daily discharge in CFS,1.0,CFS,2,1964.0,1965.0
,,3151,CONFLUENCE OF LITTLE BRUSH CREEK,,,Stream,,3151,BRUSH CREEK,Observational,,,I,,,Manual,No,https://waterrights.utah.gov/cgi-bin/dvrtview.exe?Modinfo=StationView&STATION_ID=3151,1,DAILY_RECORDS,Mean daily discharge in CFS,Mean daily discharge in CFS,1.0,CFS,1,1964.0,1964.0
,,3152,LITTLE BRUSH CREEK ABOVE RANCHES,,,,,3152,BRUSH CREEK,Observational,,,I,,,,,https://waterrights.utah.gov/cgi-bin/dvrtview.exe?Modinfo=StationView&STATION_ID=3152,1,DAILY_RECORDS,Mean daily discharge in CFS,Mean daily discharge in CFS,1.0,CFS,2,1964.0,1965.0
,,3153,BRICKYARD DITCH,,,Conveyance,,3153,SUMMIT CREEK,Observational,Meter in pipe.,,A,41.8451678375679,-111.835164574603,Manual,No,https://waterrights.utah.gov/cgi-bin/dvrtview.exe?Modinfo=StationView&STATION_ID=3153,1,DAILY_RECORDS,Mean daily discharge in CFS,Mean daily discharge in CFS,1.0,CFS,40,1983.0,2024.0
LBEAR,,3156,BIG DITCH (FIRE STATION),AA4,Summit Creek- Big Ditch,Conveyance,1.0,3156,SUMMIT CREEK,Observational,6` CUTTHROAT FLUME,DIGITAL,A,41.8373810636831,-111.836180760776,Direct,Yes,https://waterrights.utah.gov/cgi-bin/dvrtview.exe?Modinfo=StationView&STATION_ID=3156,1,DAILY_RECORDS,Mean daily discharge in CFS,Mean daily discharge in CFS,1.0,CFS,19,1983.0,2015.0
,,3157,CLAY POOL DITCH (HARMON PARK),,,Conveyance,,3157,SUMMIT CREEK,Observational,submerged orifice,,A,41.8379884943965,-111.833886129614,Manual,No,https://waterrights.utah.gov/cgi-bin/dvrtview.exe?Modinfo=StationView&STATION_ID=3157,1,DAILY_RECORDS,Mean daily discharge in CFS,Mean daily discharge in CFS,1.0,CFS,40,1983.0,2024.0
SUMMIT CREEK_DL,,3158,SOUTH SMITHFIELD PIPELINE,South Smithfield,Greyline Velocity Depth Sensor on Pipeline,Conveyance,1.0,3158,SUMMIT CREEK,Observational,GREYLINE VELOCITY DEPTH SENSOR,,A,41.8202801136335,-111.817243003416,Direct,Yes,https://waterrights.utah.gov/cgi-bin/dvrtview.exe?Modinfo=StationView&STATION_ID=3158,1,DAILY_RECORDS,Mean daily discharge in CFS,Mean daily discharge in CFS,1.0,CFS,30,1988.0,2025.0
LBEAR,,3160,BLACK PIPE,AJ1,"Summit Creek- Black Pipe; Radio- 213, Summit Creek",Conveyance,1.0,3160,SUMMIT CREEK,Observational,3 FT PARSHALL FLUME (GOLF COURSE),DIGITAL,A,41.8403369657312,-111.813698973078,Direct,Yes,https://waterrights.utah.gov/cgi-bin/dvrtview.exe?Modinfo=StationView&STATION_ID=3160,1,DAILY_RECORDS,Mean daily discharge in CFS,Mean daily discharge in CFS,1.0,CFS,37,1983.0,2025.0
LBEAR,,3161,LIONS LODGE,AAB,Lion`s Lodge Smithfield Irr; Summit Creek,Conveyance,1.0,3161,SUMMIT CREEK,Observational,Prop meter in 0.01 AF,FLOWMETER,A,41.8394219896551,-111.821404933369,Direct,Yes,https://waterrights.utah.gov/cgi-bin/dvrtview.exe?Modinfo=StationView&STATION_ID=3161,1,DAILY_RECORDS,Mean daily discharge in CFS,Mean daily discharge in CFS,1.0,CFS,41,1983.0,2025.0
,,3163,STILLWATER FARMS DIVERSION,,,Conveyance,,3163,SUMMIT CREEK,Observational,Rated Section/Flume,,A,41.8639809194417,-111.783925551169,Manual,No,https://waterrights.utah.gov/cgi-bin/dvrtview.exe?Modinfo=StationView&STATION_ID=3163,1,DAILY_RECORDS,Mean daily discharge in CFS,Mean daily discharge in CFS,1.0,CFS,39,1983.0,2024.0
,,3175,KOLOB WATER USERS,,,Conveyance,,3175,VIRGIN RIVER,Observational,,,A,37.4316398795757,-113.047090432537,Manual,Yes,https://waterrights.utah.gov/cgi-bin/dvrtview.exe?Modinfo=StationView&STATION_ID=3175,1,DAILY_RECORDS,Mean daily discharge in CFS,Mean daily discharge in CFS,1.0,CFS,27,1992.0,2024.0
,,3178,WASHINGTON FIELD WEIR,,,Conveyance,,3178,VIRGIN RIVER,Observational,8` FLUME,,I,,,Manual,Yes,https://waterrights.utah.gov/cgi-bin/dvrtview.exe?Modinfo=StationView&STATION_ID=3178,1,DAILY_RECORDS,Mean daily discharge in CFS,Mean daily discharge in CFS,1.0,CFS,16,1995.0,2022.0
,,3185,WEST MILBURN (LONG DITCH),,,Conveyance,,3185,SAN PITCH RIVER,Observational,24` PARSHALL FLUME,,A,39.7267403534853,-111.430242954722,Manual,No,https://waterrights.utah.gov/cgi-bin/dvrtview.exe?Modinfo=StationView&STATION_ID=3185,1,DAILY_RECORDS,Mean daily discharge in CFS,Mean daily discharge in CFS,1.0,CFS,37,1988.0,2024.0
,,3187,EAST MILBURN,,,Conveyance,,3187,SAN PITCH RIVER,Observational,3 FT RECTANGULAR WEIR,,A,39.7117425281663,-111.42664827724,Manual,No,https://waterrights.utah.gov/cgi-bin/dvrtview.exe?Modinfo=StationView&STATION_ID=3187,1,DAILY_RECORDS,Mean daily discharge in CFS,Mean daily discharge in CFS,1.0,CFS,37,1988.0,2024.0
,,3196,MEADOW DITCH (MILBURN),,,Conveyance,,3196,SAN PITCH RIVER,Observational,22` RECTANGULAR WEIR,,A,39.711743785194,-111.426649474932,Manual,No,https://waterrights.utah.gov/cgi-bin/dvrtview.exe?Modinfo=StationView&STATION_ID=3196,1,DAILY_RECORDS,Mean daily discharge in CFS,Mean daily discharge in CFS,1.0,CFS,36,1988.0,2024.0
,,3198,MOWER DITCH,,,Conveyance,,3198,SAN PITCH RIVER,Observational,24` Parshall Flume,,A,39.6796839892673,-111.435136491565,Manual,No,https://waterrights.utah.gov/cgi-bin/dvrtview.exe?Modinfo=StationView&STATION_ID=3198,1,DAILY_RECORDS,Mean daily discharge in CFS,Mean daily discharge in CFS,1.0,CFS,35,1988.0,2024.0
,,3212,BRADY DITCH,,,Conveyance,,3212,SAN PITCH RIVER,Observational,18` Parshall Flume,,A,39.6733702039546,-111.440464150471,Manual,No,https://waterrights.utah.gov/cgi-bin/dvrtview.exe?Modinfo=StationView&STATION_ID=3212,1,DAILY_RECORDS,Mean daily discharge in CFS,Mean daily discharge in CFS,1.0,CFS,37,1988.0,2024.0
,,3216,GRAVEYARD DITCH,,,Conveyance,,3216,SAN PITCH RIVER,Observational,18` Parshall Flume,,A,39.6561912909261,-111.442759007853,Manual,No,https://waterrights.utah.gov/cgi-bin/dvrtview.exe?Modinfo=StationView&STATION_ID=3216,1,DAILY_RECORDS,Mean daily discharge in CFS,Mean daily discharge in CFS,1.0,CFS,36,1988.0,2024.0
,,3217,SAN PITCH CITY (FAIRVIEW),,,Conveyance,,3217,SAN PITCH RIVER,Observational,18` Parshall Flume,,A,39.6454794957041,-111.44295611359,Manual,No,https://waterrights.utah.gov/cgi-bin/dvrtview.exe?Modinfo=StationView&STATION_ID=3217,1,DAILY_RECORDS,Mean daily discharge in CFS,Mean daily discharge in CFS,1.0,CFS,24,1988.0,2024.0
,,3218,MINER TURPIN COMPANY,,,Conveyance,,3218,SAN PITCH RIVER,Observational,12` PARSHALL FLUME,,A,39.6093116091768,-111.444500765759,Manual,No,https://waterrights.utah.gov/cgi-bin/dvrtview.exe?Modinfo=StationView&STATION_ID=3218,1,DAILY_RECORDS,Mean daily discharge in CFS,Mean daily discharge in CFS,1.0,CFS,37,1988.0,2024.0
,,3220,M & M COMPANY,,,Conveyance,,3220,SAN PITCH RIVER,Observational,48` PARSHALL FLUME,,A,39.6044707962423,-111.453360917047,Manual,No,https://waterrights.utah.gov/cgi-bin/dvrtview.exe?Modinfo=StationView&STATION_ID=3220,1,DAILY_RECORDS,Mean daily discharge in CFS,Mean daily discharge in CFS,1.0,CFS,37,1988.0,2024.0
,,3227,OLSEN SEELY DITCH,,,Conveyance,,3227,SAN PITCH RIVER,Observational,,,A,39.5752180608599,-111.468827153445,Manual,No,https://waterrights.utah.gov/cgi-bin/dvrtview.exe?Modinfo=StationView&STATION_ID=3227,1,DAILY_RECORDS,Mean daily discharge in CFS,Mean daily discharge in CFS,1.0,CFS,35,1988.0,2024.0
,,3229,FRANDSEN MCARTHUR (FM),,,Conveyance,,3229,SAN PITCH RIVER,Observational,24` Parshall Flume,,A,39.5749594321349,-111.470753627829,Manual,No,https://waterrights.utah.gov/cgi-bin/dvrtview.exe?Modinfo=StationView&STATION_ID=3229,1,DAILY_RECORDS,Mean daily discharge in CFS,Mean daily discharge in CFS,1.0,CFS,37,1988.0,2024.0
,,3230,MORONI CITY IRRIGATION CO,,,Conveyance,,3230,SAN PITCH RIVER,Observational,24` FLOW METER (IN LINE),,A,39.5409369222227,-111.52867424131,Manual,No,https://waterrights.utah.gov/cgi-bin/dvrtview.exe?Modinfo=StationView&STATION_ID=3230,1,DAILY_RECORDS,Mean daily discharge in CFS,Mean daily discharge in CFS,1.0,CFS,37,1988.0,2024.0
,,3235,MORONI CANAL IRRIGATION CO,,,Conveyance,,3235,SAN PITCH RIVER,Observational,36` FLOW METER,,A,39.5187799155675,-111.558275604704,Manual,Yes,https://waterrights.utah.gov/cgi-bin/dvrtview.exe?Modinfo=StationView&STATION_ID=3235,1,DAILY_RECORDS,Mean daily discharge in CFS,Mean daily discharge in CFS,1.0,CFS,37,1988.0,2024.0
,,3236,ROCK DAM COMPANY,,,Conveyance,,3236,SAN PITCH RIVER,Observational,30` & 36` RECTANGULAR WEIRS (2),,A,39.5074859031932,-111.589206986251,Manual,No,https://waterrights.utah.gov/cgi-bin/dvrtview.exe?Modinfo=StationView&STATION_ID=3236,1,DAILY_RECORDS,Mean daily discharge in CFS,Mean daily discharge in CFS,1.0,CFS,37,1988.0,2024.0
,,3237,BAGNAL DITCH,,,Conveyance,,3237,SAN PITCH RIVER,Observational,TWO 66` RECTANGULAR WEIRS,,A,39.4679463650382,-111.598226368241,Manual,No,https://waterrights.utah.gov/cgi-bin/dvrtview.exe?Modinfo=StationView&STATION_ID=3237,1,DAILY_RECORDS,Mean daily discharge in CFS,Mean daily discharge in CFS,1.0,CFS,37,1988.0,2024.0
,,3238,WEST POINT IRRIGATION COMPANY,,,Conveyance,,3238,SAN PITCH RIVER,Observational,"11` RECTANGULAR WEIR, SUPPRESSED",,A,39.4664378303357,-111.603376581177,Manual,No,https://waterrights.utah.gov/cgi-bin/dvrtview.exe?Modinfo=StationView&STATION_ID=3238,1,DAILY_RECORDS,Mean daily discharge in CFS,Mean daily discharge in CFS,1.0,CFS,37,1988.0,2024.0
HANKSVILLE,,3250,HANKSVILLE (NORTH DITCH),0,,Conveyance,2.0,3250,LOWER FREMONT RIVER,Observational,,DIGITAL,A,38.3698991571761,-110.742628741379,Direct,Yes,https://waterrights.utah.gov/cgi-bin/dvrtview.exe?Modinfo=StationView&STATION_ID=3250,1,DAILY_RECORDS,Mean daily discharge in CFS,Mean daily discharge in CFS,1.0,CFS,14,1970.0,2025.0
,,3251,AMBASSADOR CUT,,,Conveyance,,3251,LOWER JORDAN RIVER,Observational,Staff Gauge and Rated Section,,A,40.8279092588443,-112.015937276071,Manual,No,https://waterrights.utah.gov/cgi-bin/dvrtview.exe?Modinfo=StationView&STATION_ID=3251,1,DAILY_RECORDS,Mean daily discharge in CFS,Mean daily discharge in CFS,1.0,CFS,26,1993.0,2025.0
CUDAHEY,,3254,CUDAHEY LANE,D,Box Elder Base Station,Stream,1.0,3254,LOWER JORDAN RIVER,Observational,Flowline Ultrasonic Depth Sensor,STAGE,I,40.8419084391764,-111.951173323085,Direct,Yes,https://waterrights.utah.gov/cgi-bin/dvrtview.exe?Modinfo=StationView&STATION_ID=3254,1,DAILY_RECORDS,Mean daily discharge in CFS,Mean daily discharge in CFS,1.0,CFS,20,1991.0,2018.0
,,3256,DENNIS MCDONALD ACCT: 100743,,,Conveyance,,3256,EAST FORK VIRGIN RIVER,Observational,9 inch Parshall Flume,,A,37.4267545022098,-112.536436971167,Manual,No,https://waterrights.utah.gov/cgi-bin/dvrtview.exe?Modinfo=StationView&STATION_ID=3256,1,DAILY_RECORDS,Mean daily discharge in CFS,Mean daily discharge in CFS,1.0,CFS,28,1991.0,2024.0
LBEAR,,3258,THREE CREEKS (SUMMIT & BIRCH CREEKS FLOW),AJ3,Summit Creek- Three Creeks; Radio- 213,Stream,1.0,3258,SUMMIT CREEK,Observational,Shaft encoder,DIGITAL,A,41.8439547770197,-111.813377397459,Direct,Yes,https://waterrights.utah.gov/cgi-bin/dvrtview.exe?Modinfo=StationView&STATION_ID=3258,1,DAILY_RECORDS,Mean daily discharge in CFS,Mean daily discharge in CFS,1.0,CFS,22,1983.0,2025.0
EAST_FORK_VIRGIN,,3269,ORDERVILLE IRRIGATION,15915,Orderville Canal,Conveyance,1.0,3269,EAST FORK VIRGIN RIVER,Observational,"10`  CIPOLETTI Weir, Desilting basin",,A,37.2986852030956,-112.615846846721,Scrape,Yes,https://waterrights.utah.gov/cgi-bin/dvrtview.exe?Modinfo=StationView&STATION_ID=3269,1,DAILY_RECORDS,Mean daily discharge in CFS,Mean daily discharge in CFS,1.0,CFS,48,1963.0,2025.0
,,3277,GARKANE POWER COMPANY,,,Conveyance,,3277,LOWER FREMONT RIVER,Observational,,,A,38.2782154125291,-111.420542565045,Manual,No,https://waterrights.utah.gov/cgi-bin/dvrtview.exe?Modinfo=StationView&STATION_ID=3277,1,DAILY_RECORDS,Mean daily discharge in CFS,Mean daily discharge in CFS,1.0,CFS,22,1963.0,2025.0
,,3292,MORONI SPRING DITCH,,,Conveyance,,3292,SAN PITCH RIVER,Observational,24` RECTANGULAR WEIR,,A,39.5234724894213,-111.533928969446,Manual,No,https://waterrights.utah.gov/cgi-bin/dvrtview.exe?Modinfo=StationView&STATION_ID=3292,1,DAILY_RECORDS,Mean daily discharge in CFS,Mean daily discharge in CFS,1.0,CFS,37,1988.0,2024.0
,,3293,JOHN T. ALEXANDER - ACCOUNT #5A HOME,,,Conveyance,,3293,LOWER FREMONT RIVER,Observational,,,I,38.2811109365354,-111.422432214407,Manual,No,https://waterrights.utah.gov/cgi-bin/dvrtview.exe?Modinfo=StationView&STATION_ID=3293,1,DAILY_RECORDS,Mean daily discharge in CFS,Mean daily discharge in CFS,1.0,CFS,16,1993.0,2025.0
,,3294,"DMAD WELLS #2, #5, #6, #7 & #8",,,Well,,3294,SEVIER RIVER,Observational,,,I,,,,No,https://waterrights.utah.gov/cgi-bin/dvrtview.exe?Modinfo=StationView&STATION_ID=3294,1,DAILY_RECORDS,Mean daily discharge in CFS,Mean daily discharge in CFS,1.0,CFS,19,1990.0,2008.0
JORDAN,,3297,STATE CANAL,State Canal,Velocity and Depth Sensor,,1.0,3297,LOWER JORDAN RIVER,Observational,,,A,40.8857686819797,-111.949722115334,,Yes,https://waterrights.utah.gov/cgi-bin/dvrtview.exe?Modinfo=StationView&STATION_ID=3297,1,DAILY_RECORDS,Mean daily discharge in CFS,Mean daily discharge in CFS,1.0,CFS,5,1993.0,2025.0
,,3314,ARILLA MAXFIELD WILLIAMSON,,,Conveyance,,3314,LOWER FREMONT RIVER,Observational,FLOW METER,,A,38.3065151549648,-111.506291074912,Manual,Yes,https://waterrights.utah.gov/cgi-bin/dvrtview.exe?Modinfo=StationView&STATION_ID=3314,1,DAILY_RECORDS,Mean daily discharge in CFS,Mean daily discharge in CFS,1.0,CFS,54,1963.0,2025.0
,,3315,JOHN T. ALEXANDER - ACCOUNT #2,,,Conveyance,,3315,LOWER FREMONT RIVER,Observational,"Sprinkler count, pressure system",,A,38.2854052785094,-111.428093101437,Manual,No,https://waterrights.utah.gov/cgi-bin/dvrtview.exe?Modinfo=StationView&STATION_ID=3315,1,DAILY_RECORDS,Mean daily discharge in CFS,Mean daily discharge in CFS,1.0,CFS,35,1986.0,2025.0
,,3317,JOHN T. ALEXANDER - ACCOUNT #4 NEAR LODGE,,,Conveyance,,3317,LOWER FREMONT RIVER,Observational,"Sprinkler count, pressure system",,A,38.2811107700754,-111.422433391101,Manual,No,https://waterrights.utah.gov/cgi-bin/dvrtview.exe?Modinfo=StationView&STATION_ID=3317,1,DAILY_RECORDS,Mean daily discharge in CFS,Mean daily discharge in CFS,1.0,CFS,32,1986.0,2025.0
,,3323,TORREY CANAL,,,Conveyance,,3323,LOWER FREMONT RIVER,Observational,Parshall flume at Pedan cut canal,,A,38.306599126994,-111.43985973636,Manual,No,https://waterrights.utah.gov/cgi-bin/dvrtview.exe?Modinfo=StationView&STATION_ID=3323,1,DAILY_RECORDS,Mean daily discharge in CFS,Mean daily discharge in CFS,1.0,CFS,58,1939.0,2025.0
,,3324,CAINEVILLE CANAL,,,Conveyance,,3324,LOWER FREMONT RIVER,Observational,3` parshall flume,,A,38.3185400367964,-111.028290831392,Manual,No,https://waterrights.utah.gov/cgi-bin/dvrtview.exe?Modinfo=StationView&STATION_ID=3324,1,DAILY_RECORDS,Mean daily discharge in CFS,Mean daily discharge in CFS,1.0,CFS,58,1963.0,2025.0
,,3327,HANKSVILLE CANAL,,,Conveyance,,3327,LOWER FREMONT RIVER,Observational,3` parshall flume,,I,38.3699177731617,-110.742733935978,Manual,No,https://waterrights.utah.gov/cgi-bin/dvrtview.exe?Modinfo=StationView&STATION_ID=3327,1,DAILY_RECORDS,Mean daily discharge in CFS,Mean daily discharge in CFS,1.0,CFS,45,1963.0,2022.0
,,3328,CAPITOL REEF NATIONAL PARK,,,Conveyance,,3328,LOWER FREMONT RIVER,Observational,ULTRASONIC FLOW METER,,A,38.2793119932222,-111.254278541027,Manual,Yes,https://waterrights.utah.gov/cgi-bin/dvrtview.exe?Modinfo=StationView&STATION_ID=3328,1,DAILY_RECORDS,Mean daily discharge in CFS,Mean daily discharge in CFS,1.0,CFS,58,1963.0,2025.0
,,3334,LURTON J. KNEE,,,Conveyance,,3334,LOWER FREMONT RIVER,Observational,PARSHALL FLUME 12` w/Direct gage CFS,,I,38.176170811808,-111.193850512721,Manual,No,https://waterrights.utah.gov/cgi-bin/dvrtview.exe?Modinfo=StationView&STATION_ID=3334,1,DAILY_RECORDS,Mean daily discharge in CFS,Mean daily discharge in CFS,1.0,CFS,44,1964.0,2025.0
,,3392,WEST DRAINAGE CANAL (SEC.1),,,Conveyance,,3392,LOWER SAN PITCH RIVER,Observational,Visional Estimate,,A,39.3647930041746,-111.643594326364,Manual,No,https://waterrights.utah.gov/cgi-bin/dvrtview.exe?Modinfo=StationView&STATION_ID=3392,1,DAILY_RECORDS,Mean daily discharge in CFS,Mean daily discharge in CFS,1.0,CFS,45,1969.0,2024.0
,,3394,MANTI CREEK BELOW DUGWAY CREEK,,,Stream,,3394,LOWER SAN PITCH RIVER,Observational,digital recorder & continuous record,,A,39.2602299030119,-111.595228460796,Manual,No,https://waterrights.utah.gov/cgi-bin/dvrtview.exe?Modinfo=StationView&STATION_ID=3394,1,DAILY_RECORDS,Mean daily discharge in CFS,Mean daily discharge in CFS,1.0,CFS,36,1986.0,2024.0
,,3395,SIX MILE CREEK,,,Stream,,3395,LOWER SAN PITCH RIVER,Observational,4 foot concrete parshall flume,,A,39.2019883214099,-111.658443156894,Manual,No,https://waterrights.utah.gov/cgi-bin/dvrtview.exe?Modinfo=StationView&STATION_ID=3395,1,DAILY_RECORDS,Mean daily discharge in CFS,Mean daily discharge in CFS,1.0,CFS,51,1969.0,2024.0
,,3402,OLD FIELD CANAL,,,Conveyance,,3402,LOWER SAN PITCH RIVER,Observational,12` parshall flume & continuous rec.,,A,39.138542700519,-111.778795303749,Manual,No,https://waterrights.utah.gov/cgi-bin/dvrtview.exe?Modinfo=StationView&STATION_ID=3402,1,DAILY_RECORDS,Mean daily discharge in CFS,Mean daily discharge in CFS,1.0,CFS,36,1979.0,2024.0
,,3403,FARNHAM DIVERSION,,,Conveyance,,3403,PRICE RIVER,Observational,Ultrasonic,,I,39.5159471010629,-110.683357035857,Manual,No,https://waterrights.utah.gov/cgi-bin/dvrtview.exe?Modinfo=StationView&STATION_ID=3403,11,ANNUAL_RECORDS,Annual Diversion in ACFT,Annual Diversion in ACFT,1.0,ACFT,0,,
,,3405,WELLINGTON PREP PLANT,,,,,3405,PRICE RIVER,Observational,,,I,,,,No,https://waterrights.utah.gov/cgi-bin/dvrtview.exe?Modinfo=StationView&STATION_ID=3405,5,MONTHLY_RECORDS,Monthly Discharge in ACFT,Monthly Discharge in ACFT,1.0,ACFT,0,,
PRICE_DL,,3413,CARBON REC. DIST. SPRING (GOLF COURSE),Carbon Rec. Dist. Spring (Golf Course),"Golf Course Spring, Seametric",Conveyance,1.0,3413,PRICE RIVER,Observational,Seametric flow meter,FLOWMETER,A,39.6433061746266,-110.860174022859,Direct,Yes,https://waterrights.utah.gov/cgi-bin/dvrtview.exe?Modinfo=StationView&STATION_ID=3413,3,DAILY_RECORDS,Mean daily discharge in CFS,Mean daily discharge in GPM,448.8,CFS,17,2009.0,2025.0
USGS,,3480,USGS WEBER RIVER NEAR COALVILLE UTAH,10130500,"USGS Weber River near Coalville, UT",Stream,1.0,3480,WEBER RIVER,Observational,RATED SECTION,,A,40.8955105967655,-111.401510894719,Scrape,Yes,https://waterrights.utah.gov/cgi-bin/dvrtview.exe?Modinfo=StationView&STATION_ID=3480,1,DAILY_RECORDS,Mean daily discharge in CFS,Mean daily discharge in CFS,1.0,CFS,28,1990.0,2025.0
USGS,,3482,USGS WEBER RIVER NEAR PLAIN CITY UTAH,10141000,"USGS Weber River near Plain City, UT",Stream,1.0,3482,WEBER RIVER,Observational,RATED,,A,41.2780776450997,-112.092409382016,Scrape,Yes,https://waterrights.utah.gov/cgi-bin/dvrtview.exe?Modinfo=StationView&STATION_ID=3482,1,DAILY_RECORDS,Mean daily discharge in CFS,Mean daily discharge in CFS,1.0,CFS,28,1990.0,2025.0
USGS,,3483,USGS WEBER RIVER NEAR WANSHIP UTAH,10129500,"USGS Weber River near Wanship, UT",Stream,1.0,3483,WEBER RIVER,Observational,RATED SECTION,,A,40.7928501957668,-111.404976798655,Scrape,Yes,https://waterrights.utah.gov/cgi-bin/dvrtview.exe?Modinfo=StationView&STATION_ID=3483,1,DAILY_RECORDS,Mean daily discharge in CFS,Mean daily discharge in CFS,1.0,CFS,28,1990.0,2025.0
,,3495,075 VAT DIVERSION BYPASS,,,Conveyance,,3495,DUCHESNE RIVER,Observational,,,A,40.4502792127329,-111.004751629601,Manual,Yes,https://waterrights.utah.gov/cgi-bin/dvrtview.exe?Modinfo=StationView&STATION_ID=3495,1,DAILY_RECORDS,Mean daily discharge in CFS,Mean daily discharge in CFS,1.0,CFS,28,1997.0,2024.0
,,3549,SMITH DITCH,,,Conveyance,,3549,UPPER BEAR-WOODRUFF CREEK,Observational,"12"" PARSHALL FLUME",,A,,,Manual,No,https://waterrights.utah.gov/cgi-bin/dvrtview.exe?Modinfo=StationView&STATION_ID=3549,1,DAILY_RECORDS,Mean daily discharge in CFS,Mean daily discharge in CFS,1.0,CFS,53,1962.0,2022.0
,,3550,CORNIA #1 DITCH,,,Conveyance,,3550,UPPER BEAR-WOODRUFF CREEK,Observational,"12"" PARSHALL FLUME",,A,,,Manual,No,https://waterrights.utah.gov/cgi-bin/dvrtview.exe?Modinfo=StationView&STATION_ID=3550,1,DAILY_RECORDS,Mean daily discharge in CFS,Mean daily discharge in CFS,1.0,CFS,54,1962.0,2022.0
,,3551,PUTNAM-CORNIA DITCH,,,Conveyance,,3551,UPPER BEAR-WOODRUFF CREEK,Observational,"24"" PARSHALL FLUME",,A,,,Manual,No,https://waterrights.utah.gov/cgi-bin/dvrtview.exe?Modinfo=StationView&STATION_ID=3551,1,DAILY_RECORDS,Mean daily discharge in CFS,Mean daily discharge in CFS,1.0,CFS,54,1962.0,2022.0
,,3552,WITHERAL DITCH,,,Conveyance,,3552,UPPER BEAR-WOODRUFF CREEK,Observational,"12"" PARSHALL FLUME",,A,,,Manual,No,https://waterrights.utah.gov/cgi-bin/dvrtview.exe?Modinfo=StationView&STATION_ID=3552,1,DAILY_RECORDS,Mean daily discharge in CFS,Mean daily discharge in CFS,1.0,CFS,42,1962.0,2022.0
,,3553,CORNIA #2 DITCH,,,Conveyance,,3553,UPPER BEAR-WOODRUFF CREEK,Observational,"12"" PARSHALL FLUME",,A,,,Manual,No,https://waterrights.utah.gov/cgi-bin/dvrtview.exe?Modinfo=StationView&STATION_ID=3553,1,DAILY_RECORDS,Mean daily discharge in CFS,Mean daily discharge in CFS,1.0,CFS,53,1962.0,2022.0
,,3554,HUFFAKER DITCH,,,Conveyance,,3554,UPPER BEAR-WOODRUFF CREEK,Observational,"18"" PARSHALL FLUME",,A,,,Manual,No,https://waterrights.utah.gov/cgi-bin/dvrtview.exe?Modinfo=StationView&STATION_ID=3554,1,DAILY_RECORDS,Mean daily discharge in CFS,Mean daily discharge in CFS,1.0,CFS,54,1962.0,2022.0
,,3555,EASTMAN-FRAZIER DITCH,,,Conveyance,,3555,UPPER BEAR-WOODRUFF CREEK,Observational,"24"" PARSHALL FLUME",,A,,,Manual,No,https://waterrights.utah.gov/cgi-bin/dvrtview.exe?Modinfo=StationView&STATION_ID=3555,1,DAILY_RECORDS,Mean daily discharge in CFS,Mean daily discharge in CFS,1.0,CFS,53,1962.0,2022.0
,,3557,DUGWAY DITCH,,,Conveyance,,3557,UPPER BEAR-WOODRUFF CREEK,Observational,"24"" PARSHALL FLUME",,A,,,Manual,No,https://waterrights.utah.gov/cgi-bin/dvrtview.exe?Modinfo=StationView&STATION_ID=3557,1,DAILY_RECORDS,Mean daily discharge in CFS,Mean daily discharge in CFS,1.0,CFS,52,1962.0,2022.0
,,3559,EASTMAN #1 DITCH,,,Conveyance,,3559,UPPER BEAR-WOODRUFF CREEK,Observational,"12"" PARSHALL FLUME",,A,,,Manual,No,https://waterrights.utah.gov/cgi-bin/dvrtview.exe?Modinfo=StationView&STATION_ID=3559,1,DAILY_RECORDS,Mean daily discharge in CFS,Mean daily discharge in CFS,1.0,CFS,53,1962.0,2022.0
,,3561,BAXTER DITCH,,,Conveyance,,3561,UPPER BEAR-WOODRUFF CREEK,Observational,,,A,,,Manual,No,https://waterrights.utah.gov/cgi-bin/dvrtview.exe?Modinfo=StationView&STATION_ID=3561,1,DAILY_RECORDS,Mean daily discharge in CFS,Mean daily discharge in CFS,1.0,CFS,40,1962.0,2022.0
,,3562,DEAN DITCH,,,Conveyance,,3562,UPPER BEAR-WOODRUFF CREEK,Observational,"36"" PARSHALL FLUME",,A,,,Manual,No,https://waterrights.utah.gov/cgi-bin/dvrtview.exe?Modinfo=StationView&STATION_ID=3562,1,DAILY_RECORDS,Mean daily discharge in CFS,Mean daily discharge in CFS,1.0,CFS,54,1962.0,2022.0
,,3563,CHURCH-BROWN DITCH,,,Conveyance,,3563,UPPER BEAR-WOODRUFF CREEK,Observational,"24"" PARSHALL FLUME",,A,,,Manual,No,https://waterrights.utah.gov/cgi-bin/dvrtview.exe?Modinfo=StationView&STATION_ID=3563,1,DAILY_RECORDS,Mean daily discharge in CFS,Mean daily discharge in CFS,1.0,CFS,54,1962.0,2022.0
,,3564,SCHULTHESS-VERNON DITCH,,,Conveyance,,3564,UPPER BEAR-WOODRUFF CREEK,Observational,"24"" PARSHALL FLUME",,A,,,Manual,No,https://waterrights.utah.gov/cgi-bin/dvrtview.exe?Modinfo=StationView&STATION_ID=3564,1,DAILY_RECORDS,Mean daily discharge in CFS,Mean daily discharge in CFS,1.0,CFS,47,1972.0,2022.0
,,3565,TINGEY-BRYSON-EASTMAN DITCH,,,Conveyance,,3565,UPPER BEAR-WOODRUFF CREEK,Observational,"24"" PARSHALL FLUME",,A,,,Manual,No,https://waterrights.utah.gov/cgi-bin/dvrtview.exe?Modinfo=StationView&STATION_ID=3565,1,DAILY_RECORDS,Mean daily discharge in CFS,Mean daily discharge in CFS,1.0,CFS,52,1964.0,2022.0
,,3566,HAGUS DITCH,,,Conveyance,,3566,UPPER BEAR-WOODRUFF CREEK,Observational,"48"" PARSHALL FLUME",,A,,,Manual,No,https://waterrights.utah.gov/cgi-bin/dvrtview.exe?Modinfo=StationView&STATION_ID=3566,1,DAILY_RECORDS,Mean daily discharge in CFS,Mean daily discharge in CFS,1.0,CFS,53,1962.0,2022.0
,,3567,CO-OP DITCH,,,Conveyance,,3567,UPPER BEAR-WOODRUFF CREEK,Observational,"36"" PARSHALL FLUME",,A,,,Manual,No,https://waterrights.utah.gov/cgi-bin/dvrtview.exe?Modinfo=StationView&STATION_ID=3567,1,DAILY_RECORDS,Mean daily discharge in CFS,Mean daily discharge in CFS,1.0,CFS,54,1962.0,2022.0
,,3568,SCHULTHESS-COX DITCH,,,Conveyance,,3568,UPPER BEAR-WOODRUFF CREEK,Observational,24 inch PARSHALL FLUME,,A,,,Manual,No,https://waterrights.utah.gov/cgi-bin/dvrtview.exe?Modinfo=StationView&STATION_ID=3568,1,DAILY_RECORDS,Mean daily discharge in CFS,Mean daily discharge in CFS,1.0,CFS,53,1962.0,2022.0
,,3569,BUCK DITCH,,,Conveyance,,3569,UPPER BEAR-WOODRUFF CREEK,Observational,"12"" PARSHALL FLUME",,A,,,Manual,No,https://waterrights.utah.gov/cgi-bin/dvrtview.exe?Modinfo=StationView&STATION_ID=3569,1,DAILY_RECORDS,Mean daily discharge in CFS,Mean daily discharge in CFS,1.0,CFS,40,1982.0,2022.0
BEAR_UPPER,,3590,RANDOLPH SAGE CREEK CANAL,12608,Randolph Sage Creek Canal,Conveyance,1.0,3590,UPPER BEAR,Observational,24-foot concrete ramp flume,,A,41.6178701138563,-111.151947045069,Scrape,Yes,https://waterrights.utah.gov/cgi-bin/dvrtview.exe?Modinfo=StationView&STATION_ID=3590,1,DAILY_RECORDS,Mean daily discharge in CFS,Mean daily discharge in CFS,1.0,CFS,52,1964.0,2025.0
,,3601,FRAZIER #1 - FRAZIER # 2,,,Conveyance,,3601,UPPER BEAR-WOODRUFF CREEK,Observational,,,A,,,Manual,No,https://waterrights.utah.gov/cgi-bin/dvrtview.exe?Modinfo=StationView&STATION_ID=3601,1,DAILY_RECORDS,Mean daily discharge in CFS,Mean daily discharge in CFS,1.0,CFS,37,1962.0,2022.0
,,3617,UPPER CANAL - AVR,,,Conveyance,,3617,ASHLEY CREEK,Observational,,,I,,,,Yes,https://waterrights.utah.gov/cgi-bin/dvrtview.exe?Modinfo=StationView&STATION_ID=3617,1,DAILY_RECORDS,Mean daily discharge in CFS,Mean daily discharge in CFS,1.0,CFS,29,1963.0,1992.0
,,3619,PITT DITCH,,,Conveyance,,3619,ASHLEY CREEK,Observational,PARSHALL FLUME,,I,,,,Yes,https://waterrights.utah.gov/cgi-bin/dvrtview.exe?Modinfo=StationView&STATION_ID=3619,1,DAILY_RECORDS,Mean daily discharge in CFS,Mean daily discharge in CFS,1.0,CFS,6,1964.0,1979.0
,,3622,SPLITTER,,,Conveyance,,3622,UPPER BEAR-OTTER CREEK,Observational,,,A,,,Manual,No,https://waterrights.utah.gov/cgi-bin/dvrtview.exe?Modinfo=StationView&STATION_ID=3622,1,DAILY_RECORDS,Mean daily discharge in CFS,Mean daily discharge in CFS,1.0,CFS,27,1990.0,2022.0
,,3667,JOE CALDER,,,Conveyance,,3667,POT CREEK,Observational,1 FT Parshall Flume,,A,40.7640417392262,-109.29724775038,Manual,No,https://waterrights.utah.gov/cgi-bin/dvrtview.exe?Modinfo=StationView&STATION_ID=3667,1,DAILY_RECORDS,Mean daily discharge in CFS,Mean daily discharge in CFS,1.0,CFS,17,1990.0,2024.0
,,3668,MAX RASMUSSEN,,,Conveyance,,3668,POT CREEK,Observational,2 FT PARSHALL FLUME NEAR THE RESERVO,,A,40.7629451643783,-109.296545218062,Manual,No,https://waterrights.utah.gov/cgi-bin/dvrtview.exe?Modinfo=StationView&STATION_ID=3668,1,DAILY_RECORDS,Mean daily discharge in CFS,Mean daily discharge in CFS,1.0,CFS,30,1971.0,2024.0
,,3669,ALLEN BENNION,,,Conveyance,,3669,POT CREEK,Observational,2` Parshal Flume -150 yds downstrea,,A,40.7451558540211,-109.262129404886,Manual,No,https://waterrights.utah.gov/cgi-bin/dvrtview.exe?Modinfo=StationView&STATION_ID=3669,1,DAILY_RECORDS,Mean daily discharge in CFS,Mean daily discharge in CFS,1.0,CFS,29,1971.0,2024.0
,,3670,SHANNON KARREN (OLD MILT SEARLE),,,Conveyance,,3670,POT CREEK,Observational,Parshall Flume (150 yds downstream),,A,40.758687862869,-109.289219019822,Manual,No,https://waterrights.utah.gov/cgi-bin/dvrtview.exe?Modinfo=StationView&STATION_ID=3670,1,DAILY_RECORDS,Mean daily discharge in CFS,Mean daily discharge in CFS,1.0,CFS,30,1990.0,2024.0
,,3673,POT CREEK AT STATE LINE,,,Stream,,3673,POT CREEK,Observational,,,A,40.6737843291348,-109.05194914256,Manual,Yes,https://waterrights.utah.gov/cgi-bin/dvrtview.exe?Modinfo=StationView&STATION_ID=3673,1,DAILY_RECORDS,Mean daily discharge in CFS,Mean daily discharge in CFS,1.0,CFS,15,1991.0,2024.0
,,3683,KAY - SWEATFIELD,,,Conveyance,,3683,POT CREEK,Observational,2` PARSHALL FLUME,,A,40.7451753042994,-109.262198316537,Manual,No,https://waterrights.utah.gov/cgi-bin/dvrtview.exe?Modinfo=StationView&STATION_ID=3683,1,DAILY_RECORDS,Mean daily discharge in CFS,Mean daily discharge in CFS,1.0,CFS,13,1982.0,2024.0
,,3684,ALVIN KAY,,,Conveyance,,3684,POT CREEK,Observational,2` PARSHALL FLUME,,I,40.7452928163902,-109.26276258887,Manual,No,https://waterrights.utah.gov/cgi-bin/dvrtview.exe?Modinfo=StationView&STATION_ID=3684,11,ANNUAL_RECORDS,Annual Diversion in ACFT,Annual Diversion in ACFT,1.0,ACFT,0,,
POTCREEK,,3701,POT CREEK FLOW ABOVE MATT WARNER RES,POT CREEK FLOW ABOVE MATT WARNER RES,,Stream,1.0,3701,POT CREEK,Observational,Ramp Flume,DIGITAL,A,40.7688677206538,-109.321788883874,Direct,Yes,https://waterrights.utah.gov/cgi-bin/dvrtview.exe?Modinfo=StationView&STATION_ID=3701,1,DAILY_RECORDS,Mean daily discharge in CFS,Mean daily discharge in CFS,1.0,CFS,23,1965.0,2025.0
,,3725,GUNLOCK TOWN,,,Conveyance,,3725,SANTA CLARA RIVER,Observational,,,A,37.2955448128275,-113.750211828143,Manual,Yes,https://waterrights.utah.gov/cgi-bin/dvrtview.exe?Modinfo=StationView&STATION_ID=3725,1,DAILY_RECORDS,Mean daily discharge in CFS,Mean daily discharge in CFS,1.0,CFS,28,1991.0,2023.0
,,3726,GUNLOCK FIELD STREAM,,,Conveyance,,3726,SANTA CLARA RIVER,Observational,,,A,37.3166430381898,-113.722573720748,Manual,No,https://waterrights.utah.gov/cgi-bin/dvrtview.exe?Modinfo=StationView&STATION_ID=3726,1,DAILY_RECORDS,Mean daily discharge in CFS,Mean daily discharge in CFS,1.0,CFS,32,1991.0,2023.0
,,3727,VEYO IRRIGATION COMPANY,,,Conveyance,,3727,SANTA CLARA RIVER,Observational,PARSHALL FLUME 12` w/Direct gage CFS,,A,37.3480347902813,-113.669997694024,Manual,No,https://waterrights.utah.gov/cgi-bin/dvrtview.exe?Modinfo=StationView&STATION_ID=3727,1,DAILY_RECORDS,Mean daily discharge in CFS,Mean daily discharge in CFS,1.0,CFS,50,1950.0,2023.0
,,3728,CENTRAL IRRIGATION,,,Conveyance,,3728,SANTA CLARA RIVER,Observational,,,A,37.4140081781462,-113.60337680691,Manual,No,https://waterrights.utah.gov/cgi-bin/dvrtview.exe?Modinfo=StationView&STATION_ID=3728,1,DAILY_RECORDS,Mean daily discharge in CFS,Mean daily discharge in CFS,1.0,CFS,51,1950.0,2023.0
,,3729,SAUCER 5,,,Conveyance,,3729,SANTA CLARA RIVER,Observational,,,A,37.3940386985302,-113.613960226722,Manual,No,https://waterrights.utah.gov/cgi-bin/dvrtview.exe?Modinfo=StationView&STATION_ID=3729,1,DAILY_RECORDS,Mean daily discharge in CFS,Mean daily discharge in CFS,1.0,CFS,34,1971.0,2023.0
,,3730,PINE VALLEY IRRIGATION,,,Conveyance,,3730,SANTA CLARA RIVER,Observational,,,A,37.3842037705062,-113.485090836884,Manual,No,https://waterrights.utah.gov/cgi-bin/dvrtview.exe?Modinfo=StationView&STATION_ID=3730,1,DAILY_RECORDS,Mean daily discharge in CFS,Mean daily discharge in CFS,1.0,CFS,51,1950.0,2023.0
,,3737,GRASS VALLEY TUNNELL PINTO DIVISION,,,Conveyance,,3737,SANTA CLARA RIVER,Observational,,,I,,,,Yes,https://waterrights.utah.gov/cgi-bin/dvrtview.exe?Modinfo=StationView&STATION_ID=3737,1,DAILY_RECORDS,Mean daily discharge in CFS,Mean daily discharge in CFS,1.0,CFS,1,1979.0,1979.0
USGS,,3739,USGS JORDAN RIVER AT 1700 SOUTH,10171000,USGS AT 17TH SOUTH,Stream,1.0,3739,LOWER JORDAN RIVER,Observational,,DIGITAL,A,40.7336351743025,-111.923320944982,Scrape,Yes,https://waterrights.utah.gov/cgi-bin/dvrtview.exe?Modinfo=StationView&STATION_ID=3739,1,DAILY_RECORDS,Mean daily discharge in CFS,Mean daily discharge in CFS,1.0,CFS,27,1991.0,2025.0
USGS,,3745,PINE VALLEY (USGS),09408400,USGS Pine Valley Santa Clara River,Stream,1.0,3745,SANTA CLARA RIVER,Observational,USGS GAGING STATION:,DIGITAL,A,37.3813679453423,-113.482167948194,Scrape,Yes,https://waterrights.utah.gov/cgi-bin/dvrtview.exe?Modinfo=StationView&STATION_ID=3745,1,DAILY_RECORDS,Mean daily discharge in CFS,Mean daily discharge in CFS,1.0,CFS,21,1971.0,2025.0
,,3747,DEXTER FARR,,,Conveyance,,3747,OGDEN RIVER,Observational,,,A,41.2970315572192,-111.591323311591,Manual,No,https://waterrights.utah.gov/cgi-bin/dvrtview.exe?Modinfo=StationView&STATION_ID=3747,2,DAILY_RECORDS,MEAN daily discharge in CFS,Mean daily discharge in ACFT,1.98347107,CFS,46,1959.0,2024.0
,,3749,GUNLOCK IRRIGATION COMPANY,,,Conveyance,,3749,SANTA CLARA RIVER,Observational,,,I,,,Manual,No,https://waterrights.utah.gov/cgi-bin/dvrtview.exe?Modinfo=StationView&STATION_ID=3749,1,DAILY_RECORDS,Mean daily discharge in CFS,Mean daily discharge in CFS,1.0,CFS,25,1950.0,2019.0
,,3789,HYDRO - UTAH POWER & LIGHT PIONEER PLANT (PACIFICORP),,,Hydropower,,3789,OGDEN RIVER,Observational,,,A,41.2547439094275,-111.842608179319,Manual,Yes,https://waterrights.utah.gov/cgi-bin/dvrtview.exe?Modinfo=StationView&STATION_ID=3789,2,DAILY_RECORDS,MEAN daily discharge in CFS,Mean daily discharge in ACFT,1.98347107,CFS,27,1958.0,2024.0
OGDEN,,3795,LIBERTY CANAL,Liberty Canal,3.0 ft Parshall flume with float and pulley in stilling well.,Conveyance,1.0,3795,OGDEN RIVER,Observational,Three-foot Parshall Flume,,A,41.3669005590952,-111.89021221198,Direct,Yes,https://waterrights.utah.gov/cgi-bin/dvrtview.exe?Modinfo=StationView&STATION_ID=3795,1,DAILY_RECORDS,Mean daily discharge in CFS,Mean daily discharge in CFS,1.0,CFS,37,1951.0,2025.0
USGS,,3828,USGS OGDEN RIVER BL PINEVIEW RES NR HUNTSVILLE UT,10140100,Ogden River Below Pineview,Stream,1.0,3828,OGDEN RIVER,Observational,USGS Station -- rated section,,A,41.2544737274882,-111.85554834522,Scrape,Yes,https://waterrights.utah.gov/cgi-bin/dvrtview.exe?Modinfo=StationView&STATION_ID=3828,2,DAILY_RECORDS,MEAN daily discharge in CFS,Mean daily discharge in ACFT,1.98347107,CFS,36,1960.0,2025.0
SEVIER,,3829,PIUTE CANAL - WILLOW CREEK,3988,Piute Canal at Willow Creek,Conveyance,1.0,3829,SEVIER RIVER,Observational,,DIGITAL,A,38.6988232577724,-112.135593424097,Scrape,Yes,https://waterrights.utah.gov/cgi-bin/dvrtview.exe?Modinfo=StationView&STATION_ID=3829,1,DAILY_RECORDS,Mean daily discharge in CFS,Mean daily discharge in CFS,1.0,CFS,50,1915.0,2025.0
EAST_FORK_VIRGIN,,3830,MT. CARMEL,15921,Mt Carmel Canal,Conveyance,1.0,3830,EAST FORK VIRGIN RIVER,Observational,4 FT Contracted Rectanglar Weir,,A,37.2658755771419,-112.648060076754,Scrape,Yes,https://waterrights.utah.gov/cgi-bin/dvrtview.exe?Modinfo=StationView&STATION_ID=3830,1,DAILY_RECORDS,Mean daily discharge in CFS,Mean daily discharge in CFS,1.0,CFS,33,1991.0,2025.0
,,3837,WATER HOLLOW DIVERSION DAM,,,Conveyance,,3837,DUCHESNE RIVER,Observational,,,I,40.2489017312129,-111.038948103911,Manual,,https://waterrights.utah.gov/cgi-bin/dvrtview.exe?Modinfo=StationView&STATION_ID=3837,1,DAILY_RECORDS,Mean daily discharge in CFS,Mean daily discharge in CFS,1.0,CFS,7,1999.0,2005.0
DUCHESNE,,3865,400 ROCKY POINT CANAL OVER,8400,ROCKY POINT CANAL HEAD,Conveyance,4.0,3865,DUCHESNE RIVER,Observational,6` Parshall Flume,FLOWMETER,A,40.2257175826543,-110.39800437149,Scrape,Yes,https://waterrights.utah.gov/cgi-bin/dvrtview.exe?Modinfo=StationView&STATION_ID=3865,1,DAILY_RECORDS,Mean daily discharge in CFS,Mean daily discharge in CFS,1.0,CFS,25,2001.0,2025.0
OGDEN,,3866,MILL CREEK AT BRINKER AVE,Mill Creek At Brinker Ave,Mill Creek channel after Lynn Irrigation diversion,Conveyance,1.0,3866,OGDEN RIVER,Observational,,,A,41.2415850868657,-111.949742750767,Scrape,Yes,https://waterrights.utah.gov/cgi-bin/dvrtview.exe?Modinfo=StationView&STATION_ID=3866,1,DAILY_RECORDS,Mean daily discharge in CFS,Mean daily discharge in CFS,1.0,CFS,10,1965.0,2025.0
,,3867,OWENS - B WATER,,,Conveyance,,3867,BEAVER RIVER,Observational,Sluice Basin with Cipoletti Weir,,A,38.2808061410746,-112.57507793346,Manual,No,https://waterrights.utah.gov/cgi-bin/dvrtview.exe?Modinfo=StationView&STATION_ID=3867,1,DAILY_RECORDS,Mean daily discharge in CFS,Mean daily discharge in CFS,1.0,CFS,22,1992.0,2025.0
EAST_FORK_VIRGIN,,3870,GLENDALE,15926,Glendale Canal,Conveyance,1.0,3870,EAST FORK VIRGIN RIVER,Observational,3` CIPOLETTI WEIR  10% split  BFords,,A,37.3435169727351,-112.60251706063,Scrape,Yes,https://waterrights.utah.gov/cgi-bin/dvrtview.exe?Modinfo=StationView&STATION_ID=3870,1,DAILY_RECORDS,Mean daily discharge in CFS,Mean daily discharge in CFS,1.0,CFS,32,1991.0,2025.0
DUCHESNE,,3889,455 GRAY MOUNTAIN #2,8256,GREY MOUNTAIN #2,Conveyance,3.0,3889,DUCHESNE RIVER,Observational,,FLOWMETER,A,40.1519613191613,-110.160462004092,Scrape,Yes,https://waterrights.utah.gov/cgi-bin/dvrtview.exe?Modinfo=StationView&STATION_ID=3889,1,DAILY_RECORDS,Mean daily discharge in CFS,Mean daily discharge in CFS,1.0,CFS,25,1993.0,2025.0
,,3901,SOUTH DIVIDER,,,Conveyance,,3901,BEAVER RIVER,Observational,3` Foot Parshall Flume,,A,38.2695442247632,-112.622588117933,Manual,No,https://waterrights.utah.gov/cgi-bin/dvrtview.exe?Modinfo=StationView&STATION_ID=3901,1,DAILY_RECORDS,Mean daily discharge in CFS,Mean daily discharge in CFS,1.0,CFS,35,1991.0,2025.0
,,3906,MAMMOTH - B WATER,,,Conveyance,,3906,BEAVER RIVER,Observational,4 foot Parshall Flume,,A,38.298727130665,-112.607407535993,Manual,No,https://waterrights.utah.gov/cgi-bin/dvrtview.exe?Modinfo=StationView&STATION_ID=3906,1,DAILY_RECORDS,Mean daily discharge in CFS,Mean daily discharge in CFS,1.0,CFS,22,1992.0,2025.0
USGS,,3913,USGS SURPLUS CANAL,10170500,21ST SOUTH DAM (SURPLUS CANAL),Stream,1.0,3913,LOWER JORDAN RIVER,Observational,,DIGITAL,A,40.7267821841772,-111.926524945218,Scrape,Yes,https://waterrights.utah.gov/cgi-bin/dvrtview.exe?Modinfo=StationView&STATION_ID=3913,1,DAILY_RECORDS,Mean daily discharge in CFS,Mean daily discharge in CFS,1.0,CFS,28,1991.0,2025.0
,,3915,"SIMS, FORREST T OR MONA R",,,Conveyance,,3915,LOWER FREMONT RIVER,Observational,BY NOZEL SIZE AND SPRINKLER PRESSURE,,I,38.2909842690294,-111.049833183321,Manual,No,https://waterrights.utah.gov/cgi-bin/dvrtview.exe?Modinfo=StationView&STATION_ID=3915,1,DAILY_RECORDS,Mean daily discharge in CFS,Mean daily discharge in CFS,1.0,CFS,28,1992.0,2025.0
LBEAR,,3922,BE07 HOLMGREN & FRED ANDERSON,ACCAp,BE07 - Done; Radio- 207 BEWildlife,Conveyance,1.0,3922,LOWER BEAR RIVER - BOX ELDER,Observational,Float Sensor,ONOFF,A,41.6333058178863,-112.121854892056,Direct,Yes,https://waterrights.utah.gov/cgi-bin/dvrtview.exe?Modinfo=StationView&STATION_ID=3922,1,DAILY_RECORDS,Mean daily discharge in CFS,Mean daily discharge in CFS,1.0,CFS,28,1992.0,2024.0
USGS,,3924,US FISH AND WILDLIFE,10126000,"BEAR RIVER NEAR CORINNE, UT",Stream,1.0,3924,LOWER BEAR RIVER - BOX ELDER,Observational,USGS GAGE AT CORINNE,DIGITAL,A,41.5762925412761,-112.100343646651,Scrape,Yes,https://waterrights.utah.gov/cgi-bin/dvrtview.exe?Modinfo=StationView&STATION_ID=3924,1,DAILY_RECORDS,Mean daily discharge in CFS,Mean daily discharge in CFS,1.0,CFS,9,2009.0,2025.0
,,3925,VERNAL CITY - MUNICIPAL,,,Conveyance,,3925,ASHLEY CREEK,Observational,,,I,,,,No,https://waterrights.utah.gov/cgi-bin/dvrtview.exe?Modinfo=StationView&STATION_ID=3925,1,DAILY_RECORDS,Mean daily discharge in CFS,Mean daily discharge in CFS,1.0,CFS,12,1976.0,1987.0
,,3944,GCWCD - HOWARD LANCE WELL,,,Well,,3944,MILL CREEK (MOAB),Observational,McCrometer analog in line flow meter,,A,38.5594923771474,-109.528413399091,Manual,No,https://waterrights.utah.gov/cgi-bin/dvrtview.exe?Modinfo=StationView&STATION_ID=3944,1,DAILY_RECORDS,Mean daily discharge in CFS,Mean daily discharge in CFS,1.0,CFS,14,2007.0,2023.0
,,3946,GCWCD - DELOY LANCE WELL,,,Well,,3946,MILL CREEK (MOAB),Observational,in line flow totalizing meter,,A,38.5577168177003,-109.527193714177,Manual,No,https://waterrights.utah.gov/cgi-bin/dvrtview.exe?Modinfo=StationView&STATION_ID=3946,1,DAILY_RECORDS,Mean daily discharge in CFS,Mean daily discharge in CFS,1.0,CFS,16,2007.0,2023.0
,,3966,56  BRUCE COWLEY,,,Conveyance,,3966,LOWER BEAR RIVER,Observational,,,I,41.9190666986599,-111.910595121217,Manual,No,https://waterrights.utah.gov/cgi-bin/dvrtview.exe?Modinfo=StationView&STATION_ID=3966,1,DAILY_RECORDS,Mean daily discharge in CFS,Mean daily discharge in CFS,1.0,CFS,14,1995.0,2024.0
EMERY,,3969,CCCIC - MILL DITCH (WILCOX-SEELEY),6516,Total flow Mill Ditch,Conveyance,1.0,3969,COTTONWOOD CREEK,Observational,rated section,DIGITAL,I,39.209116529587,-111.020159263623,Scrape,Yes,https://waterrights.utah.gov/cgi-bin/dvrtview.exe?Modinfo=StationView&STATION_ID=3969,1,DAILY_RECORDS,Mean daily discharge in CFS,Mean daily discharge in CFS,1.0,CFS,29,1991.0,2019.0
BEAR_UPPER,,4016,DAN PEART PUMP,15717,Dan Peart Pump,Conveyance,1.0,4016,UPPER BEAR,Observational,Strap on Ultrasonic flow Met. (Calib,DIGITAL,A,41.7828680564977,-111.065827474614,Scrape,Yes,https://waterrights.utah.gov/cgi-bin/dvrtview.exe?Modinfo=StationView&STATION_ID=4016,1,DAILY_RECORDS,Mean daily discharge in CFS,Mean daily discharge in CFS,1.0,CFS,32,1992.0,2024.0
PRICE_DL,,4020,COTTONWOOD GOOSEBERRY IRRG. CO.,Cottonwood Gooseberry Irrg. Co.,Pakbus 1,Conveyance,1.0,4020,PRICE RIVER,Observational,5` Parshall Flume,DIGITAL,A,39.6425584250577,-111.318733261543,Direct,Yes,https://waterrights.utah.gov/cgi-bin/dvrtview.exe?Modinfo=StationView&STATION_ID=4020,1,DAILY_RECORDS,Mean daily discharge in CFS,Mean daily discharge in CFS,1.0,CFS,34,1992.0,2025.0
,,4032,TRAIL CYN RESIDENTS ASSOCIATION,,,Conveyance,,4032,HUNTINGTON CREEK,Observational,Inline flow meter,,A,39.4050635556378,-111.097202581898,Manual,No,https://waterrights.utah.gov/cgi-bin/dvrtview.exe?Modinfo=StationView&STATION_ID=4032,5,MONTHLY_RECORDS,Monthly Discharge in ACFT,Monthly Discharge in ACFT,1.0,ACFT,8,2017.0,2024.0
,,4034,CASTLE VALLEY SPECIAL SERVICE DIST-IRR,,,Conveyance,,4034,HUNTINGTON CREEK,Observational,,,I,39.4585734712081,-111.137137248555,Manual,No,https://waterrights.utah.gov/cgi-bin/dvrtview.exe?Modinfo=StationView&STATION_ID=4034,5,MONTHLY_RECORDS,Monthly Discharge in ACFT,Monthly Discharge in ACFT,1.0,ACFT,0,,
,,4054,HYDE PARK CITY,,,Conveyance,,4054,SUMMIT CREEK,Observational,PROPELLER METER,,A,41.8198013628169,-111.79389918913,Manual,No,https://waterrights.utah.gov/cgi-bin/dvrtview.exe?Modinfo=StationView&STATION_ID=4054,1,DAILY_RECORDS,Mean daily discharge in CFS,Mean daily discharge in CFS,1.0,CFS,27,1992.0,2024.0
,,4055,LION`S LODGE WELL (BUDGE WELL),,,Well,,4055,SUMMIT CREEK,Observational,totalizer Meter,,A,41.8391323538451,-111.822490322874,Manual,Yes,https://waterrights.utah.gov/cgi-bin/dvrtview.exe?Modinfo=StationView&STATION_ID=4055,1,DAILY_RECORDS,Mean daily discharge in CFS,Mean daily discharge in CFS,1.0,CFS,20,1992.0,2024.0
LBEAR,,4107,BE20 BARKER (JOEL FERRY),ACCAj,BE20; Radio- 207 BEWildlife,Conveyance,1.0,4107,LOWER BEAR RIVER - BOX ELDER,Observational,FLOAT SENSOR,ONOFF,A,41.4731809047148,-112.17665907212,Direct,Yes,https://waterrights.utah.gov/cgi-bin/dvrtview.exe?Modinfo=StationView&STATION_ID=4107,1,DAILY_RECORDS,Mean daily discharge in CFS,Mean daily discharge in CFS,1.0,CFS,27,1993.0,2024.0
,,4221,BE01 IRA MICKELSON,,,Conveyance,,4221,LOWER BEAR RIVER - BOX ELDER,Observational,Ultrasonic Flow Sensor,,A,41.5593350521049,-112.110514461479,Manual,No,https://waterrights.utah.gov/cgi-bin/dvrtview.exe?Modinfo=StationView&STATION_ID=4221,1,DAILY_RECORDS,Mean daily discharge in CFS,Mean daily discharge in CFS,1.0,CFS,29,1992.0,2024.0
,,4240,LAMBORN #1,,,Conveyance,,4240,UPPER BEAR-OTTER CREEK,Observational,12` PARSHALL FLUME,,A,41.7022893131246,-111.257354424916,Manual,No,https://waterrights.utah.gov/cgi-bin/dvrtview.exe?Modinfo=StationView&STATION_ID=4240,1,DAILY_RECORDS,Mean daily discharge in CFS,Mean daily discharge in CFS,1.0,CFS,29,1994.0,2022.0
,,4241,LAMBORN #2,,,Conveyance,,4241,UPPER BEAR-OTTER CREEK,Observational,12` PARSHALL FLUME,,A,41.716637104137,-111.246088531982,Manual,No,https://waterrights.utah.gov/cgi-bin/dvrtview.exe?Modinfo=StationView&STATION_ID=4241,1,DAILY_RECORDS,Mean daily discharge in CFS,Mean daily discharge in CFS,1.0,CFS,28,1994.0,2022.0
,,4242,LAMBORN #3,,,Conveyance,,4242,UPPER BEAR-OTTER CREEK,Observational,12` PARSHALL FLUME,,A,41.7095144671079,-111.238138456157,Manual,No,https://waterrights.utah.gov/cgi-bin/dvrtview.exe?Modinfo=StationView&STATION_ID=4242,1,DAILY_RECORDS,Mean daily discharge in CFS,Mean daily discharge in CFS,1.0,CFS,28,1994.0,2022.0
,,4245,STERLING REX DITCH #1,,,Conveyance,,4245,UPPER BEAR-OTTER CREEK,Observational,NO FLUME,,A,,,Manual,No,https://waterrights.utah.gov/cgi-bin/dvrtview.exe?Modinfo=StationView&STATION_ID=4245,1,DAILY_RECORDS,Mean daily discharge in CFS,Mean daily discharge in CFS,1.0,CFS,27,1994.0,2022.0
,,4246,STERLING REX DITCH #2,,,Conveyance,,4246,UPPER BEAR-OTTER CREEK,Observational,,,A,,,Manual,No,https://waterrights.utah.gov/cgi-bin/dvrtview.exe?Modinfo=StationView&STATION_ID=4246,1,DAILY_RECORDS,Mean daily discharge in CFS,Mean daily discharge in CFS,1.0,CFS,19,1994.0,2022.0
,,4248,STERLING REX PUMP DIVERSION #4,,,Conveyance,,4248,UPPER BEAR-OTTER CREEK,Observational,NO FLUME,,A,,,Manual,No,https://waterrights.utah.gov/cgi-bin/dvrtview.exe?Modinfo=StationView&STATION_ID=4248,1,DAILY_RECORDS,Mean daily discharge in CFS,Mean daily discharge in CFS,1.0,CFS,28,1994.0,2022.0
,,4300,TWELVE MILE CREEK TO HIGHLAND CANAL,,,Conveyance,,4300,LOWER SAN PITCH RIVER,Observational,CONTINUOUS RECORDER,,A,39.1457718945317,-111.734333373199,Manual,Yes,https://waterrights.utah.gov/cgi-bin/dvrtview.exe?Modinfo=StationView&STATION_ID=4300,1,DAILY_RECORDS,Mean daily discharge in CFS,Mean daily discharge in CFS,1.0,CFS,29,1994.0,2024.0
,,4317,LARSEN DITCH,,,Conveyance,,4317,SAN PITCH RIVER,Observational,CONCRETE BOX & STAFF GAGE,,A,39.6517754799059,-111.438336287794,Manual,No,https://waterrights.utah.gov/cgi-bin/dvrtview.exe?Modinfo=StationView&STATION_ID=4317,1,DAILY_RECORDS,Mean daily discharge in CFS,Mean daily discharge in CFS,1.0,CFS,28,1994.0,2024.0
,,4323,SAN PITCH RIVER BELOW OLD FIELD CANAL,,,Stream,,4323,LOWER SAN PITCH RIVER,Observational,,,A,39.1387394425569,-111.778708167516,Manual,No,https://waterrights.utah.gov/cgi-bin/dvrtview.exe?Modinfo=StationView&STATION_ID=4323,1,DAILY_RECORDS,Mean daily discharge in CFS,Mean daily discharge in CFS,1.0,CFS,28,1994.0,2024.0
,,4325,STERLING REX DITCH #3,,,Conveyance,,4325,UPPER BEAR-OTTER CREEK,Observational,NO FLUME,,A,,,Manual,No,https://waterrights.utah.gov/cgi-bin/dvrtview.exe?Modinfo=StationView&STATION_ID=4325,1,DAILY_RECORDS,Mean daily discharge in CFS,Mean daily discharge in CFS,1.0,CFS,27,1994.0,2022.0
,,4327,PAUL MCCOY,,,Conveyance,,4327,POT CREEK,Observational,3 ft Parshal Flume,,A,40.720608698576,-109.159786520092,Manual,No,https://waterrights.utah.gov/cgi-bin/dvrtview.exe?Modinfo=StationView&STATION_ID=4327,1,DAILY_RECORDS,Mean daily discharge in CFS,Mean daily discharge in CFS,1.0,CFS,21,1994.0,2024.0
,,4329,DURFEY BROS (NOTOM),,,Conveyance,,4329,LOWER FREMONT RIVER,Observational,1.5` PARSHALL FLUME,,A,38.1007362546269,-111.324851661489,Manual,No,https://waterrights.utah.gov/cgi-bin/dvrtview.exe?Modinfo=StationView&STATION_ID=4329,1,DAILY_RECORDS,Mean daily discharge in CFS,Mean daily discharge in CFS,1.0,CFS,25,1996.0,2025.0
,,4332,SOUTH CREEK,,,Conveyance,,4332,BLUE MOUNTAIN,Observational,,,I,,,Manual,Yes,https://waterrights.utah.gov/cgi-bin/dvrtview.exe?Modinfo=StationView&STATION_ID=4332,1,DAILY_RECORDS,Mean daily discharge in CFS,Mean daily discharge in CFS,1.0,CFS,17,1995.0,2020.0
,,4334,UPPER SHINGLE MILL,,,Conveyance,,4334,BLUE MOUNTAIN,Observational,,,I,,,Manual,No,https://waterrights.utah.gov/cgi-bin/dvrtview.exe?Modinfo=StationView&STATION_ID=4334,1,DAILY_RECORDS,Mean daily discharge in CFS,Mean daily discharge in CFS,1.0,CFS,3,1995.0,2009.0
,,4338,PIONEER IRRIGATION CO.,,,Conveyance,,4338,BLUE MOUNTAIN,Observational,,,I,37.8245540119266,-109.415022601633,Manual,No,https://waterrights.utah.gov/cgi-bin/dvrtview.exe?Modinfo=StationView&STATION_ID=4338,1,DAILY_RECORDS,Mean daily discharge in CFS,Mean daily discharge in CFS,1.0,CFS,11,1995.0,2014.0
,,4340,MONTICELLO CITY,,,Conveyance,,4340,BLUE MOUNTAIN,Observational,PARSHALL FLUME,,I,,,Manual,No,https://waterrights.utah.gov/cgi-bin/dvrtview.exe?Modinfo=StationView&STATION_ID=4340,1,DAILY_RECORDS,Mean daily discharge in CFS,Mean daily discharge in CFS,1.0,CFS,5,1995.0,2014.0
,,4343,SAN JUAN DISTRICT,,,Conveyance,,4343,BLUE MOUNTAIN,Observational,,,I,,,Manual,No,https://waterrights.utah.gov/cgi-bin/dvrtview.exe?Modinfo=StationView&STATION_ID=4343,1,DAILY_RECORDS,Mean daily discharge in CFS,Mean daily discharge in CFS,1.0,CFS,1,1995.0,1995.0
,,4344,HATCH #2 (MAMMOTH CREEK),,,Conveyance,,4344,SEVIER RIVER,Observational,NO MEASURING DEVICE & CONTROL STRUCT,,I,37.6260142189003,-112.485167428112,,No,https://waterrights.utah.gov/cgi-bin/dvrtview.exe?Modinfo=StationView&STATION_ID=4344,1,DAILY_RECORDS,Mean daily discharge in CFS,Mean daily discharge in CFS,1.0,CFS,0,,
USGS,,4347,USGS OGDEN RIVER NR GIBSON AVENUE AT OGDEN UT,10140700,"USGS Ogden River nr Gibson Avenue at Ogden, UT",Stream,1.0,4347,OGDEN RIVER,Observational,RATED SECTION,,A,41.2320329441209,-111.985839164298,Scrape,Yes,https://waterrights.utah.gov/cgi-bin/dvrtview.exe?Modinfo=StationView&STATION_ID=4347,2,DAILY_RECORDS,MEAN daily discharge in CFS,Mean daily discharge in ACFT,1.98347107,CFS,32,1991.0,2025.0
,,4348,HOLMES AND FERRIN DITCH,,,Conveyance,,4348,OGDEN RIVER,Observational,NONE,,A,41.3273506139305,-111.878382078275,Manual,No,https://waterrights.utah.gov/cgi-bin/dvrtview.exe?Modinfo=StationView&STATION_ID=4348,2,DAILY_RECORDS,MEAN daily discharge in CFS,Mean daily discharge in ACFT,1.98347107,CFS,35,1989.0,2024.0
,,4349,HYDRO - PINE VIEW POWER PLANT,,,Hydropower,,4349,OGDEN RIVER,Observational,,,A,41.2546108286287,-111.845108000945,Manual,Yes,https://waterrights.utah.gov/cgi-bin/dvrtview.exe?Modinfo=StationView&STATION_ID=4349,2,DAILY_RECORDS,MEAN daily discharge in CFS,Mean daily discharge in ACFT,1.98347107,CFS,28,1995.0,2024.0
,,4434,MAYFIELD CANAL (SEC 33),,,Conveyance,,4434,LOWER SAN PITCH RIVER,Observational,,,A,39.1088792977412,-111.669647576344,Manual,No,https://waterrights.utah.gov/cgi-bin/dvrtview.exe?Modinfo=StationView&STATION_ID=4434,1,DAILY_RECORDS,Mean daily discharge in CFS,Mean daily discharge in CFS,1.0,CFS,29,1995.0,2024.0
,,4435,PETTYVILLE CANAL BELOW GUNNISON RES,,,Conveyance,,4435,LOWER SAN PITCH RIVER,Observational,GAGING STATION WITH STEVENS RECORDER,,A,39.20315677827,-111.711509998132,Manual,No,https://waterrights.utah.gov/cgi-bin/dvrtview.exe?Modinfo=StationView&STATION_ID=4435,1,DAILY_RECORDS,Mean daily discharge in CFS,Mean daily discharge in CFS,1.0,CFS,29,1995.0,2024.0
,,4440,WESTONS-NORTH FORK NORTH DITCH #3,,,Conveyance,,4440,UPPER BEAR-OTTER CREEK,Observational,"12"" PARSHALL FLUME",,A,,,Manual,No,https://waterrights.utah.gov/cgi-bin/dvrtview.exe?Modinfo=StationView&STATION_ID=4440,1,DAILY_RECORDS,Mean daily discharge in CFS,Mean daily discharge in CFS,1.0,CFS,27,1995.0,2022.0
,,4441,COTTONWOOD DITCH,,,,,4441,COTTONWOOD CREEK,Observational,,,I,,,,,https://waterrights.utah.gov/cgi-bin/dvrtview.exe?Modinfo=StationView&STATION_ID=4441,1,DAILY_RECORDS,Mean daily discharge in CFS,Mean daily discharge in CFS,1.0,CFS,12,1967.0,2002.0
,,4442,NAVAJO TRAILS ADVENTURE CAMP INC,,,Conveyance,,4442,LOWER FREMONT RIVER,Observational,rated undershot slide gate -culvert,,A,38.3076014484031,-111.516013753749,Manual,No,https://waterrights.utah.gov/cgi-bin/dvrtview.exe?Modinfo=StationView&STATION_ID=4442,1,DAILY_RECORDS,Mean daily discharge in CFS,Mean daily discharge in CFS,1.0,CFS,22,1995.0,2025.0
,,4443,LUVA JENSEN,,,Conveyance,,4443,LOWER FREMONT RIVER,Observational,ULTRASONIC FLOW METER,,A,38.2894138248075,-111.431271679074,Manual,No,https://waterrights.utah.gov/cgi-bin/dvrtview.exe?Modinfo=StationView&STATION_ID=4443,1,DAILY_RECORDS,Mean daily discharge in CFS,Mean daily discharge in CFS,1.0,CFS,25,1995.0,2025.0
,,4445,FREMONT RIVER CANYON GROUP (HICKMAN),,,Conveyance,,4445,LOWER FREMONT RIVER,Observational,"Dynasonics Ultrasonic device, in Met",,A,38.2780146335222,-111.420879483469,Manual,No,https://waterrights.utah.gov/cgi-bin/dvrtview.exe?Modinfo=StationView&STATION_ID=4445,1,DAILY_RECORDS,Mean daily discharge in CFS,Mean daily discharge in CFS,1.0,CFS,24,1995.0,2025.0
DUCHESNE,,4450,US LAKE FORK,8919,*,Conveyance,,4450,LAKE FORK RIVER,Observational,,,A,40.4367058855876,-110.363434494919,Direct,Yes,https://waterrights.utah.gov/cgi-bin/dvrtview.exe?Modinfo=StationView&STATION_ID=4450,1,DAILY_RECORDS,Mean daily discharge in CFS,Mean daily discharge in CFS,1.0,CFS,20,1995.0,2025.0
DUCHESNE,,4453,SANDWASH CREEK,10284,*,Stream,,4453,LAKE FORK RIVER,Observational,,,A,40.3244721691783,-110.239305190957,Scrape,Yes,https://waterrights.utah.gov/cgi-bin/dvrtview.exe?Modinfo=StationView&STATION_ID=4453,1,DAILY_RECORDS,Mean daily discharge in CFS,Mean daily discharge in CFS,1.0,CFS,21,1995.0,2024.0
,,4459,EXTENSION IRRIGATION CO. (TOTAL),,,Conveyance,,4459,PROVO RIVER,Observational,,,I,40.5966191134433,-111.424077408255,,,https://waterrights.utah.gov/cgi-bin/dvrtview.exe?Modinfo=StationView&STATION_ID=4459,1,DAILY_RECORDS,Mean daily discharge in CFS,Mean daily discharge in CFS,1.0,CFS,8,1996.0,2004.0
,,4474,REDWASH,,,Conveyance,,4474,UINTA AND WHITEROCKS RIVERS,Observational,,,I,,,Manual,No,https://waterrights.utah.gov/cgi-bin/dvrtview.exe?Modinfo=StationView&STATION_ID=4474,1,DAILY_RECORDS,Mean daily discharge in CFS,Mean daily discharge in CFS,1.0,CFS,8,1995.0,2005.0
,,4475,MILITARY,,,Conveyance,,4475,UINTA AND WHITEROCKS RIVERS,Observational,,,I,,,,,https://waterrights.utah.gov/cgi-bin/dvrtview.exe?Modinfo=StationView&STATION_ID=4475,1,DAILY_RECORDS,Mean daily discharge in CFS,Mean daily discharge in CFS,1.0,CFS,9,1995.0,2006.0
,,4476,MARIMON,,,Conveyance,,4476,UINTA AND WHITEROCKS RIVERS,Observational,,,I,,,Manual,,https://waterrights.utah.gov/cgi-bin/dvrtview.exe?Modinfo=StationView&STATION_ID=4476,1,DAILY_RECORDS,Mean daily discharge in CFS,Mean daily discharge in CFS,1.0,CFS,26,1968.0,2023.0
USGS,,4477,SEVIER RIVER AT HATCH - USGS,10174500,SEVIER RIVER AT HATCH,Stream,1.0,4477,SEVIER RIVER,Observational,,DIGITAL,A,37.6667797944823,-112.418735589377,Scrape,Yes,https://waterrights.utah.gov/cgi-bin/dvrtview.exe?Modinfo=StationView&STATION_ID=4477,1,DAILY_RECORDS,Mean daily discharge in CFS,Mean daily discharge in CFS,1.0,CFS,31,1995.0,2025.0
USGS,,4481,USGS-EAST FORK SEVIER RIVER NEAR KINGSTON,10189000,East Fork Sevier River near Kingston,Stream,1.0,4481,SEVIER RIVER,Observational,,DIGITAL,A,38.1966952412312,-112.148080877663,Scrape,Yes,https://waterrights.utah.gov/cgi-bin/dvrtview.exe?Modinfo=StationView&STATION_ID=4481,1,DAILY_RECORDS,Mean daily discharge in CFS,Mean daily discharge in CFS,1.0,CFS,31,1995.0,2025.0
SEVIER,,4483,SHAW WEIR FLOWS,4129,VERMILLION CANAL AT SHAW WEIR,Conveyance,1.0,4483,SEVIER RIVER,Observational,,DIGITAL,A,38.8864441995251,-111.956586512036,Scrape,Yes,https://waterrights.utah.gov/cgi-bin/dvrtview.exe?Modinfo=StationView&STATION_ID=4483,1,DAILY_RECORDS,Mean daily discharge in CFS,Mean daily discharge in CFS,1.0,CFS,34,1992.0,2025.0
,,4484,ROCKY FORD FLOWS,,,,,4484,SEVIER RIVER,Observational,,,I,,,,No,https://waterrights.utah.gov/cgi-bin/dvrtview.exe?Modinfo=StationView&STATION_ID=4484,1,DAILY_RECORDS,Mean daily discharge in CFS,Mean daily discharge in CFS,1.0,CFS,13,1995.0,2008.0
SEVIER,,4485,SEVIER RIVER NEAR SIGURD,4073,Sevier RIver Near Sigurd,Stream,1.0,4485,SEVIER RIVER,Observational,,DIGITAL,A,38.8721566306755,-111.954106383241,Scrape,Yes,https://waterrights.utah.gov/cgi-bin/dvrtview.exe?Modinfo=StationView&STATION_ID=4485,1,DAILY_RECORDS,Mean daily discharge in CFS,Mean daily discharge in CFS,1.0,CFS,33,1951.0,2025.0
USGS,,4486,SEVIER RIVER BELOW SAN PITCH RIVER,10217000,"USGS SEVIER RIV BLW SAN PITCH RIV NR GUNNISON, UT",Stream,1.0,4486,SEVIER RIVER,Observational,Rated Section,DIGITAL,A,39.1555100524984,-111.877823286801,Scrape,Yes,https://waterrights.utah.gov/cgi-bin/dvrtview.exe?Modinfo=StationView&STATION_ID=4486,1,DAILY_RECORDS,Mean daily discharge in CFS,Mean daily discharge in CFS,1.0,CFS,34,1951.0,2025.0
USGS,,4487,USGS SEVIER RIVER NEAR JUAB,10219000,"SEVIER RIVER NEAR JUAB, UT",Stream,1.0,4487,SEVIER RIVER,Observational,,DIGITAL,A,39.3751235824538,-112.039915960904,Scrape,Yes,https://waterrights.utah.gov/cgi-bin/dvrtview.exe?Modinfo=StationView&STATION_ID=4487,1,DAILY_RECORDS,Mean daily discharge in CFS,Mean daily discharge in CFS,1.0,CFS,34,1947.0,2025.0
USGS,,4488,SEVIER RIVER NEAR LYNNDYL,10224000,"USGS SEVIER RIVER NEAR LYNNDYL, UT",Stream,1.0,4488,SEVIER RIVER,Observational,GAGING STATION W/ HANDAR & RECORDER,DIGITAL,A,39.4818382234892,-112.393804077522,Scrape,Yes,https://waterrights.utah.gov/cgi-bin/dvrtview.exe?Modinfo=StationView&STATION_ID=4488,1,DAILY_RECORDS,Mean daily discharge in CFS,Mean daily discharge in CFS,1.0,CFS,34,1951.0,2025.0
SEVIER,,4489,DELTA-MELVILLE CANAL A,3710,Canal A,Conveyance,1.0,4489,SEVIER RIVER,Observational,,DIGITAL,A,39.392935253554,-112.488200317204,Scrape,Yes,https://waterrights.utah.gov/cgi-bin/dvrtview.exe?Modinfo=StationView&STATION_ID=4489,1,DAILY_RECORDS,Mean daily discharge in CFS,Mean daily discharge in CFS,1.0,CFS,31,1994.0,2025.0
,,4490,DMAD WELL #2,,,Well,,4490,SEVIER RIVER,Observational,,,A,39.4022665600198,-112.502378463262,Manual,No,https://waterrights.utah.gov/cgi-bin/dvrtview.exe?Modinfo=StationView&STATION_ID=4490,1,DAILY_RECORDS,Mean daily discharge in CFS,Mean daily discharge in CFS,1.0,CFS,34,1991.0,2024.0
,,4491,CLEAVLAND-BOTTOM OF CARROLL RANCH,,,Conveyance,,4491,EAST FORK VIRGIN RIVER,Observational,Parshall Flume,,A,37.3535785257263,-112.597125025049,Manual,No,https://waterrights.utah.gov/cgi-bin/dvrtview.exe?Modinfo=StationView&STATION_ID=4491,1,DAILY_RECORDS,Mean daily discharge in CFS,Mean daily discharge in CFS,1.0,CFS,16,1995.0,2024.0
,,4492,CARROLL RANCH,,,Conveyance,,4492,EAST FORK VIRGIN RIVER,Observational,1 Ft.  PARSHALL FLUME,,A,37.3624727330473,-112.594404573837,Manual,No,https://waterrights.utah.gov/cgi-bin/dvrtview.exe?Modinfo=StationView&STATION_ID=4492,1,DAILY_RECORDS,Mean daily discharge in CFS,Mean daily discharge in CFS,1.0,CFS,29,1995.0,2024.0
,,4493,MACDONALD RANCH (JIM VARNEY),,,Conveyance,,4493,EAST FORK VIRGIN RIVER,Observational,1 Ft Parshall Flume,,A,37.414719667873,-112.545818733842,Manual,No,https://waterrights.utah.gov/cgi-bin/dvrtview.exe?Modinfo=StationView&STATION_ID=4493,1,DAILY_RECORDS,Mean daily discharge in CFS,Mean daily discharge in CFS,1.0,CFS,29,1995.0,2024.0
,,4494,FOOTE RANCH (WARREN) DIVERSION,,,Conveyance,,4494,EAST FORK VIRGIN RIVER,Observational,10 FT. CIPOLETTI  WEIR,,A,37.2032469631685,-112.690094493546,Manual,No,https://waterrights.utah.gov/cgi-bin/dvrtview.exe?Modinfo=StationView&STATION_ID=4494,1,DAILY_RECORDS,Mean daily discharge in CFS,Mean daily discharge in CFS,1.0,CFS,20,2000.0,2023.0
LBEAR,,4503,SMITHFIELD PRESSURIZED AT THREE CREEKS,AJA,Smithfield Irr off summit creek,Conveyance,1.0,4503,SUMMIT CREEK,Observational,submerged orifice,FLOWMETER,A,41.8439435068823,-111.81346424517,Direct,Yes,https://waterrights.utah.gov/cgi-bin/dvrtview.exe?Modinfo=StationView&STATION_ID=4503,1,DAILY_RECORDS,Mean daily discharge in CFS,Mean daily discharge in CFS,1.0,CFS,31,1995.0,2025.0
,,4539,SAXON DITCH,,,Conveyance,,4539,UPPER BEAR-WOODRUFF CREEK,Observational,"24"" PARSHALL FLUME",,A,,,Manual,No,https://waterrights.utah.gov/cgi-bin/dvrtview.exe?Modinfo=StationView&STATION_ID=4539,1,DAILY_RECORDS,Mean daily discharge in CFS,Mean daily discharge in CFS,1.0,CFS,28,1995.0,2022.0
,,4541,LAMBORNS-MIDDLE FORK-SOUTH DITCH- #4,,,Conveyance,,4541,UPPER BEAR-OTTER CREEK,Observational,"12"" PARSHALL FLUME",,A,,,Manual,No,https://waterrights.utah.gov/cgi-bin/dvrtview.exe?Modinfo=StationView&STATION_ID=4541,1,DAILY_RECORDS,Mean daily discharge in CFS,Mean daily discharge in CFS,1.0,CFS,27,1996.0,2022.0
,,4543,WESTONS-NORTH FORK-(PIVOT)-DITCH # 2,,,Conveyance,,4543,UPPER BEAR-OTTER CREEK,Observational,NO FLUME,,A,,,Manual,No,https://waterrights.utah.gov/cgi-bin/dvrtview.exe?Modinfo=StationView&STATION_ID=4543,1,DAILY_RECORDS,Mean daily discharge in CFS,Mean daily discharge in CFS,1.0,CFS,27,1995.0,2022.0
,,4544,WESTONS-NORTH FORK-UPPER PUMP DITCH # 1,,,Conveyance,,4544,UPPER BEAR-OTTER CREEK,Observational,NO FLUME,,A,,,Manual,No,https://waterrights.utah.gov/cgi-bin/dvrtview.exe?Modinfo=StationView&STATION_ID=4544,1,DAILY_RECORDS,Mean daily discharge in CFS,Mean daily discharge in CFS,1.0,CFS,27,1995.0,2022.0
USGS,,4611,USGS MCLEOD CREEK NEAR PARK CITY UTAH,10133600,"Mcleod Creek near Park City, UT",Stream,1.0,4611,WEBER RIVER,Observational,,,A,40.6879974783515,-111.533716164704,Scrape,Yes,https://waterrights.utah.gov/cgi-bin/dvrtview.exe?Modinfo=StationView&STATION_ID=4611,1,DAILY_RECORDS,Mean daily discharge in CFS,Mean daily discharge in CFS,1.0,CFS,21,1994.0,2025.0
WR_STREAM_GAGES,,4612,SILVER CREEK NEAR WANSHIP,0,In order to access the realtime data in DVRTVIEW the divert station must be tied to a capture station. This is a dummy capture station for DVRT stations getting their data from stream gage programs,Stream,1.0,4612,WEBER RIVER,Observational,old USGS Gage?,,I,,,Direct,Yes,https://waterrights.utah.gov/cgi-bin/dvrtview.exe?Modinfo=StationView&STATION_ID=4612,1,DAILY_RECORDS,Mean daily discharge in CFS,Mean daily discharge in CFS,1.0,CFS,5,1996.0,2020.0
,,4641,LITTLE BIT OF HEAVEN /AIKEN,,,Conveyance,,4641,EAST FORK VIRGIN RIVER,Observational,9 inch Parshall Flume,,A,37.423110723108,-112.539736136264,Manual,No,https://waterrights.utah.gov/cgi-bin/dvrtview.exe?Modinfo=StationView&STATION_ID=4641,1,DAILY_RECORDS,Mean daily discharge in CFS,Mean daily discharge in CFS,1.0,CFS,29,1996.0,2024.0
,,4646,CLEAR VALLEY RANCH,,,Conveyance,,4646,CLEAR CREEK,Observational,3-ft Cipoletti Weir,,A,41.9587261706461,-113.297020598702,Manual,No,https://waterrights.utah.gov/cgi-bin/dvrtview.exe?Modinfo=StationView&STATION_ID=4646,1,DAILY_RECORDS,Mean daily discharge in CFS,Mean daily discharge in CFS,1.0,CFS,20,1996.0,2022.0
,,4755,SAVAGE COAL - TERMINAL,,,Conveyance,,4755,PRICE RIVER,Observational,estimate,,A,39.5549073313735,-110.769432517711,Manual,No,https://waterrights.utah.gov/cgi-bin/dvrtview.exe?Modinfo=StationView&STATION_ID=4755,5,MONTHLY_RECORDS,Monthly Discharge in ACFT,Monthly Discharge in ACFT,1.0,ACFT,11,2014.0,2024.0
,,4795,NORTH DESPAIN,,,Conveyance,,4795,LITTLE COTTONWOOD CREEK,Observational,1.0 Foot Cipolletti Weir,,A,40.5763105432886,-111.787094715166,Manual,No,https://waterrights.utah.gov/cgi-bin/dvrtview.exe?Modinfo=StationView&STATION_ID=4795,1,DAILY_RECORDS,Mean daily discharge in CFS,Mean daily discharge in CFS,1.0,CFS,27,1999.0,2025.0
,,4797,SANDY DITCH WEIR,,,Conveyance,,4797,LITTLE COTTONWOOD CREEK,Observational,7 Foot Suppressed Weir,,A,40.5793271297927,-111.798716156673,Manual,No,https://waterrights.utah.gov/cgi-bin/dvrtview.exe?Modinfo=StationView&STATION_ID=4797,1,DAILY_RECORDS,Mean daily discharge in CFS,Mean daily discharge in CFS,1.0,CFS,23,2000.0,2024.0
,,4798,CUT OFF SAVINGS DITCH NORTH,,,Conveyance,,4798,LITTLE COTTONWOOD CREEK,Observational,Rated Section,,A,40.5967498877835,-111.815122379937,Manual,No,https://waterrights.utah.gov/cgi-bin/dvrtview.exe?Modinfo=StationView&STATION_ID=4798,1,DAILY_RECORDS,Mean daily discharge in CFS,Mean daily discharge in CFS,1.0,CFS,21,2004.0,2024.0
,,4799,RICHARDS DITCH,,,Conveyance,,4799,LITTLE COTTONWOOD CREEK,Observational,Difference of South & North Flume,,A,40.5966309255827,-111.8150230783,Manual,No,https://waterrights.utah.gov/cgi-bin/dvrtview.exe?Modinfo=StationView&STATION_ID=4799,1,DAILY_RECORDS,Mean daily discharge in CFS,Mean daily discharge in CFS,1.0,CFS,25,2000.0,2024.0
,,4800,SOUTH DESPAIN - LA CAILLE,,,Conveyance,,4800,LITTLE COTTONWOOD CREEK,Observational,,,A,40.573135151446,-111.789776440018,Manual,No,https://waterrights.utah.gov/cgi-bin/dvrtview.exe?Modinfo=StationView&STATION_ID=4800,1,DAILY_RECORDS,Mean daily discharge in CFS,Mean daily discharge in CFS,1.0,CFS,25,1999.0,2024.0
LITTLE COTTONWOOD CR,,4801,SOUTH DESPAIN EXTENSION,South Despain Extension,"Ultra Sonic Flow Meter for 18"" PVC Pipe",Conveyance,1.0,4801,LITTLE COTTONWOOD CREEK,Observational,Calculation,,A,40.5731373317888,-111.789717110497,Scrape,Yes,https://waterrights.utah.gov/cgi-bin/dvrtview.exe?Modinfo=StationView&STATION_ID=4801,1,DAILY_RECORDS,Mean daily discharge in CFS,Mean daily discharge in CFS,1.0,CFS,27,1999.0,2025.0
,,4802,WALKER DITCH,,,Conveyance,,4802,LITTLE COTTONWOOD CREEK,Observational,4 Foot Suppressed Weir,,A,40.6220605566774,-111.749693769702,Manual,No,https://waterrights.utah.gov/cgi-bin/dvrtview.exe?Modinfo=StationView&STATION_ID=4802,1,DAILY_RECORDS,Mean daily discharge in CFS,Mean daily discharge in CFS,1.0,CFS,44,1938.0,2024.0
,,4806,TANNER DITCH,,,Conveyance,,4806,LITTLE COTTONWOOD CREEK,Observational,3-ft Parshall Flume,,A,40.6162268036076,-111.852913934658,Manual,No,https://waterrights.utah.gov/cgi-bin/dvrtview.exe?Modinfo=StationView&STATION_ID=4806,1,DAILY_RECORDS,Mean daily discharge in CFS,Mean daily discharge in CFS,1.0,CFS,25,2000.0,2024.0
,,4807,NICHOLS DITCH,,,Conveyance,,4807,LITTLE COTTONWOOD CREEK,Observational,,,I,,,,No,https://waterrights.utah.gov/cgi-bin/dvrtview.exe?Modinfo=StationView&STATION_ID=4807,1,DAILY_RECORDS,Mean daily discharge in CFS,Mean daily discharge in CFS,1.0,CFS,8,2000.0,2021.0
CU_SCADA,,4844,0020 CUWCD CHARLESTON,SCADA.HCFLOW.F_CV,Charleston - SCADA River Gauge,Stream,1.0,4844,PROVO RIVER,Observational,,DIGITAL,A,40.484779378816,-111.463138581654,Scrape,Yes,https://waterrights.utah.gov/cgi-bin/dvrtview.exe?Modinfo=StationView&STATION_ID=4844,1,DAILY_RECORDS,Mean daily discharge in CFS,Mean daily discharge in CFS,1.0,CFS,29,1995.0,2023.0
PRWUA,,4848,0060 PROVO RIVER AQUADUCT,S16_FIT_1M,"Data From:www.prwua.org, To:0060 PROVO RES./MURDOCK CANAL",Conveyance,1.0,4848,PROVO RIVER,Observational,Ultrasonic meter,DIGITAL,A,40.3247614554589,-111.643022983071,Scrape,Yes,https://waterrights.utah.gov/cgi-bin/dvrtview.exe?Modinfo=StationView&STATION_ID=4848,1,DAILY_RECORDS,Mean daily discharge in CFS,Mean daily discharge in CFS,1.0,CFS,30,1996.0,2025.0
PRWUA,,4849,0070 DUCHESNE TUNNEL,S04_FIT_2M,"Data From:www.prwua.org, To:0070 DUCHESNE TUNNEL",Conveyance,1.0,4849,PROVO RIVER,Observational,15 Foot Parshall Flume,DIGITAL,A,40.5933819484876,-110.999621585696,Scrape,Yes,https://waterrights.utah.gov/cgi-bin/dvrtview.exe?Modinfo=StationView&STATION_ID=4849,1,DAILY_RECORDS,Mean daily discharge in CFS,Mean daily discharge in CFS,1.0,CFS,31,1995.0,2025.0
CU_SCADA,,4852,0110 HARBOR DRIVE,OREM\HD\ANALOG\FLOW,Harbor Drive - SCADA River Gauge,Stream,1.0,4852,PROVO RIVER,Observational,,DIGITAL,A,40.2391291772882,-111.711226011012,Scrape,Yes,https://waterrights.utah.gov/cgi-bin/dvrtview.exe?Modinfo=StationView&STATION_ID=4852,1,DAILY_RECORDS,Mean daily discharge in CFS,Mean daily discharge in CFS,1.0,CFS,28,1996.0,2025.0
,,4915,0452 SNAKE CREEK,,,,,4915,PROVO RIVER,Observational,,,I,,,Manual,No,https://waterrights.utah.gov/cgi-bin/dvrtview.exe?Modinfo=StationView&STATION_ID=4915,1,DAILY_RECORDS,Mean daily discharge in CFS,Mean daily discharge in CFS,1.0,CFS,9,1997.0,2018.0
CU_SCADA,,4924,1080 OLMSTED INTAKE,SCADA.ODPLFLOW.F_CV,tag for olmsted total diversion from the Provo per Will gardner 12-27-2023,Conveyance,1.0,4924,PROVO RIVER,Observational,,DIGITAL,A,40.3487688135568,-111.588736377847,Scrape,Yes,https://waterrights.utah.gov/cgi-bin/dvrtview.exe?Modinfo=StationView&STATION_ID=4924,1,DAILY_RECORDS,Mean daily discharge in CFS,Mean daily discharge in CFS,1.0,CFS,26,1997.0,2024.0
,,4946,HIGLEY - SESSIONS,,,Conveyance,,4946,CLEAR CREEK,Observational,3-ft Cipolletti?,,A,41.9925671398925,-113.279608731769,Manual,No,https://waterrights.utah.gov/cgi-bin/dvrtview.exe?Modinfo=StationView&STATION_ID=4946,1,DAILY_RECORDS,Mean daily discharge in CFS,Mean daily discharge in CFS,1.0,CFS,20,1998.0,2022.0
CU_SCADA,,4954,0460 STRAWBERRY TUNNEL,ST2FLOW_PUB,"Strawberry Tunnel Plunger Valve, Created by LSR 2022",Conveyance,1.0,4954,SPANISH FORK RIVER,Observational,"Scraped from CUWCD, see schematic",DIGITAL,A,40.1652637796965,-111.194456384073,Scrape,Yes,https://waterrights.utah.gov/cgi-bin/dvrtview.exe?Modinfo=StationView&STATION_ID=4954,1,DAILY_RECORDS,Mean daily discharge in CFS,Mean daily discharge in CFS,1.0,CFS,22,1998.0,2025.0
,,4955,GOLF COURSE DIVERSION - THUNDERBIRD,,,Conveyance,,4955,EAST FORK VIRGIN RIVER,Observational,9`  PARSHALL FLUME,,A,37.2275812279385,-112.676203199562,Manual,No,https://waterrights.utah.gov/cgi-bin/dvrtview.exe?Modinfo=StationView&STATION_ID=4955,1,DAILY_RECORDS,Mean daily discharge in CFS,Mean daily discharge in CFS,1.0,CFS,25,2000.0,2024.0
,,4982,PINE MTN. (WILDE DITCH),,,Conveyance,,4982,WEBER RIVER,Observational,Parshall Flume,,A,40.7842268641243,-111.156397275911,Manual,No,https://waterrights.utah.gov/cgi-bin/dvrtview.exe?Modinfo=StationView&STATION_ID=4982,2,DAILY_RECORDS,MEAN daily discharge in CFS,Mean daily discharge in ACFT,1.98347107,CFS,23,1998.0,2024.0
,,4983,BEAVER SPRINGS,,,Conveyance,,4983,WEBER RIVER,Observational,Flume,,A,40.7895552703111,-111.129465134113,Manual,No,https://waterrights.utah.gov/cgi-bin/dvrtview.exe?Modinfo=StationView&STATION_ID=4983,2,DAILY_RECORDS,MEAN daily discharge in CFS,Mean daily discharge in ACFT,1.98347107,CFS,27,1998.0,2024.0
USGS,,5138,USGS GOGGIN DRAIN,10172630,GOGGIN Drain Data from USGS station 10172630,Stream,1.0,5138,LOWER JORDAN RIVER,Observational,,DIGITAL,A,40.8167502514061,-112.10141633122,Scrape,Yes,https://waterrights.utah.gov/cgi-bin/dvrtview.exe?Modinfo=StationView&STATION_ID=5138,1,DAILY_RECORDS,Mean daily discharge in CFS,Mean daily discharge in CFS,1.0,CFS,16,2010.0,2025.0
,,5177,CHAMBER WELL,,,Well,,5177,SUMMIT CREEK,Observational,,,A,41.8273794423484,-111.839205583762,Manual,No,https://waterrights.utah.gov/cgi-bin/dvrtview.exe?Modinfo=StationView&STATION_ID=5177,1,DAILY_RECORDS,Mean daily discharge in CFS,Mean daily discharge in CFS,1.0,CFS,15,2000.0,2024.0
,,5178,SMITHFIELD BENSON WELL,,,Well,,5178,SUMMIT CREEK,Observational,,,A,,,Manual,No,https://waterrights.utah.gov/cgi-bin/dvrtview.exe?Modinfo=StationView&STATION_ID=5178,1,DAILY_RECORDS,Mean daily discharge in CFS,Mean daily discharge in CFS,1.0,CFS,16,2000.0,2024.0
,,5179,BALLPARK WELL,,,Well,,5179,SUMMIT CREEK,Observational,,,A,41.8373059369238,-111.843984297953,Manual,No,https://waterrights.utah.gov/cgi-bin/dvrtview.exe?Modinfo=StationView&STATION_ID=5179,1,DAILY_RECORDS,Mean daily discharge in CFS,Mean daily discharge in CFS,1.0,CFS,21,2002.0,2024.0
,,5180,BOOSTER WELL,,,Well,,5180,SUMMIT CREEK,Observational,Meter,,A,,,Manual,No,https://waterrights.utah.gov/cgi-bin/dvrtview.exe?Modinfo=StationView&STATION_ID=5180,1,DAILY_RECORDS,Mean daily discharge in CFS,Mean daily discharge in CFS,1.0,CFS,16,2000.0,2023.0
,,5211,HAVORKA CANAL,,,Conveyance,,5211,UPPER BEAR,Observational,,,A,40.8969036567436,-110.805073871961,Manual,Yes,https://waterrights.utah.gov/cgi-bin/dvrtview.exe?Modinfo=StationView&STATION_ID=5211,1,DAILY_RECORDS,Mean daily discharge in CFS,Mean daily discharge in CFS,1.0,CFS,19,2000.0,2024.0
,,5212,HATCH CANAL,,,Conveyance,,5212,UPPER BEAR,Observational,,,A,40.9500871502607,-110.857945626999,Manual,No,https://waterrights.utah.gov/cgi-bin/dvrtview.exe?Modinfo=StationView&STATION_ID=5212,1,DAILY_RECORDS,Mean daily discharge in CFS,Mean daily discharge in CFS,1.0,CFS,19,2000.0,2024.0
MILLCREEK2,,5229,MOAB IRR CO DIVERSION 3,C,MIC3,Conveyance,1.0,5229,MILL CREEK (MOAB),Observational,Seametrics Electromagnetic Meter,FLOWMETER,A,38.5608304622015,-109.522944772783,Direct,Yes,https://waterrights.utah.gov/cgi-bin/dvrtview.exe?Modinfo=StationView&STATION_ID=5229,1,DAILY_RECORDS,Mean daily discharge in CFS,Mean daily discharge in CFS,1.0,CFS,26,2000.0,2025.0
MILLCREEK2,,5230,MOAB IRR CO DIVERSION 2,B,MIC 2,Conveyance,1.0,5230,MILL CREEK (MOAB),Observational,Dynosonic Flow Meter (2016),FLOWMETER,A,38.5623442292073,-109.529279965014,Direct,Yes,https://waterrights.utah.gov/cgi-bin/dvrtview.exe?Modinfo=StationView&STATION_ID=5230,1,DAILY_RECORDS,Mean daily discharge in CFS,Mean daily discharge in CFS,1.0,CFS,26,2000.0,2025.0
USGS,,5259,00  CORINNE,10126000,"BEAR RIVER NEAR CORINNE, UT",Stream,1.0,5259,LOWER BEAR RIVER,Observational,,,A,41.5762759942822,-112.10072669662,Scrape,Yes,https://waterrights.utah.gov/cgi-bin/dvrtview.exe?Modinfo=StationView&STATION_ID=5259,1,DAILY_RECORDS,Mean daily discharge in CFS,Mean daily discharge in CFS,1.0,CFS,24,2001.0,2025.0
,,6014,GEORGE HADLEY PUMP (ANNUAL RECORDS),,,Conveyance,,6014,WEBER RIVER,Observational,,,I,41.260458868061,-112.059739021281,Manual,No,https://waterrights.utah.gov/cgi-bin/dvrtview.exe?Modinfo=StationView&STATION_ID=6014,11,ANNUAL_RECORDS,Annual Diversion in ACFT,Annual Diversion in ACFT,1.0,ACFT,1,2013.0,2013.0
,,6015,GENE CHARLTON PUMP (ANNUAL RECORDS),,,Conveyance,,6015,WEBER RIVER,Observational,,,I,41.2655252536034,-112.063726435697,Manual,No,https://waterrights.utah.gov/cgi-bin/dvrtview.exe?Modinfo=StationView&STATION_ID=6015,11,ANNUAL_RECORDS,Annual Diversion in ACFT,Annual Diversion in ACFT,1.0,ACFT,1,2013.0,2013.0
,,6016,HEBER HANCOCK PUMP (ANNUAL RECORDS),,,Conveyance,,6016,WEBER RIVER,Observational,Totalizer--Not in place,,I,41.2789199277882,-112.08275426348,Manual,No,https://waterrights.utah.gov/cgi-bin/dvrtview.exe?Modinfo=StationView&STATION_ID=6016,11,ANNUAL_RECORDS,Annual Diversion in ACFT,Annual Diversion in ACFT,1.0,ACFT,1,2013.0,2013.0
,,6018,PIONEER PUMP (ANNUAL RECORDS),,,Conveyance,,6018,WEBER RIVER,Observational,totalizing meter,,I,41.2832994732658,-112.090200680359,Manual,No,https://waterrights.utah.gov/cgi-bin/dvrtview.exe?Modinfo=StationView&STATION_ID=6018,11,ANNUAL_RECORDS,Annual Diversion in ACFT,Annual Diversion in ACFT,1.0,ACFT,1,2013.0,2013.0
,,6019,GIBSON-GREEN-GIBSON PUMP (ANNUAL RECORDS),,,Conveyance,,6019,WEBER RIVER,Observational,,,I,41.2545204884854,-112.107266091205,Manual,No,https://waterrights.utah.gov/cgi-bin/dvrtview.exe?Modinfo=StationView&STATION_ID=6019,11,ANNUAL_RECORDS,Annual Diversion in ACFT,Annual Diversion in ACFT,1.0,ACFT,1,2013.0,2013.0
,,6020,MIYA PUMPS NO. 1 AND NO. 2 (ANNUAL RECORDS),,,Conveyance,,6020,WEBER RIVER,Observational,Totalizing Meters,,I,41.2344739276241,-112.073550384634,Manual,No,https://waterrights.utah.gov/cgi-bin/dvrtview.exe?Modinfo=StationView&STATION_ID=6020,11,ANNUAL_RECORDS,Annual Diversion in ACFT,Annual Diversion in ACFT,1.0,ACFT,1,2013.0,2013.0
,,6021,J. M. LARKIN PUMP (ANNUAL RECORDS),,,Conveyance,,6021,WEBER RIVER,Observational,Totalizing Meter,,I,41.2468140086036,-112.114692484864,Manual,No,https://waterrights.utah.gov/cgi-bin/dvrtview.exe?Modinfo=StationView&STATION_ID=6021,11,ANNUAL_RECORDS,Annual Diversion in ACFT,Annual Diversion in ACFT,1.0,ACFT,1,2013.0,2013.0
,,6022,HERBERT HESLOP PUMP (ANNUAL RECORDS),,,Conveyance,,6022,WEBER RIVER,Observational,,,I,41.2457266844168,-112.119379452499,Manual,No,https://waterrights.utah.gov/cgi-bin/dvrtview.exe?Modinfo=StationView&STATION_ID=6022,11,ANNUAL_RECORDS,Annual Diversion in ACFT,Annual Diversion in ACFT,1.0,ACFT,1,2013.0,2013.0
,,6023,SAM KNIGHT PUMP (ANNUAL RECORDS),,,Conveyance,,6023,WEBER RIVER,Observational,,,I,41.2473167487294,-112.120184909532,Manual,No,https://waterrights.utah.gov/cgi-bin/dvrtview.exe?Modinfo=StationView&STATION_ID=6023,11,ANNUAL_RECORDS,Annual Diversion in ACFT,Annual Diversion in ACFT,1.0,ACFT,1,2013.0,2013.0
,,6024,JOHN HESLOP PUMP (ANNUAL RECORDS),,,Conveyance,,6024,WEBER RIVER,Observational,Totalizing Meter,,I,41.2417241090468,-112.120253650812,Manual,No,https://waterrights.utah.gov/cgi-bin/dvrtview.exe?Modinfo=StationView&STATION_ID=6024,11,ANNUAL_RECORDS,Annual Diversion in ACFT,Annual Diversion in ACFT,1.0,ACFT,1,2013.0,2013.0
,,6025,CLIFF HESLOP PUMPS (ANNUAL RECORDS),,,Conveyance,,6025,WEBER RIVER,Observational,,,I,,,Manual,No,https://waterrights.utah.gov/cgi-bin/dvrtview.exe?Modinfo=StationView&STATION_ID=6025,11,ANNUAL_RECORDS,Annual Diversion in ACFT,Annual Diversion in ACFT,1.0,ACFT,1,2013.0,2013.0
,,6026,SUGIMOTO - MARTINI PUMP (ANNUAL RECORDS),,,Conveyance,,6026,WEBER RIVER,Observational,,,I,41.234931993635,-112.131788269144,Manual,No,https://waterrights.utah.gov/cgi-bin/dvrtview.exe?Modinfo=StationView&STATION_ID=6026,11,ANNUAL_RECORDS,Annual Diversion in ACFT,Annual Diversion in ACFT,1.0,ACFT,0,,
,,6063,HAROLD MCFARLAND PUMP (ANNUAL RECORDS),,,Conveyance,,6063,WEBER RIVER,Observational,TOTALIZING METER?,,I,41.2655252536034,-112.063726435697,Manual,No,https://waterrights.utah.gov/cgi-bin/dvrtview.exe?Modinfo=StationView&STATION_ID=6063,11,ANNUAL_RECORDS,Annual Diversion in ACFT,Annual Diversion in ACFT,1.0,ACFT,0,,
,,6103,HALL & LEE DITCH (ANNUAL RECORDS),,,Conveyance,,6103,UINTA AND WHITEROCKS RIVERS,Observational,,,I,40.4060519648989,-109.921694868843,Manual,,https://waterrights.utah.gov/cgi-bin/dvrtview.exe?Modinfo=StationView&STATION_ID=6103,11,ANNUAL_RECORDS,Annual Diversion in ACFT,Annual Diversion in ACFT,1.0,ACFT,0,,
,,6104,PARK CANAL FROM DEEP CREEK (ANNUAL RECORDS),,,Conveyance,,6104,UINTA AND WHITEROCKS RIVERS,Observational,,,I,40.3678569637455,-109.826331182106,Manual,,https://waterrights.utah.gov/cgi-bin/dvrtview.exe?Modinfo=StationView&STATION_ID=6104,11,ANNUAL_RECORDS,Annual Diversion in ACFT,Annual Diversion in ACFT,1.0,ACFT,0,,
,,6107,MARIMON DITCH (ANNUAL RECORDS),,,Conveyance,,6107,UINTA AND WHITEROCKS RIVERS,Observational,,,I,,,Manual,,https://waterrights.utah.gov/cgi-bin/dvrtview.exe?Modinfo=StationView&STATION_ID=6107,11,ANNUAL_RECORDS,Annual Diversion in ACFT,Annual Diversion in ACFT,1.0,ACFT,0,,
,,6157,JOE CALDER (ANNUAL RECORDS),,,Conveyance,,6157,POT CREEK,Observational,,,I,,,,No,https://waterrights.utah.gov/cgi-bin/dvrtview.exe?Modinfo=StationView&STATION_ID=6157,11,ANNUAL_RECORDS,Annual Diversion in ACFT,Annual Diversion in ACFT,1.0,ACFT,0,,
,,6158,MAX RASMUSSEN (ANNUAL RECORDS),,,Conveyance,,6158,POT CREEK,Observational,,,I,,,,No,https://waterrights.utah.gov/cgi-bin/dvrtview.exe?Modinfo=StationView&STATION_ID=6158,11,ANNUAL_RECORDS,Annual Diversion in ACFT,Annual Diversion in ACFT,1.0,ACFT,0,,
,,6159,ALLEN BENNION (ANNUAL RECORDS),,,Conveyance,,6159,POT CREEK,Observational,,,I,,,,No,https://waterrights.utah.gov/cgi-bin/dvrtview.exe?Modinfo=StationView&STATION_ID=6159,11,ANNUAL_RECORDS,Annual Diversion in ACFT,Annual Diversion in ACFT,1.0,ACFT,0,,
,,8007,SPRINGDALE CONSOLIDATED IRR. CO. CANAL (MONTHLY RECORDS),,,Conveyance,,8007,VIRGIN RIVER,Observational,Meter,,A,37.2001640601901,-112.98892054438,Manual,No,https://waterrights.utah.gov/cgi-bin/dvrtview.exe?Modinfo=StationView&STATION_ID=8007,5,MONTHLY_RECORDS,Monthly Discharge in ACFT,Monthly Discharge in ACFT,1.0,ACFT,0,,
,,8011,LA VERKIN BENCH CANAL (MONTHLY RECORDS),,,Conveyance,,8011,VIRGIN RIVER,Observational,Mag Meter,,A,37.1911652093274,-113.273774658073,Manual,Yes,https://waterrights.utah.gov/cgi-bin/dvrtview.exe?Modinfo=StationView&STATION_ID=8011,13,MONTHLY_RECORDS,Gallons,Gallons Per Month,1.0,GALLONS,0,,
,,8012,HURRICANE AND BENCH LAKE CANAL (MONTHLY RECORDS),,,Conveyance,,8012,VIRGIN RIVER,Observational,,,A,37.1845074275637,-113.300955763854,Manual,Yes,https://waterrights.utah.gov/cgi-bin/dvrtview.exe?Modinfo=StationView&STATION_ID=8012,5,MONTHLY_RECORDS,Monthly Discharge in ACFT,Monthly Discharge in ACFT,1.0,ACFT,0,,
,,8122,JOSEPH & COVE HIGHLINE (MONTHLY RECORDS),,,Conveyance,,8122,SEVIER RIVER,Observational,,,I,,,,Yes,https://waterrights.utah.gov/cgi-bin/dvrtview.exe?Modinfo=StationView&STATION_ID=8122,5,MONTHLY_RECORDS,Monthly Discharge in ACFT,Monthly Discharge in ACFT,1.0,ACFT,0,,
,,8139,"SPANISH FORK CITY - TURNOUT C, DELIVERY (MONTHLY RECORDS)",,,Conveyance,,8139,SPANISH FORK RIVER,Observational,Meter on Pipe,,A,40.0786822834205,-111.597825275704,Manual,No,https://waterrights.utah.gov/cgi-bin/dvrtview.exe?Modinfo=StationView&STATION_ID=8139,5,MONTHLY_RECORDS,Monthly Discharge in ACFT,Monthly Discharge in ACFT,1.0,ACFT,0,,
,,8143,"SPANISH FORK CITY - TURNOUT C, RIVER (MONTHLY RECORDS)",,,Conveyance,,8143,SPANISH FORK RIVER,Observational,Wheel,,A,40.0786859629487,-111.59781933808,Manual,No,https://waterrights.utah.gov/cgi-bin/dvrtview.exe?Modinfo=StationView&STATION_ID=8143,5,MONTHLY_RECORDS,Monthly Discharge in ACFT,Monthly Discharge in ACFT,1.0,ACFT,0,,
,,8217,DITCH D (MONTHLY RECORDS),,,Conveyance,,8217,UINTA AND WHITEROCKS RIVERS,Observational,,,I,,,Manual,,https://waterrights.utah.gov/cgi-bin/dvrtview.exe?Modinfo=StationView&STATION_ID=8217,5,MONTHLY_RECORDS,Monthly Discharge in ACFT,Monthly Discharge in ACFT,1.0,ACFT,0,,
,,8223,BLUE CUT CANAL (MONTHLY RECORDS),,,,,8223,COTTONWOOD CREEK,Observational,,,I,,,,,https://waterrights.utah.gov/cgi-bin/dvrtview.exe?Modinfo=StationView&STATION_ID=8223,5,MONTHLY_RECORDS,Monthly Discharge in ACFT,Monthly Discharge in ACFT,1.0,ACFT,0,,
,,8228,COTTONWOOD CREEK-HUNTINGTON CANAL (MONTHLY RECORDS),,,,,8228,COTTONWOOD CREEK,Observational,,,I,,,,,https://waterrights.utah.gov/cgi-bin/dvrtview.exe?Modinfo=StationView&STATION_ID=8228,5,MONTHLY_RECORDS,Monthly Discharge in ACFT,Monthly Discharge in ACFT,1.0,ACFT,0,,
,,8246,ST. GEORGE TREATMENT PLANT (MONTHLY RECORDS),,,Conveyance,,8246,VIRGIN RIVER,Observational,Mag Meters,,A,37.1744270209042,-113.398692338669,Manual,Yes,https://waterrights.utah.gov/cgi-bin/dvrtview.exe?Modinfo=StationView&STATION_ID=8246,5,MONTHLY_RECORDS,Monthly Discharge in ACFT,Monthly Discharge in ACFT,1.0,ACFT,0,,
,,8359,WASATCH CANAL CREAMERY TURNOUT,,,Conveyance,,8359,PROVO RIVER,Observational,,,I,40.5220206827331,-111.406972582774,Scrape,Yes,https://waterrights.utah.gov/cgi-bin/dvrtview.exe?Modinfo=StationView&STATION_ID=8359,1,DAILY_RECORDS,Mean daily discharge in CFS,Mean daily discharge in CFS,1.0,CFS,10,2001.0,2024.0
,,8360,WASATCH CANAL LONDON DITCH,,,Conveyance,,8360,PROVO RIVER,Observational,,,I,40.5385620670152,-111.407884820134,Scrape,Yes,https://waterrights.utah.gov/cgi-bin/dvrtview.exe?Modinfo=StationView&STATION_ID=8360,1,DAILY_RECORDS,Mean daily discharge in CFS,Mean daily discharge in CFS,1.0,CFS,11,2001.0,2024.0
,,8435,REEDER CREEK - SPIGARELLI DITCH,,,Conveyance,,8435,COTTONWOOD CREEK,Observational,,,I,,,Manual,No,https://waterrights.utah.gov/cgi-bin/dvrtview.exe?Modinfo=StationView&STATION_ID=8435,1,DAILY_RECORDS,Mean daily discharge in CFS,Mean daily discharge in CFS,1.0,CFS,4,2001.0,2004.0
,,8436,CCCIC - REEDER CREEK - VERDE DITCH,,,Conveyance,,8436,COTTONWOOD CREEK,Observational,,,A,39.3350128437243,-111.298528874138,Manual,No,https://waterrights.utah.gov/cgi-bin/dvrtview.exe?Modinfo=StationView&STATION_ID=8436,1,DAILY_RECORDS,Mean daily discharge in CFS,Mean daily discharge in CFS,1.0,CFS,22,2001.0,2024.0
,,8451,SANDY WELL - BIG CANYON,,,Well,,8451,LITTLE COTTONWOOD CREEK,Observational,,,A,40.5731369568805,-111.789732417451,Manual,No,https://waterrights.utah.gov/cgi-bin/dvrtview.exe?Modinfo=StationView&STATION_ID=8451,1,DAILY_RECORDS,Mean daily discharge in CFS,Mean daily discharge in CFS,1.0,CFS,25,1999.0,2024.0
LITTLE COTTONWOOD CR,,8452,BROWN DITCH,Brown Ditch,Depth / Velocity Sensor in box culvert,Conveyance,1.0,8452,LITTLE COTTONWOOD CREEK,Observational,Velocity / Depth Sensor,,A,40.6397918701119,-111.862877255068,Direct,Yes,https://waterrights.utah.gov/cgi-bin/dvrtview.exe?Modinfo=StationView&STATION_ID=8452,1,DAILY_RECORDS,Mean daily discharge in CFS,Mean daily discharge in CFS,1.0,CFS,17,2000.0,2025.0
,,8453,RICHARDS DITCH ROYAL LANE,,,Conveyance,,8453,LITTLE COTTONWOOD CREEK,Observational,Suppressed Weir,,A,40.6049262664217,-111.823365176116,Manual,No,https://waterrights.utah.gov/cgi-bin/dvrtview.exe?Modinfo=StationView&STATION_ID=8453,1,DAILY_RECORDS,Mean daily discharge in CFS,Mean daily discharge in CFS,1.0,CFS,25,2000.0,2024.0
,,8455,15 FT PARSHALL,,,Stream,,8455,LITTLE COTTONWOOD CREEK,Observational,15 foot parshall flume,,A,40.5785520121883,-111.797613694098,Manual,No,https://waterrights.utah.gov/cgi-bin/dvrtview.exe?Modinfo=StationView&STATION_ID=8455,1,DAILY_RECORDS,Mean daily discharge in CFS,Mean daily discharge in CFS,1.0,CFS,26,1999.0,2025.0
MWDSLS,,8456,WTP TAILRACE,5,LCC LCWTP,Conveyance,1.0,8456,LITTLE COTTONWOOD CREEK,Observational,Flow Meter,,A,40.5848910733659,-111.800729117052,Scrape,Yes,https://waterrights.utah.gov/cgi-bin/dvrtview.exe?Modinfo=StationView&STATION_ID=8456,1,DAILY_RECORDS,Mean daily discharge in CFS,Mean daily discharge in CFS,1.0,CFS,25,2000.0,2025.0
,,8458,SOUTH DESPAIN - DOMESTIC,,,Conveyance,,8458,LITTLE COTTONWOOD CREEK,Observational,2 Inch Flow Meter,,A,40.5811417535875,-111.792020286302,Manual,No,https://waterrights.utah.gov/cgi-bin/dvrtview.exe?Modinfo=StationView&STATION_ID=8458,1,DAILY_RECORDS,Mean daily discharge in CFS,Mean daily discharge in CFS,1.0,CFS,15,2000.0,2024.0
,,8463,VICTORY RANCH PUMP,,,Conveyance,,8463,PROVO RIVER,Observational,,,A,40.6007365418894,-111.290618820004,Direct,No,https://waterrights.utah.gov/cgi-bin/dvrtview.exe?Modinfo=StationView&STATION_ID=8463,2,DAILY_RECORDS,MEAN daily discharge in CFS,Mean daily discharge in ACFT,1.98347107,CFS,1,2001.0,2001.0
USGS,,8476,USGS WEBER RIVER NEAR OAKLEY UTAH,10128500,"USGS Weber River near Oakley, UT",Stream,1.0,8476,WEBER RIVER,Observational,RATED SECTION,,A,40.7371565033198,-111.247573461185,Scrape,Yes,https://waterrights.utah.gov/cgi-bin/dvrtview.exe?Modinfo=StationView&STATION_ID=8476,1,DAILY_RECORDS,Mean daily discharge in CFS,Mean daily discharge in CFS,1.0,CFS,22,1998.0,2025.0
,,8477,HAROLD EAST PUMPS 1&2 (ANNUAL RECORDS),,,Conveyance,,8477,WEBER RIVER,Observational,TOTALIZING METERS,,I,41.26554238229,-112.104387873091,Manual,No,https://waterrights.utah.gov/cgi-bin/dvrtview.exe?Modinfo=StationView&STATION_ID=8477,11,ANNUAL_RECORDS,Annual Diversion in ACFT,Annual Diversion in ACFT,1.0,ACFT,0,,
,,8479,THOMAS MCFARLAND PUMPS NO. 1 & NO. 2 (ANNUAL RECORDS),,,Conveyance,,8479,WEBER RIVER,Observational,,,I,41.239086902364,-112.121640169351,Manual,No,https://waterrights.utah.gov/cgi-bin/dvrtview.exe?Modinfo=StationView&STATION_ID=8479,11,ANNUAL_RECORDS,Annual Diversion in ACFT,Annual Diversion in ACFT,1.0,ACFT,0,,
,,8480,FOWL PLAY,,,,,8480,LOWER JORDAN RIVER,Observational,,,I,40.8360155483171,-112.016930458924,,No,https://waterrights.utah.gov/cgi-bin/dvrtview.exe?Modinfo=StationView&STATION_ID=8480,1,DAILY_RECORDS,Mean daily discharge in CFS,Mean daily discharge in CFS,1.0,CFS,8,2002.0,2009.0
,,8482,056_HADES_BYPASS,,,Conveyance,,8482,DUCHESNE RIVER,Observational,,,A,40.5443006735586,-110.860783234265,Manual,Yes,https://waterrights.utah.gov/cgi-bin/dvrtview.exe?Modinfo=StationView&STATION_ID=8482,1,DAILY_RECORDS,Mean daily discharge in CFS,Mean daily discharge in CFS,1.0,CFS,23,2002.0,2024.0
,,8484,084_(RHODES)WOLF_CREEK_BYPASS,,,Conveyance,,8484,DUCHESNE RIVER,Observational,,,A,40.4743308797267,-110.930983238418,Manual,Yes,https://waterrights.utah.gov/cgi-bin/dvrtview.exe?Modinfo=StationView&STATION_ID=8484,1,DAILY_RECORDS,Mean daily discharge in CFS,Mean daily discharge in CFS,1.0,CFS,23,2002.0,2024.0
,,8485,089 (WIN)TWIN CREEK BYPASS,,,Conveyance,,8485,DUCHESNE RIVER,Observational,,,A,40.4739335940702,-110.92162295968,Manual,Yes,https://waterrights.utah.gov/cgi-bin/dvrtview.exe?Modinfo=StationView&STATION_ID=8485,1,DAILY_RECORDS,Mean daily discharge in CFS,Mean daily discharge in CFS,1.0,CFS,23,2002.0,2024.0
DUCHESNE,,8489,180_NEW_TABBY_CANAL_HEAD,8463,Tabby Canal,Conveyance,4.0,8489,DUCHESNE RIVER,Observational,,FLOWMETER,A,40.3899008034057,-110.750823118345,Scrape,Yes,https://waterrights.utah.gov/cgi-bin/dvrtview.exe?Modinfo=StationView&STATION_ID=8489,1,DAILY_RECORDS,Mean daily discharge in CFS,Mean daily discharge in CFS,1.0,CFS,21,2005.0,2025.0
CU_SCADA,,8494,370_ORCHARD_MESA_CANAL_(HEAD),KDOMFLOW_PUB,http://data.cuwcd.com/external.aspx?pID=OrchardMesa,Conveyance,3.0,8494,DUCHESNE RIVER,Observational,,FLOWMETER,A,40.2398090994677,-110.411697881018,Scrape,Yes,https://waterrights.utah.gov/cgi-bin/dvrtview.exe?Modinfo=StationView&STATION_ID=8494,1,DAILY_RECORDS,Mean daily discharge in CFS,Mean daily discharge in CFS,1.0,CFS,26,2000.0,2025.0
GREENRIV,,8509,THAYNS DIVERSION,Thayns Diversion,Base Station - Radio 202:2 - Pakbus 3,Conveyance,1.0,8509,GREEN RIVER,Observational,4 foot parshall flume/ shaft encoder,DIGITAL,A,39.0756357342208,-110.147888364082,Direct,Yes,https://waterrights.utah.gov/cgi-bin/dvrtview.exe?Modinfo=StationView&STATION_ID=8509,1,DAILY_RECORDS,Mean daily discharge in CFS,Mean daily discharge in CFS,1.0,CFS,21,2003.0,2025.0
GREENRIV,,8511,GREEN RIVER CANAL COMPANY,Green River Flow,Radio 202:2 - Pakbus 2,Conveyance,1.0,8511,GREEN RIVER,Observational,MACE Agriflo with SDI12 interface,DIGITAL,A,39.0746606818184,-110.146943727976,Direct,Yes,https://waterrights.utah.gov/cgi-bin/dvrtview.exe?Modinfo=StationView&STATION_ID=8511,1,DAILY_RECORDS,Mean daily discharge in CFS,Mean daily discharge in CFS,1.0,CFS,22,2003.0,2025.0
,,8944,01.01.02 SOUTH SHORE FARMS (DIRECT),,,Conveyance,,8944,UTAH LAKE/JORDAN RIVER,Observational,several,,I,,,Manual,,https://waterrights.utah.gov/cgi-bin/dvrtview.exe?Modinfo=StationView&STATION_ID=8944,11,ANNUAL_RECORDS,Annual Diversion in ACFT,Annual Diversion in ACFT,1.0,ACFT,0,,
UINTAH,,8945,STEINAKER SERVICE CANAL,10535,,Conveyance,1.0,8945,ASHLEY CREEK,Observational,,FLOWMETER,A,40.5051515141038,-109.534038322585,Scrape,Yes,https://waterrights.utah.gov/cgi-bin/dvrtview.exe?Modinfo=StationView&STATION_ID=8945,1,DAILY_RECORDS,Mean daily discharge in CFS,Mean daily discharge in CFS,1.0,CFS,22,2002.0,2025.0
,,8947,RED FLEET,,,Conveyance,,8947,ASHLEY CREEK,Observational,Pipeline Meter,,A,40.572720549161,-109.421381742773,Manual,Yes,https://waterrights.utah.gov/cgi-bin/dvrtview.exe?Modinfo=StationView&STATION_ID=8947,1,DAILY_RECORDS,Mean daily discharge in CFS,Mean daily discharge in CFS,1.0,CFS,23,2002.0,2024.0
BEAR_UPPER,,8955,G. R. PEART PUMP,15719,G.R. Peart Pump,Conveyance,1.0,8955,UPPER BEAR,Observational,,,A,41.5855400487272,-111.144454994653,Scrape,Yes,https://waterrights.utah.gov/cgi-bin/dvrtview.exe?Modinfo=StationView&STATION_ID=8955,1,DAILY_RECORDS,Mean daily discharge in CFS,Mean daily discharge in CFS,1.0,CFS,23,2003.0,2025.0
BEAR_UPPER,,8956,HOFFMAN BROTHERS RANCH PUMP,15721,Hoffman Brothers Ranch Pump,Conveyance,1.0,8956,UPPER BEAR,Observational,Strap on Ultrasonic flow meter,,A,41.6546059597382,-111.142434340104,Scrape,Yes,https://waterrights.utah.gov/cgi-bin/dvrtview.exe?Modinfo=StationView&STATION_ID=8956,1,DAILY_RECORDS,Mean daily discharge in CFS,Mean daily discharge in CFS,1.0,CFS,22,2003.0,2024.0
,,8958,MARVIN CORNIA PUMP,,,Conveyance,,8958,UPPER BEAR-WOODRUFF CREEK,Observational,,,A,,,Manual,No,https://waterrights.utah.gov/cgi-bin/dvrtview.exe?Modinfo=StationView&STATION_ID=8958,1,DAILY_RECORDS,Mean daily discharge in CFS,Mean daily discharge in CFS,1.0,CFS,20,2003.0,2022.0
,,8959,MARVIN CORNIA DITCH,,,Conveyance,,8959,UPPER BEAR-WOODRUFF CREEK,Observational,,,A,,,Manual,No,https://waterrights.utah.gov/cgi-bin/dvrtview.exe?Modinfo=StationView&STATION_ID=8959,1,DAILY_RECORDS,Mean daily discharge in CFS,Mean daily discharge in CFS,1.0,CFS,20,2003.0,2022.0
,,8960,PARK TO FAUSETT,,,Conveyance,,8960,UINTA AND WHITEROCKS RIVERS,Observational,,,I,,,Manual,No,https://waterrights.utah.gov/cgi-bin/dvrtview.exe?Modinfo=StationView&STATION_ID=8960,1,DAILY_RECORDS,Mean daily discharge in CFS,Mean daily discharge in CFS,1.0,CFS,1,2001.0,2001.0
PRICE_DL,,8961,NORTH CARBON GROUP,North Carbon Group,North Carbon Group,Conveyance,1.0,8961,PRICE RIVER,Observational,,FLOWMETER,A,39.702053207882,-110.8662056523,Direct,Yes,https://waterrights.utah.gov/cgi-bin/dvrtview.exe?Modinfo=StationView&STATION_ID=8961,1,DAILY_RECORDS,Mean daily discharge in CFS,Mean daily discharge in CFS,1.0,CFS,23,2003.0,2025.0
,,8980,10.1 NORTH JORDAN CANAL BYPASS,,,,,8980,UTAH LAKE/JORDAN RIVER,Observational,,,I,,,Manual,No,https://waterrights.utah.gov/cgi-bin/dvrtview.exe?Modinfo=StationView&STATION_ID=8980,1,DAILY_RECORDS,Mean daily discharge in CFS,Mean daily discharge in CFS,1.0,CFS,1,2018.0,2018.0
UJORDAN,,8996,04.01.02 JORDAN RIVER STATION NO. 1,1,Jordan River Station No. 1,Stream,1.0,8996,UTAH LAKE/JORDAN RIVER,Observational,,DIGITAL,A,40.4443311433963,-111.922095938806,Direct,Yes,https://waterrights.utah.gov/cgi-bin/dvrtview.exe?Modinfo=StationView&STATION_ID=8996,1,DAILY_RECORDS,Mean daily discharge in CFS,Mean daily discharge in CFS,1.0,CFS,22,2004.0,2025.0
,,9067,DEVILS PASS (SHEEP DITCH),,,Conveyance,,9067,SAN PITCH RIVER,Observational,24` Cipolletti Weir,,A,39.6908755031614,-111.437226575814,Manual,No,https://waterrights.utah.gov/cgi-bin/dvrtview.exe?Modinfo=StationView&STATION_ID=9067,1,DAILY_RECORDS,Mean daily discharge in CFS,Mean daily discharge in CFS,1.0,CFS,22,2003.0,2024.0
PROVO,,9173,SHINGLE CREEK,SHINGLE CREEK,Shingle Creek to Provo,Conveyance,1.0,9173,PROVO RIVER,Observational,12 foot suppressed rectangular weir,,A,40.6094209211317,-111.121301092481,Direct,Yes,https://waterrights.utah.gov/cgi-bin/dvrtview.exe?Modinfo=StationView&STATION_ID=9173,1,DAILY_RECORDS,Mean daily discharge in CFS,Mean daily discharge in CFS,1.0,CFS,15,2011.0,2025.0
UINTAH,,9174,LEIDY DITCH,10590,Leidy Peak Ditch,Conveyance,1.0,9174,ASHLEY CREEK,Observational,30-inch ramp flume,FLOWMETER,A,40.7721581543594,-109.789334816949,Scrape,Yes,https://waterrights.utah.gov/cgi-bin/dvrtview.exe?Modinfo=StationView&STATION_ID=9174,1,DAILY_RECORDS,Mean daily discharge in CFS,Mean daily discharge in CFS,1.0,CFS,23,2003.0,2025.0
MWDSLS,,9176,FARMERS GATE,6,LCC Farmers Gate,Conveyance,1.0,9176,LITTLE COTTONWOOD CREEK,Observational,Flow Meter,FLOWMETER,A,40.5848931099161,-111.800726435388,Scrape,Yes,https://waterrights.utah.gov/cgi-bin/dvrtview.exe?Modinfo=StationView&STATION_ID=9176,1,DAILY_RECORDS,Mean daily discharge in CFS,Mean daily discharge in CFS,1.0,CFS,23,2003.0,2025.0
MWDSLS,,9177,SANDY DITCH SIPHON,7,LCC Sandy Ditch Siphon,Conveyance,1.0,9177,LITTLE COTTONWOOD CREEK,Observational,Flow Meter,FLOWMETER,A,40.5844536129805,-111.800820710819,Scrape,Yes,https://waterrights.utah.gov/cgi-bin/dvrtview.exe?Modinfo=StationView&STATION_ID=9177,1,DAILY_RECORDS,Mean daily discharge in CFS,Mean daily discharge in CFS,1.0,CFS,23,2003.0,2025.0
,,9180,HCIC ROWLEY DIVERSION DAILY FLOWS,,,Conveyance,,9180,HUNTINGTON CREEK,Observational,9 inch parshall flume,,A,39.3644178701951,-111.051025934492,Manual,No,https://waterrights.utah.gov/cgi-bin/dvrtview.exe?Modinfo=StationView&STATION_ID=9180,1,DAILY_RECORDS,Mean daily discharge in CFS,Mean daily discharge in CFS,1.0,CFS,23,2002.0,2024.0
EMERY,,9181,HCIC SEELEY AND COLLARD DIVERSION (DAILY RECORDS),6607,HCIC SEELEY COLLARD DIVERSION METER,Conveyance,1.0,9181,HUNTINGTON CREEK,Observational,Inline flow meter,DIGITAL,A,39.3624573664886,-111.045870786471,Scrape,Yes,https://waterrights.utah.gov/cgi-bin/dvrtview.exe?Modinfo=StationView&STATION_ID=9181,1,DAILY_RECORDS,Mean daily discharge in CFS,Mean daily discharge in CFS,1.0,CFS,23,2002.0,2025.0
,,9182,PINES RANCH,,,Conveyance,,9182,WEBER RIVER,Observational,18-inch Steel Parshall Flume,,A,40.7862662541006,-111.131667934076,Manual,No,https://waterrights.utah.gov/cgi-bin/dvrtview.exe?Modinfo=StationView&STATION_ID=9182,2,DAILY_RECORDS,MEAN daily discharge in CFS,Mean daily discharge in ACFT,1.98347107,CFS,23,2002.0,2024.0
,,9214,HCIC HUNTINGTON CLEVELAND- MUNICIPAL (CASTLE VALLEY SPECIAL SERVICE DIST),,,Conveyance,,9214,HUNTINGTON CREEK,Observational,,,I,,,Manual,No,https://waterrights.utah.gov/cgi-bin/dvrtview.exe?Modinfo=StationView&STATION_ID=9214,5,MONTHLY_RECORDS,Monthly Discharge in ACFT,Monthly Discharge in ACFT,1.0,ACFT,0,,
,,9215,HCIC HUNTINGTON CLEVELAND-MUNICIPAL (NORTH EMERY WATER USERS ASSOCIATION)MONTHLY,,,Conveyance,,9215,HUNTINGTON CREEK,Observational,,,I,,,Manual,No,https://waterrights.utah.gov/cgi-bin/dvrtview.exe?Modinfo=StationView&STATION_ID=9215,5,MONTHLY_RECORDS,Monthly Discharge in ACFT,Monthly Discharge in ACFT,1.0,ACFT,0,,
,,9216,HCIC HUNTINGTON CLEVELAND - UP&L PLANT DIVERSION,,,Conveyance,,9216,HUNTINGTON CREEK,Observational,,,I,,,Manual,No,https://waterrights.utah.gov/cgi-bin/dvrtview.exe?Modinfo=StationView&STATION_ID=9216,5,MONTHLY_RECORDS,Monthly Discharge in ACFT,Monthly Discharge in ACFT,1.0,ACFT,0,,
,,9220,HCIC HUNTINGTON - CLEVELAND - MUNICIPAL - UP&L WELL,,,Well,,9220,HUNTINGTON CREEK,Observational,,,I,,,Manual,No,https://waterrights.utah.gov/cgi-bin/dvrtview.exe?Modinfo=StationView&STATION_ID=9220,11,ANNUAL_RECORDS,Annual Diversion in ACFT,Annual Diversion in ACFT,1.0,ACFT,0,,
,,9227,CCCIC - REEDER CREEK - OLSENS DITCH 1B,,,Conveyance,,9227,COTTONWOOD CREEK,Observational,9 Inch Parshall Flume,,A,39.3349960272234,-111.297794578942,Manual,No,https://waterrights.utah.gov/cgi-bin/dvrtview.exe?Modinfo=StationView&STATION_ID=9227,1,DAILY_RECORDS,Mean daily discharge in CFS,Mean daily discharge in CFS,1.0,CFS,13,2005.0,2024.0
,,9228,CCCIC - REEDER CREEK - ULARICH DITCH,,,Conveyance,,9228,COTTONWOOD CREEK,Observational,,,I,,,,No,https://waterrights.utah.gov/cgi-bin/dvrtview.exe?Modinfo=StationView&STATION_ID=9228,1,DAILY_RECORDS,Mean daily discharge in CFS,Mean daily discharge in CFS,1.0,CFS,2,2004.0,2005.0
,,9230,CCCIC - INDIAN CREEK LOWER DIVERSIONS,,,Conveyance,,9230,COTTONWOOD CREEK,Observational,Commissioner Estimate,,A,39.3501188488487,-111.267842983691,Manual,No,https://waterrights.utah.gov/cgi-bin/dvrtview.exe?Modinfo=StationView&STATION_ID=9230,1,DAILY_RECORDS,Mean daily discharge in CFS,Mean daily discharge in CFS,1.0,CFS,19,2005.0,2024.0
,,9232,INDIAN CREEK - JOES VALLEY TRANSFER,,,Conveyance,,9232,COTTONWOOD CREEK,Observational,9 INCH PARSHALL FLUME,,I,39.436364951447,-111.241884635374,Manual,No,https://waterrights.utah.gov/cgi-bin/dvrtview.exe?Modinfo=StationView&STATION_ID=9232,1,DAILY_RECORDS,Mean daily discharge in CFS,Mean daily discharge in CFS,1.0,CFS,7,2010.0,2017.0
,,9233,INDIAN CREEK - KIRK JOHANSON,,,Conveyance,,9233,COTTONWOOD CREEK,Observational,Inline flow meter,,A,39.4173349342593,-111.246500727866,Manual,No,https://waterrights.utah.gov/cgi-bin/dvrtview.exe?Modinfo=StationView&STATION_ID=9233,1,DAILY_RECORDS,Mean daily discharge in CFS,Mean daily discharge in CFS,1.0,CFS,18,2004.0,2024.0
,,9237,HCIC ROBINS AND TRUMAN DIVERSION - CFS,,,Conveyance,,9237,HUNTINGTON CREEK,Observational,NONE,,I,39.3582146878418,-111.030723671878,Manual,No,https://waterrights.utah.gov/cgi-bin/dvrtview.exe?Modinfo=StationView&STATION_ID=9237,1,DAILY_RECORDS,Mean daily discharge in CFS,Mean daily discharge in CFS,1.0,CFS,20,2005.0,2025.0
UJORDAN,,9256,06.02 UTAH & SALT LAKE CANAL (TOTAL),0,Utah and Salt Lake Canal,Conveyance,1.0,9256,UTAH LAKE/JORDAN RIVER,Observational,,DIGITAL,A,40.4447694296978,-111.923862542526,Direct,Yes,https://waterrights.utah.gov/cgi-bin/dvrtview.exe?Modinfo=StationView&STATION_ID=9256,1,DAILY_RECORDS,Mean daily discharge in CFS,Mean daily discharge in CFS,1.0,CFS,20,2004.0,2025.0
UJORDAN,,9274,06.03 EAST JORDAN CANAL (TOTAL),2,East Jordan Canal,Conveyance,1.0,9274,UTAH LAKE/JORDAN RIVER,Observational,RATED SECTION,DIGITAL,A,40.445373674401,-111.921524225694,Direct,Yes,https://waterrights.utah.gov/cgi-bin/dvrtview.exe?Modinfo=StationView&STATION_ID=9274,1,DAILY_RECORDS,Mean daily discharge in CFS,Mean daily discharge in CFS,1.0,CFS,20,2004.0,2025.0
UJORDAN,,9275,07.01 JORDAN & SALT LAKE CANAL (SLC) (57-7624) CFS,B4,Jordan and Salt Lake Canal,Conveyance,1.0,9275,UTAH LAKE/JORDAN RIVER,Observational,"10 ft Ramp Flume, always submerged",DIGITAL,A,40.4615578605982,-111.9319671034,Direct,Yes,https://waterrights.utah.gov/cgi-bin/dvrtview.exe?Modinfo=StationView&STATION_ID=9275,1,DAILY_RECORDS,Mean daily discharge in CFS,Mean daily discharge in CFS,1.0,CFS,22,2004.0,2025.0
JORDAN,,9283,10 NORTH JORDAN CANAL (TOTAL),10 NORTH JORDAN CANAL (TOTAL),North Jordan Canal,Conveyance,1.0,9283,UTAH LAKE/JORDAN RIVER,Observational,Parshall Flume,DIGITAL,A,40.6091770598441,-111.924383823793,Direct,Yes,https://waterrights.utah.gov/cgi-bin/dvrtview.exe?Modinfo=StationView&STATION_ID=9283,1,DAILY_RECORDS,Mean daily discharge in CFS,Mean daily discharge in CFS,1.0,CFS,20,2004.0,2025.0
,,9304,SANDY WELL - LITTLE CANYON,,,Well,,9304,LITTLE COTTONWOOD CREEK,Observational,,,A,40.5746072912912,-111.789662053399,Manual,No,https://waterrights.utah.gov/cgi-bin/dvrtview.exe?Modinfo=StationView&STATION_ID=9304,1,DAILY_RECORDS,Mean daily discharge in CFS,Mean daily discharge in CFS,1.0,CFS,3,2022.0,2024.0
LBEAR,,9305,08A REESE-BALLARD,AEl,"08 & 08A -, Radio - 204 Munk",Conveyance,2.0,9305,LOWER BEAR RIVER,Observational,Ultrasonic Flow Sensor,FLOWMETER,A,41.8094357431511,-111.901512378915,Direct,Yes,https://waterrights.utah.gov/cgi-bin/dvrtview.exe?Modinfo=StationView&STATION_ID=9305,1,DAILY_RECORDS,Mean daily discharge in CFS,Mean daily discharge in CFS,1.0,CFS,21,2005.0,2025.0
LBEAR,,9308,13A SPACKMAN-BUTTARS,AAj,"13 & 13A -, Radio - 206 Gravel Pit",Conveyance,2.0,9308,LOWER BEAR RIVER,Observational,Ultrasonic Flow Sensor,FLOWMETER,A,41.9079766429688,-111.894836422068,Direct,Yes,https://waterrights.utah.gov/cgi-bin/dvrtview.exe?Modinfo=StationView&STATION_ID=9308,1,DAILY_RECORDS,Mean daily discharge in CFS,Mean daily discharge in CFS,1.0,CFS,21,2005.0,2025.0
MWDSLS,,9326,WTP CREEKSIDE DIVERSION,10,LCC LCWTP Creek Intake,Conveyance,1.0,9326,LITTLE COTTONWOOD CREEK,Observational,Flow Meter,,A,40.5794701353337,-111.798743449821,Scrape,Yes,https://waterrights.utah.gov/cgi-bin/dvrtview.exe?Modinfo=StationView&STATION_ID=9326,1,DAILY_RECORDS,Mean daily discharge in CFS,Mean daily discharge in CFS,1.0,CFS,11,2015.0,2025.0
,,9327,UNION AND JORDAN,,,Conveyance,,9327,LITTLE COTTONWOOD CREEK,Observational,3-foot Parshall Flume,,I,40.6175628121649,-111.856195899675,Manual,No,https://waterrights.utah.gov/cgi-bin/dvrtview.exe?Modinfo=StationView&STATION_ID=9327,1,DAILY_RECORDS,Mean daily discharge in CFS,Mean daily discharge in CFS,1.0,CFS,12,2005.0,2016.0
,,9335,SOUTH DESPAIN EXTENSION TOTAL,,,Conveyance,,9335,LITTLE COTTONWOOD CREEK,Observational,,,A,40.5723579759264,-111.778475194375,Manual,No,https://waterrights.utah.gov/cgi-bin/dvrtview.exe?Modinfo=StationView&STATION_ID=9335,1,DAILY_RECORDS,Mean daily discharge in CFS,Mean daily discharge in CFS,1.0,CFS,19,2005.0,2023.0
,,9372,861 INDIAN DITCH (BELOW STARVATION),,,Conveyance,,9372,DUCHESNE RIVER,Observational,,,I,,,,No,https://waterrights.utah.gov/cgi-bin/dvrtview.exe?Modinfo=StationView&STATION_ID=9372,5,MONTHLY_RECORDS,Monthly Discharge in ACFT,Monthly Discharge in ACFT,1.0,ACFT,0,,
,,9385,155 RASMUSSEN RICHARD,,,Conveyance,,9385,DUCHESNE RIVER,Observational,,,I,,,Manual,No,https://waterrights.utah.gov/cgi-bin/dvrtview.exe?Modinfo=StationView&STATION_ID=9385,5,MONTHLY_RECORDS,Monthly Discharge in ACFT,Monthly Discharge in ACFT,1.0,ACFT,0,,
LBEAR,,9416,47  RICH (NORTH PUMP),AAk,"47 -, Radio - 206 Gravel Pit",Conveyance,2.0,9416,LOWER BEAR RIVER,Observational,Dynasonic Flow Sensor,FLOWMETER,A,41.8889458043826,-111.86953279312,Direct,Yes,https://waterrights.utah.gov/cgi-bin/dvrtview.exe?Modinfo=StationView&STATION_ID=9416,1,DAILY_RECORDS,Mean daily discharge in CFS,Mean daily discharge in CFS,1.0,CFS,20,2006.0,2025.0
LBEAR,,9417,55B TODD BALLARD,Ag,"55b, 51 -, Radio - 202 UP&L",Conveyance,3.0,9417,LOWER BEAR RIVER,Observational,Ultrasonic Flow Sensor,FLOWMETER,A,41.8255668875712,-111.951668259414,Direct,Yes,https://waterrights.utah.gov/cgi-bin/dvrtview.exe?Modinfo=StationView&STATION_ID=9417,1,DAILY_RECORDS,Mean daily discharge in CFS,Mean daily discharge in CFS,1.0,CFS,19,2006.0,2024.0
,,9422,01.02 ELBERTA PUMPS DIRECT (TOTAL),,,Conveyance,,9422,UTAH LAKE/JORDAN RIVER,Observational,,,I,40.0938531457565,-111.929468215749,Manual,,https://waterrights.utah.gov/cgi-bin/dvrtview.exe?Modinfo=StationView&STATION_ID=9422,11,ANNUAL_RECORDS,Annual Diversion in ACFT,Annual Diversion in ACFT,1.0,ACFT,0,,
,,9423,617 WATER HOLLOW DIVERSION,,,Conveyance,,9423,DUCHESNE RIVER,Observational,,,A,40.2488346848942,-111.038942927269,Manual,,https://waterrights.utah.gov/cgi-bin/dvrtview.exe?Modinfo=StationView&STATION_ID=9423,1,DAILY_RECORDS,Mean daily discharge in CFS,Mean daily discharge in CFS,1.0,CFS,20,2005.0,2024.0
LITTLEBEAR,,9424,NIBLEY BLACKSMITH FORK CANAL,A,Radio - 210 Nibley,Conveyance,1.0,9424,BLACKSMITH FORK RIVER,Observational,8` Parshall flume,STAGE,A,41.6455617214453,-111.818573636188,Direct,Yes,https://waterrights.utah.gov/cgi-bin/dvrtview.exe?Modinfo=StationView&STATION_ID=9424,1,DAILY_RECORDS,Mean daily discharge in CFS,Mean daily discharge in CFS,1.0,CFS,20,2006.0,2025.0
,,9425,10.01.02 (59-5798) DAYBREAK PUMP (PREVIOUS OWNER KCC),,,Conveyance,,9425,UTAH LAKE/JORDAN RIVER,Observational,,,I,40.6074189768401,-111.924513852829,Manual,,https://waterrights.utah.gov/cgi-bin/dvrtview.exe?Modinfo=StationView&STATION_ID=9425,1,DAILY_RECORDS,Mean daily discharge in CFS,Mean daily discharge in CFS,1.0,CFS,12,2006.0,2017.0
,,9427,06.02.02 (59-5798) (CHG30426) DAYBREAK PUMP (PREVIOUS OWNER KCC),,,Conveyance,,9427,UTAH LAKE/JORDAN RIVER,Observational,,,A,40.5801263313415,-111.920105614736,Manual,No,https://waterrights.utah.gov/cgi-bin/dvrtview.exe?Modinfo=StationView&STATION_ID=9427,1,DAILY_RECORDS,Mean daily discharge in CFS,Mean daily discharge in CFS,1.0,CFS,18,2006.0,2024.0
,,9428,10.01.02 KENNECOTT (59-23) DAYBREAK PUMP,,,Conveyance,,9428,UTAH LAKE/JORDAN RIVER,Observational,,,I,40.6074189768401,-111.924513852829,Manual,No,https://waterrights.utah.gov/cgi-bin/dvrtview.exe?Modinfo=StationView&STATION_ID=9428,1,DAILY_RECORDS,Mean daily discharge in CFS,Mean daily discharge in CFS,1.0,CFS,5,2006.0,2020.0
,,9432,BIRCH CK - UPPER E. BECK,,,Conveyance,,9432,HENRYS FORK,Observational,,,I,40.9462834846798,-109.991270643898,,No,https://waterrights.utah.gov/cgi-bin/dvrtview.exe?Modinfo=StationView&STATION_ID=9432,1,DAILY_RECORDS,Mean daily discharge in CFS,Mean daily discharge in CFS,1.0,CFS,0,,
,,9433,BIRCH CK - UPPER W. BECK,,,Conveyance,,9433,HENRYS FORK,Observational,,,I,40.9469109727553,-109.99091655698,,No,https://waterrights.utah.gov/cgi-bin/dvrtview.exe?Modinfo=StationView&STATION_ID=9433,1,DAILY_RECORDS,Mean daily discharge in CFS,Mean daily discharge in CFS,1.0,CFS,0,,
,,9434,BIRCH CK - LOWER WEST BECK,,,Conveyance,,9434,HENRYS FORK,Observational,,,I,40.9498321964263,-109.98811567225,,No,https://waterrights.utah.gov/cgi-bin/dvrtview.exe?Modinfo=StationView&STATION_ID=9434,1,DAILY_RECORDS,Mean daily discharge in CFS,Mean daily discharge in CFS,1.0,CFS,0,,
,,9435,BIRCH CK - LOWER EAST BECK,,,Conveyance,,9435,HENRYS FORK,Observational,,,I,40.9523056533701,-109.986652105608,,No,https://waterrights.utah.gov/cgi-bin/dvrtview.exe?Modinfo=StationView&STATION_ID=9435,1,DAILY_RECORDS,Mean daily discharge in CFS,Mean daily discharge in CFS,1.0,CFS,0,,
,,9436,BIRCH CK - UPPER H. E. BECK,,,Conveyance,,9436,HENRYS FORK,Observational,,,I,40.954334485415,-109.985848743139,,No,https://waterrights.utah.gov/cgi-bin/dvrtview.exe?Modinfo=StationView&STATION_ID=9436,1,DAILY_RECORDS,Mean daily discharge in CFS,Mean daily discharge in CFS,1.0,CFS,0,,
,,9437,BIRCH CK - LOWER H. E. BECK,,,Conveyance,,9437,HENRYS FORK,Observational,,,I,40.959862185916,-109.977291695732,,No,https://waterrights.utah.gov/cgi-bin/dvrtview.exe?Modinfo=StationView&STATION_ID=9437,1,DAILY_RECORDS,Mean daily discharge in CFS,Mean daily discharge in CFS,1.0,CFS,0,,
,,9444,COTTONWOOD CREEK FROM EPHRIAM CANYON,,,Stream,,9444,LOWER SAN PITCH RIVER,Observational,20 foot Parshall Flume,,A,39.3424275561502,-111.54633815424,Manual,No,https://waterrights.utah.gov/cgi-bin/dvrtview.exe?Modinfo=StationView&STATION_ID=9444,1,DAILY_RECORDS,Mean daily discharge in CFS,Mean daily discharge in CFS,1.0,CFS,19,2006.0,2024.0
DUCHESNE,,9450,249 WPPBB PIPE,8937,WPPBB PIPE,Conveyance,3.0,9450,DUCHESNE RIVER,Observational,Meter,DIGITAL,A,40.3072146607767,-110.643678198394,Scrape,Yes,https://waterrights.utah.gov/cgi-bin/dvrtview.exe?Modinfo=StationView&STATION_ID=9450,1,DAILY_RECORDS,Mean daily discharge in CFS,Mean daily discharge in CFS,1.0,CFS,19,2007.0,2025.0
BEAR_UPL,,9451,BEAR R. BELOW STEWART DAM,Bear R. below Stewar,Bear R. below Stewart Dam,Stream,1.0,9451,BEAR RIVER (UPL),Observational,,,A,,,Scrape,Yes,https://waterrights.utah.gov/cgi-bin/dvrtview.exe?Modinfo=StationView&STATION_ID=9451,1,DAILY_RECORDS,Mean daily discharge in CFS,Mean daily discharge in CFS,1.0,CFS,21,2007.0,2025.0
BEAR_UPL,,9457,BEAR R. AT SODA SPRINGS,Bear R. At Soda Spri,Bear R. At Soda Springs,Stream,1.0,9457,BEAR RIVER (UPL),Observational,,,A,,,Scrape,Yes,https://waterrights.utah.gov/cgi-bin/dvrtview.exe?Modinfo=StationView&STATION_ID=9457,1,DAILY_RECORDS,Mean daily discharge in CFS,Mean daily discharge in CFS,1.0,CFS,21,2007.0,2025.0
BEAR_UPL,,9458,BEAR R. AT ALEXANDER,Bear R. At Alexander,BEAR R. AT ALEXANDER,Stream,1.0,9458,BEAR RIVER (UPL),Observational,,,A,-14.1131589787821,-70.6897091301832,Scrape,Yes,https://waterrights.utah.gov/cgi-bin/dvrtview.exe?Modinfo=StationView&STATION_ID=9458,1,DAILY_RECORDS,Mean daily discharge in CFS,Mean daily discharge in CFS,1.0,CFS,22,2007.0,2025.0
,,9468,JSSD ONTARIO TUNNEL TOTAL FLOW AT PORTAL,,,Conveyance,,9468,PROVO RIVER,Observational,two 30-in Magnetronic Meters,,A,40.6338815101039,-111.442338173444,Manual,Yes,https://waterrights.utah.gov/cgi-bin/dvrtview.exe?Modinfo=StationView&STATION_ID=9468,1,DAILY_RECORDS,Mean daily discharge in CFS,Mean daily discharge in CFS,1.0,CFS,16,2008.0,2024.0
CU_SCADA,,9478,1089 OLM TO ALPINE AQUEDUCT,OREM\DS\FLOW\UV1AA3\PV,AA3Bypass - MV4 -Diversion/In,Conveyance,1.0,9478,PROVO RIVER,Observational,,DIGITAL,A,40.3487691446309,-111.588727973265,Scrape,Yes,https://waterrights.utah.gov/cgi-bin/dvrtview.exe?Modinfo=StationView&STATION_ID=9478,1,DAILY_RECORDS,Mean daily discharge in CFS,Mean daily discharge in CFS,1.0,CFS,15,2006.0,2025.0
CU_SCADA,,9479,0038 WEBER CANAL (PARSHALL),SCADA.WCFLOW-P.F_CV,Weber Canal Parshall Flume Measurement,Conveyance,1.0,9479,PROVO RIVER,Observational,Parshall Flume,DIGITAL,A,40.6100172703834,-111.305506829266,Scrape,Yes,https://waterrights.utah.gov/cgi-bin/dvrtview.exe?Modinfo=StationView&STATION_ID=9479,1,DAILY_RECORDS,Mean daily discharge in CFS,Mean daily discharge in CFS,1.0,CFS,20,2006.0,2025.0
CU_SCADA,,9480,0039 WEBER CANAL (CIPOLLETTI),SCADA.WCFLOW-C.F_CV,Weber Canal Cipolletti Weir Measurement,Conveyance,1.0,9480,PROVO RIVER,Observational,Cipoletti Weir,DIGITAL,A,40.610008392255,-111.305505098436,Scrape,Yes,https://waterrights.utah.gov/cgi-bin/dvrtview.exe?Modinfo=StationView&STATION_ID=9480,1,DAILY_RECORDS,Mean daily discharge in CFS,Mean daily discharge in CFS,1.0,CFS,20,2006.0,2025.0
CU_SCADA,,9485,610 CURRANT CK. TO TUNNEL (GAGE 1),CCG1FLOW_PUB,Currant Creek Tunnel Gage 1,Conveyance,1.0,9485,DUCHESNE RIVER,Observational,,DIGITAL,A,40.330874520744,-111.052625719396,Scrape,Yes,https://waterrights.utah.gov/cgi-bin/dvrtview.exe?Modinfo=StationView&STATION_ID=9485,1,DAILY_RECORDS,Mean daily discharge in CFS,Mean daily discharge in CFS,1.0,CFS,24,2002.0,2025.0
CU_SCADA,,9486,610 CURRANT CK. TO TUNNEL (24-INCH LINE),CC24FLOW_PUB,Currant Creek Tunnel 24-in line Gage,Conveyance,1.0,9486,DUCHESNE RIVER,Observational,24` Venturri,DIGITAL,A,40.3308985902466,-111.052593376452,Scrape,Yes,https://waterrights.utah.gov/cgi-bin/dvrtview.exe?Modinfo=StationView&STATION_ID=9486,1,DAILY_RECORDS,Mean daily discharge in CFS,Mean daily discharge in CFS,1.0,CFS,24,2002.0,2025.0
DUCHESNE,,9491,420 REDCAP FEEDER CANAL,8796,*,Conveyance,4.0,9491,DUCHESNE RIVER,Observational,,FLOWMETER,A,40.1813670451915,-110.216365314985,Scrape,Yes,https://waterrights.utah.gov/cgi-bin/dvrtview.exe?Modinfo=StationView&STATION_ID=9491,1,DAILY_RECORDS,Mean daily discharge in CFS,Mean daily discharge in CFS,1.0,CFS,19,2007.0,2025.0
GREENRIV,,9504,EASTSIDE CANAL,Eastside Canal,Radio 202:2 - Pakbus 1,Conveyance,1.0,9504,GREEN RIVER,Observational,MACE Agriflo with SDI12 interface,DIGITAL,A,39.077480733525,-110.140866584039,Direct,Yes,https://waterrights.utah.gov/cgi-bin/dvrtview.exe?Modinfo=StationView&STATION_ID=9504,1,DAILY_RECORDS,Mean daily discharge in CFS,Mean daily discharge in CFS,1.0,CFS,18,2008.0,2025.0
CU_SCADA,,9507,0041 WASHINGTON SOUTH KAMAS RETURN FLOW TO WEBER CANAL,HPWSKRFLOW_HIST,Return flow to Weber Canal from the Washington South Kamas Canal,Conveyance,1.0,9507,PROVO RIVER,Observational,1 foot Parshall Flume,DIGITAL,A,40.6237894654801,-111.303381723566,Scrape,Yes,https://waterrights.utah.gov/cgi-bin/dvrtview.exe?Modinfo=StationView&STATION_ID=9507,1,DAILY_RECORDS,Mean daily discharge in CFS,Mean daily discharge in CFS,1.0,CFS,15,2008.0,2025.0
MILLCREEK2,,9508,MOAB IRR CO DIVERSION 1,A,MIC1,Conveyance,1.0,9508,MILL CREEK (MOAB),Observational,Dynasonics TFXL Badger meter,FLOWMETER,A,38.5648849144297,-109.536814780378,Direct,Yes,https://waterrights.utah.gov/cgi-bin/dvrtview.exe?Modinfo=StationView&STATION_ID=9508,1,DAILY_RECORDS,Mean daily discharge in CFS,Mean daily discharge in CFS,1.0,CFS,22,2004.0,2025.0
,,9512,SOUTH MESA - GCWCD,,,,,9512,MILL CREEK (MOAB),Observational,1-FOOT PARSHALL FLUME,,I,,,,No,https://waterrights.utah.gov/cgi-bin/dvrtview.exe?Modinfo=StationView&STATION_ID=9512,1,DAILY_RECORDS,Mean daily discharge in CFS,Mean daily discharge in CFS,1.0,CFS,2,2009.0,2010.0
,,9515,WILSON MESA - GCWCD,,,,,9515,MILL CREEK (MOAB),Observational,1.5` PARSHALL FLUME,,I,,,,No,https://waterrights.utah.gov/cgi-bin/dvrtview.exe?Modinfo=StationView&STATION_ID=9515,1,DAILY_RECORDS,Mean daily discharge in CFS,Mean daily discharge in CFS,1.0,CFS,1,2009.0,2009.0
,,9516,CRAWFORD DITCH (GIFFORD),,,Conveyance,,9516,VIRGIN RIVER,Observational,"12` PARSHALL FLUME, Fiberglass",,A,37.2184448348187,-112.974518026503,Manual,No,https://waterrights.utah.gov/cgi-bin/dvrtview.exe?Modinfo=StationView&STATION_ID=9516,1,DAILY_RECORDS,Mean daily discharge in CFS,Mean daily discharge in CFS,1.0,CFS,16,2008.0,2023.0
,,9517,HALL GRAFTON IRRIGATION CO,,,Conveyance,,9517,VIRGIN RIVER,Observational,PUCK: MACE AGRI-FLOW SERIES 3,,A,37.1710842840858,-113.012389437675,Manual,No,https://waterrights.utah.gov/cgi-bin/dvrtview.exe?Modinfo=StationView&STATION_ID=9517,1,DAILY_RECORDS,Mean daily discharge in CFS,Mean daily discharge in CFS,1.0,CFS,17,2008.0,2024.0
UINTAH,,9524,UNION CANAL,10595,,Conveyance,1.0,9524,ASHLEY CREEK,Observational,ramp flume in HDPE Culvert,FLOWMETER,A,40.3716757475056,-109.407266289577,Scrape,Yes,https://waterrights.utah.gov/cgi-bin/dvrtview.exe?Modinfo=StationView&STATION_ID=9524,1,DAILY_RECORDS,Mean daily discharge in CFS,Mean daily discharge in CFS,1.0,CFS,2,2024.0,2025.0
UINTAH,,9525,RIVER CANAL,10594,,Conveyance,1.0,9525,ASHLEY CREEK,Observational,12-ft Suppressed Weir,FLOWMETER,A,40.4052001983564,-109.431204879161,Scrape,Yes,https://waterrights.utah.gov/cgi-bin/dvrtview.exe?Modinfo=StationView&STATION_ID=9525,1,DAILY_RECORDS,Mean daily discharge in CFS,Mean daily discharge in CFS,1.0,CFS,1,2025.0,2025.0
UINTAH,,9526,ISLAND DITCH - REVERSE FLOW PUMPED TO THORNBURGH DIVERSION,10585,Island Ditch Pump,Conveyance,1.0,9526,ASHLEY CREEK,Observational,Ultrasonic meter (installed 2008),FLOWMETER,A,40.4837300521582,-109.553914611948,Scrape,Yes,https://waterrights.utah.gov/cgi-bin/dvrtview.exe?Modinfo=StationView&STATION_ID=9526,1,DAILY_RECORDS,Mean daily discharge in CFS,Mean daily discharge in CFS,1.0,CFS,2,2024.0,2025.0
,,9530,0800 DEEP CK CONFLUENCE - DUANE HUBER - MOSBY,,,Conveyance,,9530,DEEP CREEK,Observational,Prop meter in pipeline,,I,40.5065989170342,-109.782284401779,Manual,No,https://waterrights.utah.gov/cgi-bin/dvrtview.exe?Modinfo=StationView&STATION_ID=9530,1,DAILY_RECORDS,Mean daily discharge in CFS,Mean daily discharge in CFS,1.0,CFS,14,2011.0,2024.0
,,9532,09.05 JORDAN RIVER AT 90TH SOUTH GAGE STATION (MANUAL),,,Stream,,9532,UTAH LAKE/JORDAN RIVER,Observational,Gaging Station with bridge,,A,40.5876145086864,-111.912819424864,Manual,No,https://waterrights.utah.gov/cgi-bin/dvrtview.exe?Modinfo=StationView&STATION_ID=9532,1,DAILY_RECORDS,Mean daily discharge in CFS,Mean daily discharge in CFS,1.0,CFS,38,1987.0,2024.0
EMERY,,9535,FLOW - SEELY CREEK,6609,Seely Creek,Stream,1.0,9535,COTTONWOOD CREEK,Observational,50 foot cipoletti wier,DIGITAL,A,39.2929273272897,-111.294192152345,Scrape,Yes,https://waterrights.utah.gov/cgi-bin/dvrtview.exe?Modinfo=StationView&STATION_ID=9535,1,DAILY_RECORDS,Mean daily discharge in CFS,Mean daily discharge in CFS,1.0,CFS,30,1991.0,2025.0
EMERY,,9538,FLOW - CLIPPER AND WESTERN PIPELINE,6632,Clipper & Western Canal Total Flow,Conveyance,1.0,9538,COTTONWOOD CREEK,Observational,PARSHALL FLUME,DIGITAL,A,39.2611343780335,-111.124156233661,Scrape,Yes,https://waterrights.utah.gov/cgi-bin/dvrtview.exe?Modinfo=StationView&STATION_ID=9538,1,DAILY_RECORDS,Mean daily discharge in CFS,Mean daily discharge in CFS,1.0,CFS,42,1940.0,2025.0
EMERY,,9539,FLOW - BLUE CUT CANAL,8666,Blue Cut Canal total flow,Conveyance,1.0,9539,COTTONWOOD CREEK,Observational,6 FOOT PARSHALL FLUME,,I,39.2355942656939,-111.060546652693,Scrape,Yes,https://waterrights.utah.gov/cgi-bin/dvrtview.exe?Modinfo=StationView&STATION_ID=9539,1,DAILY_RECORDS,Mean daily discharge in CFS,Mean daily discharge in CFS,1.0,CFS,36,1940.0,2019.0
EMERY,,9540,FLOW - MAMMOTH CANAL,6509,Flow - Mammoth Canal,Conveyance,1.0,9540,COTTONWOOD CREEK,Observational,6 FOOT PARSHALL FLUME,DIGITAL,I,39.251492066483,-111.10111783988,Scrape,Yes,https://waterrights.utah.gov/cgi-bin/dvrtview.exe?Modinfo=StationView&STATION_ID=9540,1,DAILY_RECORDS,Mean daily discharge in CFS,Mean daily discharge in CFS,1.0,CFS,36,1940.0,2020.0
EMERY,,9541,FLOW - COTTONWOOD CREEK BY-PASSING CC&H CANAL DIVERSION,10425,CC&H CANAL BYPASS,Stream,1.0,9541,COTTONWOOD CREEK,Observational,,DIGITAL,A,39.2570666575627,-111.108887272956,Scrape,Yes,https://waterrights.utah.gov/cgi-bin/dvrtview.exe?Modinfo=StationView&STATION_ID=9541,1,DAILY_RECORDS,Mean daily discharge in CFS,Mean daily discharge in CFS,1.0,CFS,10,2009.0,2025.0
EMERY,,9542,FLOW - BOULGER CREEK,5678,BOULGER CREEK,Stream,1.0,9542,HUNTINGTON CREEK,Observational,Ultra sonic control section,DIGITAL,A,39.6422111403376,-111.245404354607,Scrape,Yes,https://waterrights.utah.gov/cgi-bin/dvrtview.exe?Modinfo=StationView&STATION_ID=9542,1,DAILY_RECORDS,Mean daily discharge in CFS,Mean daily discharge in CFS,1.0,CFS,17,2009.0,2025.0
EMERY,,9543,FLOW - UPPER HUNTINGTON CREEK,6628,FLOW UPPER HUNTINGTON CREEK,Stream,1.0,9543,HUNTINGTON CREEK,Observational,Bubble with control section,DIGITAL,A,39.652962838977,-111.24017237103,Scrape,Yes,https://waterrights.utah.gov/cgi-bin/dvrtview.exe?Modinfo=StationView&STATION_ID=9543,1,DAILY_RECORDS,Mean daily discharge in CFS,Mean daily discharge in CFS,1.0,CFS,16,2009.0,2024.0
EMERY,,9544,HUNTINGTON PLANT DIVERSION INTAKE A,6587,UP&L HUNTINGTON PLANT DIVERSION INTAKE A,Conveyance,1.0,9544,HUNTINGTON CREEK,Observational,UP&L METER,DIGITAL,A,39.3910421828161,-111.092842880029,Scrape,Yes,https://waterrights.utah.gov/cgi-bin/dvrtview.exe?Modinfo=StationView&STATION_ID=9544,3,DAILY_RECORDS,Mean daily discharge in CFS,Mean daily discharge in GPM,448.8,CFS,13,2011.0,2023.0
EMERY,,9545,FLOW - HUNTINGTON CANAL,6423,Flow - Huntington Canal,Conveyance,1.0,9545,HUNTINGTON CREEK,Observational,8 foot parshall with ultrasonic,DIGITAL,A,39.3482733660712,-111.011152216874,Scrape,Yes,https://waterrights.utah.gov/cgi-bin/dvrtview.exe?Modinfo=StationView&STATION_ID=9545,1,DAILY_RECORDS,Mean daily discharge in CFS,Mean daily discharge in CFS,1.0,CFS,18,1930.0,2025.0
PRICE_DL,,9567,CARBON REC. DIST. CANAL PUMP,Carbon Rec. Dist. Canal Pump,Golf Course,Conveyance,1.0,9567,PRICE RIVER,Observational,On/Off Switch,FLOWMETER,A,39.6384985290117,-110.861635255861,Direct,Yes,https://waterrights.utah.gov/cgi-bin/dvrtview.exe?Modinfo=StationView&STATION_ID=9567,1,DAILY_RECORDS,Mean daily discharge in CFS,Mean daily discharge in CFS,1.0,CFS,16,2009.0,2024.0
SNAKE,,9569,BIG SPRINGS CREEK ABV. DEARDEN RANCH,B0,"Big Springs Creek; Radio- 201, 1",Stream,1.0,9569,SNAKE VALLEY,Observational,2` Parshall flume,DIGITAL,A,38.7721776002751,-114.046912086837,Direct,Yes,https://waterrights.utah.gov/cgi-bin/dvrtview.exe?Modinfo=StationView&STATION_ID=9569,1,DAILY_RECORDS,Mean daily discharge in CFS,Mean daily discharge in CFS,1.0,CFS,17,2009.0,2025.0
SNAKE,,9570,EAST MIDDLE DITCH,B1,"East Middle Ditch; Radio- 201,1",Conveyance,1.0,9570,SNAKE VALLEY,Observational,3` Parshall flume,DIGITAL,A,38.7772112559109,-114.042856626132,Direct,Yes,https://waterrights.utah.gov/cgi-bin/dvrtview.exe?Modinfo=StationView&STATION_ID=9570,1,DAILY_RECORDS,Mean daily discharge in CFS,Mean daily discharge in CFS,1.0,CFS,17,2009.0,2025.0
SNAKE,,9571,WEST MIDDLE DITCH,B2,"West Middle Ditch; Radio 201,1",Conveyance,1.0,9571,SNAKE VALLEY,Observational,20 CFS ramp flume,DIGITAL,A,38.7779521759921,-114.042773048826,Direct,Yes,https://waterrights.utah.gov/cgi-bin/dvrtview.exe?Modinfo=StationView&STATION_ID=9571,1,DAILY_RECORDS,Mean daily discharge in CFS,Mean daily discharge in CFS,1.0,CFS,17,2009.0,2025.0
SNAKE,,9572,CLAY SPRING,3,"Clay Spring Repeater; Radio- 201,1; 204,4",Stream,1.0,9572,SNAKE VALLEY,Observational,90 V-notch weir,DIGITAL,A,38.8655114014762,-113.993601956192,Direct,Yes,https://waterrights.utah.gov/cgi-bin/dvrtview.exe?Modinfo=StationView&STATION_ID=9572,1,DAILY_RECORDS,Mean daily discharge in CFS,Mean daily discharge in CFS,1.0,CFS,17,2009.0,2025.0
SNAKE_DL,,9573,KELL SPRING,SV_Kell Spring,"Kell Spring, Radio 204,4",Stream,1.0,9573,SNAKE VALLEY,Observational,Ultrasonic flow meter,FLOWMETER,A,39.3038357847332,-114.008470191891,Direct,Yes,https://waterrights.utah.gov/cgi-bin/dvrtview.exe?Modinfo=StationView&STATION_ID=9573,1,DAILY_RECORDS,Mean daily discharge in CFS,Mean daily discharge in CFS,1.0,CFS,17,2009.0,2025.0
DUCHESNE,,9577,335_IVIE,8637,IVIE,Conveyance,4.0,9577,DUCHESNE RIVER,Observational,,DIGITAL,A,40.2906631420188,-110.488645940357,Scrape,Yes,https://waterrights.utah.gov/cgi-bin/dvrtview.exe?Modinfo=StationView&STATION_ID=9577,1,DAILY_RECORDS,Mean daily discharge in CFS,Mean daily discharge in CFS,1.0,CFS,16,2009.0,2025.0
,,9579,THOMPSON CREEK - DIVERSION TO HOOP LAKE,,,Conveyance,,9579,HENRYS FORK,Observational,,,I,40.9065710215567,-110.110369344101,,No,https://waterrights.utah.gov/cgi-bin/dvrtview.exe?Modinfo=StationView&STATION_ID=9579,1,DAILY_RECORDS,Mean daily discharge in CFS,Mean daily discharge in CFS,1.0,CFS,5,2008.0,2013.0
,,9580,BURNT FORK - HIGHLINE DITCH,,,Conveyance,,9580,HENRYS FORK,Observational,18-inch Parshall,,I,40.9957205352843,-110.023699196123,,No,https://waterrights.utah.gov/cgi-bin/dvrtview.exe?Modinfo=StationView&STATION_ID=9580,1,DAILY_RECORDS,Mean daily discharge in CFS,Mean daily discharge in CFS,1.0,CFS,8,1987.0,2013.0
,,9581,BURNT FORK - PREEMPTION DITCH,,,Conveyance,,9581,HENRYS FORK,Observational,18-inch Parshall,,A,40.9937292669511,-110.021164863392,Manual,No,https://waterrights.utah.gov/cgi-bin/dvrtview.exe?Modinfo=StationView&STATION_ID=9581,1,DAILY_RECORDS,Mean daily discharge in CFS,Mean daily discharge in CFS,1.0,CFS,14,1987.0,2022.0
,,9582,BURNT FORK - BALDY SPRING DITCH DIVERSION (TOTAL),,,Conveyance,,9582,HENRYS FORK,Observational,4-ft Parshall Flume,,A,40.9879354385445,-110.025296793868,Direct,Yes,https://waterrights.utah.gov/cgi-bin/dvrtview.exe?Modinfo=StationView&STATION_ID=9582,1,DAILY_RECORDS,Mean daily discharge in CFS,Mean daily discharge in CFS,1.0,CFS,13,1989.0,2022.0
,,9583,BURNT FORK - EAST FORK & WEST FORK SPLIT,,,Stream,,9583,HENRYS FORK,Observational,,,I,40.9870081744928,-110.026740315184,,No,https://waterrights.utah.gov/cgi-bin/dvrtview.exe?Modinfo=StationView&STATION_ID=9583,1,DAILY_RECORDS,Mean daily discharge in CFS,Mean daily discharge in CFS,1.0,CFS,0,,
,,9584,BURNT FORK - HOOP LAKE IMPORT TO BURNT FORK,,,Conveyance,,9584,HENRYS FORK,Observational,30-inch Parshall Flume at Burnt Fork,,I,40.9854853629133,-110.027761259697,,No,https://waterrights.utah.gov/cgi-bin/dvrtview.exe?Modinfo=StationView&STATION_ID=9584,1,DAILY_RECORDS,Mean daily discharge in CFS,Mean daily discharge in CFS,1.0,CFS,1,2009.0,2009.0
,,9585,BURNT FORK - GILLIS DITCH,,,Conveyance,,9585,HENRYS FORK,Observational,Flume,,A,40.9849201987861,-110.027927140702,Manual,No,https://waterrights.utah.gov/cgi-bin/dvrtview.exe?Modinfo=StationView&STATION_ID=9585,1,DAILY_RECORDS,Mean daily discharge in CFS,Mean daily discharge in CFS,1.0,CFS,12,1990.0,2022.0
,,9586,BURNT FORK - MUSKRAT (BURNT),,,Conveyance,,9586,HENRYS FORK,Observational,18-inch Parshall,,I,40.9832944112951,-110.027531957486,,No,https://waterrights.utah.gov/cgi-bin/dvrtview.exe?Modinfo=StationView&STATION_ID=9586,1,DAILY_RECORDS,Mean daily discharge in CFS,Mean daily discharge in CFS,1.0,CFS,10,1992.0,2017.0
,,9587,BURNT FORK - WYMAN CANAL,,,Conveyance,,9587,HENRYS FORK,Observational,2-foot Parshall Flume ~175 yds below,,A,40.9523703078013,-110.048388504941,Direct,Yes,https://waterrights.utah.gov/cgi-bin/dvrtview.exe?Modinfo=StationView&STATION_ID=9587,1,DAILY_RECORDS,Mean daily discharge in CFS,Mean daily discharge in CFS,1.0,CFS,15,1989.0,2022.0
,,9588,BURNT FORK - UPPER GAMBLE,,,Conveyance,,9588,HENRYS FORK,Observational,3-ft Parshall Flume,,A,40.9501621711951,-110.050730358339,Direct,Yes,https://waterrights.utah.gov/cgi-bin/dvrtview.exe?Modinfo=StationView&STATION_ID=9588,1,DAILY_RECORDS,Mean daily discharge in CFS,Mean daily discharge in CFS,1.0,CFS,16,1987.0,2022.0
SNAKE_DL,,9589,TWIN SPRINGS (SOUTH),SV_Twin Springs South,"Twin Springs (South); Radio- 202,2",Stream,1.0,9589,SNAKE VALLEY,Observational,Ramp Flume,DIGITAL,A,39.4029946620546,-113.862812026364,Direct,Yes,https://waterrights.utah.gov/cgi-bin/dvrtview.exe?Modinfo=StationView&STATION_ID=9589,1,DAILY_RECORDS,Mean daily discharge in CFS,Mean daily discharge in CFS,1.0,CFS,16,2010.0,2025.0
,,9590,BURNT FORK - IKE EDWARDS  (TOTAL),,,Conveyance,,9590,HENRYS FORK,Observational,3-ft Parshall Flume,,A,40.9479971369806,-110.054324746889,Direct,Yes,https://waterrights.utah.gov/cgi-bin/dvrtview.exe?Modinfo=StationView&STATION_ID=9590,1,DAILY_RECORDS,Mean daily discharge in CFS,Mean daily discharge in CFS,1.0,CFS,15,1989.0,2022.0
,,9591,BURNT FORK - INTERSTATE CANAL (TOTAL),,,Conveyance,,9591,HENRYS FORK,Observational,5-ft Parshall,,A,40.947636463213,-110.057522063361,Direct,Yes,https://waterrights.utah.gov/cgi-bin/dvrtview.exe?Modinfo=StationView&STATION_ID=9591,1,DAILY_RECORDS,Mean daily discharge in CFS,Mean daily discharge in CFS,1.0,CFS,14,1990.0,2022.0
DEEP_CREEK,,9592,MILL CANYON FLUME,0,Deep Creek Mill Canyon Flume,Stream,1.0,9592,DEEP CREEK,Observational,4-ft parshall Flume,DIGITAL,A,40.5708762278491,-109.850661487779,Direct,Yes,https://waterrights.utah.gov/cgi-bin/dvrtview.exe?Modinfo=StationView&STATION_ID=9592,1,DAILY_RECORDS,Mean daily discharge in CFS,Mean daily discharge in CFS,1.0,CFS,13,2013.0,2025.0
,,9596,NEICO - AGRICULTURAL,,,Conveyance,,9596,PRICE RIVER,Observational,,,A,39.5315879411868,-110.713810159715,Manual,No,https://waterrights.utah.gov/cgi-bin/dvrtview.exe?Modinfo=StationView&STATION_ID=9596,2,DAILY_RECORDS,MEAN daily discharge in CFS,Mean daily discharge in ACFT,1.98347107,CFS,15,2007.0,2024.0
,,9597,PRICE RIVER TERMINAL - INDUSTRIAL,,,Conveyance,,9597,PRICE RIVER,Observational,,,I,,,,No,https://waterrights.utah.gov/cgi-bin/dvrtview.exe?Modinfo=StationView&STATION_ID=9597,5,MONTHLY_RECORDS,Monthly Discharge in ACFT,Monthly Discharge in ACFT,1.0,ACFT,0,,
,,9598,CANYON FUEL CO.  - SKYLINE MINE,,,Conveyance,,9598,PRICE RIVER,Observational,,,A,39.6843017835771,-111.200965212575,Manual,No,https://waterrights.utah.gov/cgi-bin/dvrtview.exe?Modinfo=StationView&STATION_ID=9598,11,ANNUAL_RECORDS,Annual Diversion in ACFT,Annual Diversion in ACFT,1.0,ACFT,11,2014.0,2024.0
SNAKE_DL,,9599,TWIN SPRINGS (NORTH),SV_Twin Springs North,"Twin Springs (North); Radio- 202,2",Stream,1.0,9599,SNAKE VALLEY,Observational,Ramp Flume,DIGITAL,A,39.4036897695746,-113.863850690888,Direct,Yes,https://waterrights.utah.gov/cgi-bin/dvrtview.exe?Modinfo=StationView&STATION_ID=9599,1,DAILY_RECORDS,Mean daily discharge in CFS,Mean daily discharge in CFS,1.0,CFS,16,2009.0,2024.0
SNAKE_DL,,9600,MILLER SPRING,SV_Miller Ranch Spring,"Miller Ranch Spring, Radio 202,2",Stream,1.0,9600,SNAKE VALLEY,Observational,Ramp Flume,DIGITAL,A,39.5796763679921,-113.865463179371,Direct,Yes,https://waterrights.utah.gov/cgi-bin/dvrtview.exe?Modinfo=StationView&STATION_ID=9600,1,DAILY_RECORDS,Mean daily discharge in CFS,Mean daily discharge in CFS,1.0,CFS,16,2010.0,2025.0
,,9608,MONTICELLO CITY BACK TO LLOYDS LAKE,,,Conveyance,,9608,BLUE MOUNTAIN,Observational,,,I,,,Manual,No,https://waterrights.utah.gov/cgi-bin/dvrtview.exe?Modinfo=StationView&STATION_ID=9608,3,DAILY_RECORDS,Mean daily discharge in CFS,Mean daily discharge in GPM,448.8,CFS,4,2009.0,2014.0
,,9612,BURNT FORK - MUSKRAT (MUSKRAT SPRINGS STREAM),,,Conveyance,,9612,HENRYS FORK,Observational,,,I,40.9832944112951,-110.027531957486,,No,https://waterrights.utah.gov/cgi-bin/dvrtview.exe?Modinfo=StationView&STATION_ID=9612,1,DAILY_RECORDS,Mean daily discharge in CFS,Mean daily discharge in CFS,1.0,CFS,2,2009.0,2010.0
,,9614,BEAVER CREEK MIDDLE FORK - BIG,,,Conveyance,,9614,HENRYS FORK,Observational,30-inch Parshall Flume,,A,40.9463147744566,-110.178733122796,Manual,No,https://waterrights.utah.gov/cgi-bin/dvrtview.exe?Modinfo=StationView&STATION_ID=9614,1,DAILY_RECORDS,Mean daily discharge in CFS,Mean daily discharge in CFS,1.0,CFS,16,1989.0,2022.0
,,9615,BEAVER CREEK EAST FORK - GREGORY (TOTAL),,,Conveyance,,9615,HENRYS FORK,Observational,3 FT Parshall Flume,,A,40.9486756002494,-110.158952790308,Manual,Yes,https://waterrights.utah.gov/cgi-bin/dvrtview.exe?Modinfo=StationView&STATION_ID=9615,1,DAILY_RECORDS,Mean daily discharge in CFS,Mean daily discharge in CFS,1.0,CFS,13,1992.0,2022.0
,,9617,BEAVER CREEK MIDDLE FORK - GREGORY,,,Conveyance,,9617,HENRYS FORK,Observational,2-ft Parshall Flume,,A,40.9485722495694,-110.177261825619,Manual,No,https://waterrights.utah.gov/cgi-bin/dvrtview.exe?Modinfo=StationView&STATION_ID=9617,1,DAILY_RECORDS,Mean daily discharge in CFS,Mean daily discharge in CFS,1.0,CFS,8,1992.0,2022.0
,,9619,BEAVER CREEK MIDDLE FORK - MIDDLE BEAVER DITCH,,,Conveyance,,9619,HENRYS FORK,Observational,,,A,40.9598505324249,-110.16784072131,Direct,Yes,https://waterrights.utah.gov/cgi-bin/dvrtview.exe?Modinfo=StationView&STATION_ID=9619,1,DAILY_RECORDS,Mean daily discharge in CFS,Mean daily discharge in CFS,1.0,CFS,12,1989.0,2022.0
,,9620,BURNT FORK - MIDWAY,,,Conveyance,,9620,HENRYS FORK,Observational,,,A,40.9972527652807,-110.016000355631,Manual,No,https://waterrights.utah.gov/cgi-bin/dvrtview.exe?Modinfo=StationView&STATION_ID=9620,1,DAILY_RECORDS,Mean daily discharge in CFS,Mean daily discharge in CFS,1.0,CFS,13,1990.0,2022.0
,,9629,BEAVER CREEK EAST FORK - GREGORY BASIN DITCH TO HOOP LAKE USERS,,,Conveyance,,9629,HENRYS FORK,Observational,3-ft Parshall Flume,,I,40.9642399743498,-110.112327554023,,No,https://waterrights.utah.gov/cgi-bin/dvrtview.exe?Modinfo=StationView&STATION_ID=9629,1,DAILY_RECORDS,Mean daily discharge in CFS,Mean daily discharge in CFS,1.0,CFS,2,1992.0,2015.0
,,9631,BEAVER CREEK EAST FORK - STATION 9227000,,,,,9631,HENRYS FORK,Observational,Sutron 8400 datalogger,,I,,,,No,https://waterrights.utah.gov/cgi-bin/dvrtview.exe?Modinfo=StationView&STATION_ID=9631,1,DAILY_RECORDS,Mean daily discharge in CFS,Mean daily discharge in CFS,1.0,CFS,0,,
,,9632,BURNT FORK - STATION 9228500,,,,,9632,HENRYS FORK,Observational,Sutron 8210 w/5600 Accububble,,I,,,,No,https://waterrights.utah.gov/cgi-bin/dvrtview.exe?Modinfo=StationView&STATION_ID=9632,1,DAILY_RECORDS,Mean daily discharge in CFS,Mean daily discharge in CFS,1.0,CFS,0,,
,,9633,BEAVER CREEK MIDDLE FORK - STATION 9226500,,,,,9633,HENRYS FORK,Observational,Sutron 8400 datalogger,,I,,,,No,https://waterrights.utah.gov/cgi-bin/dvrtview.exe?Modinfo=StationView&STATION_ID=9633,1,DAILY_RECORDS,Mean daily discharge in CFS,Mean daily discharge in CFS,1.0,CFS,0,,
LBEAR,,9636,EAST ARMORY,AE,East Armory,Conveyance,1.0,9636,SUMMIT CREEK,Observational,Flume N4632122 E431056 NAD27,STAGE,A,41.8385334629903,-111.830041174246,Direct,Yes,https://waterrights.utah.gov/cgi-bin/dvrtview.exe?Modinfo=StationView&STATION_ID=9636,1,DAILY_RECORDS,Mean daily discharge in CFS,Mean daily discharge in CFS,1.0,CFS,16,2010.0,2025.0
,,9643,LOGAN AND NORTHERN WELL (TOTAL),,,Well,,9643,SUMMIT CREEK,Observational,,,A,,,Manual,No,https://waterrights.utah.gov/cgi-bin/dvrtview.exe?Modinfo=StationView&STATION_ID=9643,1,DAILY_RECORDS,Mean daily discharge in CFS,Mean daily discharge in CFS,1.0,CFS,14,2010.0,2024.0
,,9644,CACHE HIGHLINE CANAL (MANUAL),,,Conveyance,1.0,9644,LOGAN RIVER,Observational,Rated Section by NRCS and USGS,DIGITAL,I,41.7452374122046,-111.760225304552,Manual,No,https://waterrights.utah.gov/cgi-bin/dvrtview.exe?Modinfo=StationView&STATION_ID=9644,1,DAILY_RECORDS,Mean daily discharge in CFS,Mean daily discharge in CFS,1.0,CFS,13,2009.0,2021.0
,,9654,HORSE CREEK TOTAL FLOW - COMMISSIONERS READING,,,Conveyance,,9654,MILL CREEK (MOAB),Observational,9 INCH PARSHALL FLUME,,A,38.4904693933446,-109.297053024647,Manual,No,https://waterrights.utah.gov/cgi-bin/dvrtview.exe?Modinfo=StationView&STATION_ID=9654,1,DAILY_RECORDS,Mean daily discharge in CFS,Mean daily discharge in CFS,1.0,CFS,19,2004.0,2023.0
,,9656,12 BYPASS TO JORDAN RIVER AT NORTH JORDAN CANAL DIVERSION DAM (TOTAL),,,Stream,,9656,UTAH LAKE/JORDAN RIVER,Observational,90th S Gage Operated by SL Cnty,,I,,,Manual,No,https://waterrights.utah.gov/cgi-bin/dvrtview.exe?Modinfo=StationView&STATION_ID=9656,1,DAILY_RECORDS,Mean daily discharge in CFS,Mean daily discharge in CFS,1.0,CFS,3,2011.0,2014.0
,,9657,HAROLD CRANE BIRD REFUGE (CHANGE APP 20685),,,Conveyance,,9657,WEBER RIVER,Observational,Parshall Flume,,A,41.3415819124969,-112.128879956482,Manual,No,https://waterrights.utah.gov/cgi-bin/dvrtview.exe?Modinfo=StationView&STATION_ID=9657,1,DAILY_RECORDS,Mean daily discharge in CFS,Mean daily discharge in CFS,1.0,CFS,21,1998.0,2024.0
SEVIER,,9662,DELTA CANAL B,3716,Canal B,Conveyance,1.0,9662,SEVIER RIVER,Observational,,DIGITAL,A,39.3786757861858,-112.569348194068,Scrape,Yes,https://waterrights.utah.gov/cgi-bin/dvrtview.exe?Modinfo=StationView&STATION_ID=9662,1,DAILY_RECORDS,Mean daily discharge in CFS,Mean daily discharge in CFS,1.0,CFS,20,2005.0,2025.0
,,9663,DMAD WELL #3,,,Well,,9663,SEVIER RIVER,Observational,,,A,39.4972289210424,-112.348768375378,Manual,No,https://waterrights.utah.gov/cgi-bin/dvrtview.exe?Modinfo=StationView&STATION_ID=9663,1,DAILY_RECORDS,Mean daily discharge in CFS,Mean daily discharge in CFS,1.0,CFS,20,2005.0,2024.0
,,9664,DMAD WELL #5,,,Well,,9664,SEVIER RIVER,Observational,,,A,39.4816921200083,-112.39502747501,Manual,No,https://waterrights.utah.gov/cgi-bin/dvrtview.exe?Modinfo=StationView&STATION_ID=9664,1,DAILY_RECORDS,Mean daily discharge in CFS,Mean daily discharge in CFS,1.0,CFS,31,1991.0,2024.0
SEVIER,,9665,DELTA WEST DITCH,9670,DELTA WEST DITCH,Conveyance,1.0,9665,SEVIER RIVER,Observational,,DIGITAL,A,39.3774148725375,-112.568693760025,Scrape,Yes,https://waterrights.utah.gov/cgi-bin/dvrtview.exe?Modinfo=StationView&STATION_ID=9665,1,DAILY_RECORDS,Mean daily discharge in CFS,Mean daily discharge in CFS,1.0,CFS,20,2005.0,2025.0
SEVIER,,9666,DELTA TERRY PUMP,4100,Terry Pump,Conveyance,1.0,9666,SEVIER RIVER,Observational,,DIGITAL,A,39.3779199256375,-112.568430418278,Scrape,Yes,https://waterrights.utah.gov/cgi-bin/dvrtview.exe?Modinfo=StationView&STATION_ID=9666,1,DAILY_RECORDS,Mean daily discharge in CFS,Mean daily discharge in CFS,1.0,CFS,20,2005.0,2025.0
SEVIER,,9667,MELVILLE CANAL C,3722,MELVILLE CANAL C,Conveyance,1.0,9667,SEVIER RIVER,Observational,,DIGITAL,A,39.376983411881,-112.567885893598,Scrape,Yes,https://waterrights.utah.gov/cgi-bin/dvrtview.exe?Modinfo=StationView&STATION_ID=9667,1,DAILY_RECORDS,Mean daily discharge in CFS,Mean daily discharge in CFS,1.0,CFS,20,2005.0,2025.0
USGS,,9677,BICKNELL BOTTOM USGS,09330000,Fremont River USGS 09330000 Bicknell Bottoms Top of Lower Fremont River,Stream,1.0,9677,LOWER FREMONT RIVER,Observational,USGS Streamflow device,DIGITAL,A,38.3069296288294,-111.518579318559,Scrape,Yes,https://waterrights.utah.gov/cgi-bin/dvrtview.exe?Modinfo=StationView&STATION_ID=9677,1,DAILY_RECORDS,Mean daily discharge in CFS,Mean daily discharge in CFS,1.0,CFS,15,2010.0,2025.0
EMERY,,9678,FLOW - BLACK CANYON DITCH,5555,Black Canyon Ditch Total Flow,Conveyance,1.0,9678,COTTONWOOD CREEK,Observational,2 FOOT PARSHALL FLUME,DIGITAL,A,39.3800032048975,-111.28120083143,Scrape,Yes,https://waterrights.utah.gov/cgi-bin/dvrtview.exe?Modinfo=StationView&STATION_ID=9678,1,DAILY_RECORDS,Mean daily discharge in CFS,Mean daily discharge in CFS,1.0,CFS,29,1990.0,2025.0
EMERY,,9680,HUNTINGTON PLANT DIVERSION INTAKE B,6588,UP&L HUNTINGTON PLANT DIVERSION INTAKE B,Conveyance,1.0,9680,HUNTINGTON CREEK,Observational,UP&L meter,DIGITAL,A,39.3909664190848,-111.092731588793,Scrape,Yes,https://waterrights.utah.gov/cgi-bin/dvrtview.exe?Modinfo=StationView&STATION_ID=9680,1,DAILY_RECORDS,Mean daily discharge in CFS,Mean daily discharge in CFS,1.0,CFS,13,2011.0,2023.0
,,9681,PRICE RIVER TERMINAL - AGRICULTURE,,,Conveyance,,9681,PRICE RIVER,Observational,,,I,,,,No,https://waterrights.utah.gov/cgi-bin/dvrtview.exe?Modinfo=StationView&STATION_ID=9681,5,MONTHLY_RECORDS,Monthly Discharge in ACFT,Monthly Discharge in ACFT,1.0,ACFT,0,,
,,9682,0100 EAST MOSBY CREEK - WILKERSON - TOTAL,,,Conveyance,,9682,DEEP CREEK,Observational,Meter located downstream near road,,I,40.5781601745124,-109.834753160114,Manual,No,https://waterrights.utah.gov/cgi-bin/dvrtview.exe?Modinfo=StationView&STATION_ID=9682,1,DAILY_RECORDS,Mean daily discharge in CFS,Mean daily discharge in CFS,1.0,CFS,6,2011.0,2017.0
,,9685,0300 WEST MOSBY CREEK - WILKERSON/NILSEN - TOTAL,,,Conveyance,1.0,9685,DEEP CREEK,Observational,Dynasonic Flow Meter with telemetry,FLOWMETER,A,40.571069609044,-109.840448242923,Manual,No,https://waterrights.utah.gov/cgi-bin/dvrtview.exe?Modinfo=StationView&STATION_ID=9685,1,DAILY_RECORDS,Mean daily discharge in CFS,Mean daily discharge in CFS,1.0,CFS,12,2011.0,2022.0
DEEP_CREEK,,9687,0303 WEST MOSBY CREEK - NILSEN - MOSBY,AA,Pipeline meter on West Mosby Creek pipeline Diversion.,Conveyance,1.0,9687,DEEP CREEK,Observational,,FLOWMETER,A,40.5710688362168,-109.8403811305,Direct,Yes,https://waterrights.utah.gov/cgi-bin/dvrtview.exe?Modinfo=StationView&STATION_ID=9687,1,DAILY_RECORDS,Mean daily discharge in CFS,Mean daily discharge in CFS,1.0,CFS,15,2011.0,2025.0
,,9688,0200 WEST MOSBY CREEK - RAYMOND MURRAY - TOTAL,,,Conveyance,,9688,DEEP CREEK,Observational,2` PARSHALL FLUME ELEV ~7988`,,A,40.5705854997501,-109.850581652105,Manual,No,https://waterrights.utah.gov/cgi-bin/dvrtview.exe?Modinfo=StationView&STATION_ID=9688,1,DAILY_RECORDS,Mean daily discharge in CFS,Mean daily discharge in CFS,1.0,CFS,14,2011.0,2024.0
,,9692,0500 MOSBY CREEK - ALLEN/JENSEN/NILSEN - MOSBY,,,Conveyance,,9692,DEEP CREEK,Observational,TWO 1-FT PARSHALL FLUMES,,I,40.5610990194122,-109.826442917801,,No,https://waterrights.utah.gov/cgi-bin/dvrtview.exe?Modinfo=StationView&STATION_ID=9692,1,DAILY_RECORDS,Mean daily discharge in CFS,Mean daily discharge in CFS,1.0,CFS,1,2015.0,2015.0
,,9693,0501 MOSBY CREEK - ALLEN - MOSBY,,,Conveyance,,9693,DEEP CREEK,Observational,,,I,,,,No,https://waterrights.utah.gov/cgi-bin/dvrtview.exe?Modinfo=StationView&STATION_ID=9693,1,DAILY_RECORDS,Mean daily discharge in CFS,Mean daily discharge in CFS,1.0,CFS,2,2011.0,2012.0
,,9694,0502 MOSBY CREEK - JENSEN - MOSBY,,,Conveyance,,9694,DEEP CREEK,Observational,,,A,40.5557640351795,-109.829767803814,Manual,No,https://waterrights.utah.gov/cgi-bin/dvrtview.exe?Modinfo=StationView&STATION_ID=9694,1,DAILY_RECORDS,Mean daily discharge in CFS,Mean daily discharge in CFS,1.0,CFS,14,2011.0,2024.0
,,9695,0503 MOSBY CREEK - NILSEN - MOSBY,,,Conveyance,,9695,DEEP CREEK,Observational,1-FT PARSHALL,,A,40.5609695397638,-109.826334879099,Manual,No,https://waterrights.utah.gov/cgi-bin/dvrtview.exe?Modinfo=StationView&STATION_ID=9695,1,DAILY_RECORDS,Mean daily discharge in CFS,Mean daily discharge in CFS,1.0,CFS,11,2011.0,2024.0
,,9696,0600 MOSBY CK - NILSEN/ALLRED/LUCHIES/COVINGTON - TOTAL,,,Conveyance,,9696,DEEP CREEK,Observational,1.5` PARSHALL FLUME 30-in DEEP,,A,40.5474541838258,-109.811669041732,Manual,No,https://waterrights.utah.gov/cgi-bin/dvrtview.exe?Modinfo=StationView&STATION_ID=9696,1,DAILY_RECORDS,Mean daily discharge in CFS,Mean daily discharge in CFS,1.0,CFS,14,2011.0,2024.0
,,9700,0604 MOSBY CK - COVINGTON - MOSBY,,,Conveyance,,9700,DEEP CREEK,Observational,1.5 ft Parshall (2.5 ft deep),,A,40.5477950108425,-109.811974141853,Manual,No,https://waterrights.utah.gov/cgi-bin/dvrtview.exe?Modinfo=StationView&STATION_ID=9700,1,DAILY_RECORDS,Mean daily discharge in CFS,Mean daily discharge in CFS,1.0,CFS,14,2011.0,2024.0
,,9701,0701 MOSBY CK - NILSEN EAST SIDE - MOSBY,,,Conveyance,,9701,DEEP CREEK,Observational,flume,,A,40.5355027339362,-109.802758118161,Manual,No,https://waterrights.utah.gov/cgi-bin/dvrtview.exe?Modinfo=StationView&STATION_ID=9701,1,DAILY_RECORDS,Mean daily discharge in CFS,Mean daily discharge in CFS,1.0,CFS,10,2011.0,2023.0
,,9702,0702 MOSBY CK - NILSEN WEST SIDE - MOSBY,,,Conveyance,,9702,DEEP CREEK,Observational,parshall flume,,I,40.5354895367663,-109.802944214601,,No,https://waterrights.utah.gov/cgi-bin/dvrtview.exe?Modinfo=StationView&STATION_ID=9702,1,DAILY_RECORDS,Mean daily discharge in CFS,Mean daily discharge in CFS,1.0,CFS,4,2011.0,2014.0
,,9703,0900 DEEP CK - SIMMONS - TOTAL,,,Conveyance,,9703,DEEP CREEK,Observational,1.5 ft parshall flume,,A,40.4861435887316,-109.787812843919,Manual,No,https://waterrights.utah.gov/cgi-bin/dvrtview.exe?Modinfo=StationView&STATION_ID=9703,1,DAILY_RECORDS,Mean daily discharge in CFS,Mean daily discharge in CFS,1.0,CFS,13,2011.0,2024.0
,,9705,1000 DEEP CK - PARRISH - TOTAL,,,Conveyance,,9705,DEEP CREEK,Observational,1.41 ft Parshall Flume,,A,40.4869590634429,-109.788141449367,Manual,No,https://waterrights.utah.gov/cgi-bin/dvrtview.exe?Modinfo=StationView&STATION_ID=9705,1,DAILY_RECORDS,Mean daily discharge in CFS,Mean daily discharge in CFS,1.0,CFS,12,2011.0,2024.0
,,9707,1100 DEEP CK - JUSTICE - TOTAL,,,Conveyance,,9707,DEEP CREEK,Observational,SUBMERGED ORIFICE GATES,,A,40.4786447144634,-109.788162497149,Manual,No,https://waterrights.utah.gov/cgi-bin/dvrtview.exe?Modinfo=StationView&STATION_ID=9707,1,DAILY_RECORDS,Mean daily discharge in CFS,Mean daily discharge in CFS,1.0,CFS,12,2011.0,2024.0
,,9709,1103 DEEP CK - COOK - MOSBY,,,Conveyance,,9709,DEEP CREEK,Observational,submerged orifice,,I,40.4795086005569,-109.78732798039,Manual,No,https://waterrights.utah.gov/cgi-bin/dvrtview.exe?Modinfo=StationView&STATION_ID=9709,1,DAILY_RECORDS,Mean daily discharge in CFS,Mean daily discharge in CFS,1.0,CFS,14,2011.0,2024.0
,,9713,1403 MARTIN HUBER - TOTAL,,,Conveyance,,9713,DEEP CREEK,Observational,flume,,I,40.4002964761642,-109.773867581609,Manual,No,https://waterrights.utah.gov/cgi-bin/dvrtview.exe?Modinfo=StationView&STATION_ID=9713,1,DAILY_RECORDS,Mean daily discharge in CFS,Mean daily discharge in CFS,1.0,CFS,14,2011.0,2024.0
,,9715,1401 MARVIN HUBER - TOTAL,,,Conveyance,,9715,DEEP CREEK,Observational,Flume (3 ft parshall),,I,40.4002964761642,-109.773867581609,Manual,No,https://waterrights.utah.gov/cgi-bin/dvrtview.exe?Modinfo=StationView&STATION_ID=9715,1,DAILY_RECORDS,Mean daily discharge in CFS,Mean daily discharge in CFS,1.0,CFS,14,2011.0,2024.0
,,9717,1406 WHITEROCKS SHARE EXPORT - MOSBY,,,,,9717,DEEP CREEK,Observational,FLUME Maintenance Required,,I,40.4003791643689,-109.774019270726,Manual,No,https://waterrights.utah.gov/cgi-bin/dvrtview.exe?Modinfo=StationView&STATION_ID=9717,1,DAILY_RECORDS,Mean daily discharge in CFS,Mean daily discharge in CFS,1.0,CFS,12,2011.0,2024.0
,,9720,HURRICANE CITY GOLF COURSE (MONTHLY RECORDS),,,Conveyance,,9720,VIRGIN RIVER,Observational,Mag METER,,A,37.1853201971052,-113.334060741498,Manual,Yes,https://waterrights.utah.gov/cgi-bin/dvrtview.exe?Modinfo=StationView&STATION_ID=9720,5,MONTHLY_RECORDS,Monthly Discharge in ACFT,Monthly Discharge in ACFT,1.0,ACFT,0,,
,,9721,HURRICANE CITY IRRIGATION (MONTHLY RECORDS),,,Conveyance,,9721,VIRGIN RIVER,Observational,Mag METER,,A,37.1861599344134,-113.295665495131,Manual,Yes,https://waterrights.utah.gov/cgi-bin/dvrtview.exe?Modinfo=StationView&STATION_ID=9721,5,MONTHLY_RECORDS,Monthly Discharge in ACFT,Monthly Discharge in ACFT,1.0,ACFT,0,,
,,9722,INTERSTATE ROCK (MONTHLY RECORDS),,,Conveyance,,9722,VIRGIN RIVER,Observational,Mag METER,,A,37.1793857886085,-113.374371737492,Manual,Yes,https://waterrights.utah.gov/cgi-bin/dvrtview.exe?Modinfo=StationView&STATION_ID=9722,13,MONTHLY_RECORDS,Gallons,Gallons Per Month,1.0,GALLONS,0,,
GREENRIV,,9731,GREEN RIVER CANAL COMPANY (WATER DEPTH IN FEET),Green River Depth,Radio 202:2 - Pakbus 2,Conveyance,1.0,9731,GREEN RIVER,Observational,Shaft Encoder,DIGITAL,A,,,Direct,Yes,https://waterrights.utah.gov/cgi-bin/dvrtview.exe?Modinfo=StationView&STATION_ID=9731,6,DAILY_RECORDS,Daily gage height in FEET,Daily gage height in FEET,1.0,FEET,13,2012.0,2024.0
GREENRIV,,9732,GREEN RIVER CANAL COMPANY (VELOCITY),Green River Flow,Radio 202:2 - Pakbus 2,,1.0,9732,GREEN RIVER,Observational,MACE Agriflo with SDI12 interface,DIGITAL,A,,,Direct,Yes,https://waterrights.utah.gov/cgi-bin/dvrtview.exe?Modinfo=StationView&STATION_ID=9732,1,DAILY_RECORDS,Mean daily discharge in CFS,Mean daily discharge in CFS,1.0,CFS,13,2012.0,2025.0
EMERY,,9735,HCIC CLEVELAND -  PIPELINE PORTION,10344,CLEVELAND PIPELINE FLOW,Conveyance,1.0,9735,HUNTINGTON CREEK,Observational,13 foot rectangular w/ ultrasonic,DIGITAL,A,39.3581956077452,-111.030671384717,Scrape,Yes,https://waterrights.utah.gov/cgi-bin/dvrtview.exe?Modinfo=StationView&STATION_ID=9735,1,DAILY_RECORDS,Mean daily discharge in CFS,Mean daily discharge in CFS,1.0,CFS,14,2012.0,2025.0
LITTLEBEAR,,9738,PARADISE CANAL BELOW BLACK TUBE,I3,Paradise Canal Below Black Tube,Conveyance,1.0,9738,LITTLE BEAR RIVER,Observational,4ft Parshall Flume,DIGITAL,A,41.5322714288858,-111.813020534177,Direct,Yes,https://waterrights.utah.gov/cgi-bin/dvrtview.exe?Modinfo=StationView&STATION_ID=9738,1,DAILY_RECORDS,Mean daily discharge in CFS,Mean daily discharge in CFS,1.0,CFS,14,2012.0,2025.0
LITTLEBEAR,,9739,HIGHLINE CANAL BELOW WEEKS FARM,Io,Highline Canal Below Weeks Farm,Conveyance,1.0,9739,LITTLE BEAR RIVER,Observational,Greyline Instruments AVFM 5.0,FLOWMETER,A,41.5762905124496,-111.816182239157,Direct,Yes,https://waterrights.utah.gov/cgi-bin/dvrtview.exe?Modinfo=StationView&STATION_ID=9739,1,DAILY_RECORDS,Mean daily discharge in CFS,Mean daily discharge in CFS,1.0,CFS,14,2012.0,2025.0
,,9744,1205 JOHN ALLRED - MOSBY (DAILY),,,Conveyance,,9744,DEEP CREEK,Observational,2-ft Steel Ramp Flume at ~5793 ft el,,I,40.4281512025373,-109.779774881827,Manual,No,https://waterrights.utah.gov/cgi-bin/dvrtview.exe?Modinfo=StationView&STATION_ID=9744,1,DAILY_RECORDS,Mean daily discharge in CFS,Mean daily discharge in CFS,1.0,CFS,8,2012.0,2019.0
,,9746,MOSBY CANAL DIVERSION ON DRY FORK,,,Conveyance,,9746,ASHLEY CREEK,Observational,4-ft steel Cutthroat Flume -cfs gage,,I,40.7075446009382,-109.913868288171,,Yes,https://waterrights.utah.gov/cgi-bin/dvrtview.exe?Modinfo=StationView&STATION_ID=9746,1,DAILY_RECORDS,Mean daily discharge in CFS,Mean daily discharge in CFS,1.0,CFS,0,,
,,9747,PUMP HOUSE ROAD WELL,,,Well,,9747,SUMMIT CREEK,Observational,Meter,,A,,,Manual,No,https://waterrights.utah.gov/cgi-bin/dvrtview.exe?Modinfo=StationView&STATION_ID=9747,1,DAILY_RECORDS,Mean daily discharge in CFS,Mean daily discharge in CFS,1.0,CFS,12,2012.0,2024.0
,,9749,HOLIDAY RANCHETTES,,,Conveyance,,9749,WEBER RIVER,Observational,Flume,,A,40.6623753424916,-111.510909671654,Manual,Yes,https://waterrights.utah.gov/cgi-bin/dvrtview.exe?Modinfo=StationView&STATION_ID=9749,1,DAILY_RECORDS,Mean daily discharge in CFS,Mean daily discharge in CFS,1.0,CFS,17,2012.0,2024.0
USGS,,9755,WHITE RIVER  BL TABBYUNE CRK  (USGS),09312600,White River near Soldier Summit,Stream,1.0,9755,PRICE RIVER,Observational,,,A,39.8760345185475,-111.037301766858,Scrape,Yes,https://waterrights.utah.gov/cgi-bin/dvrtview.exe?Modinfo=StationView&STATION_ID=9755,1,DAILY_RECORDS,Mean daily discharge in CFS,Mean daily discharge in CFS,1.0,CFS,13,2013.0,2025.0
USGS,,9758,MILL CREEK ABOVE SHELEY TUNNEL (USGS),09183500,USGS MILL CREEK AT SHELEY TUNNEL NEAR MOAB UTAH,Stream,1.0,9758,MILL CREEK (MOAB),Observational,BUBBLER / RATED STREAM SECTION,,A,38.4820848091504,-109.404962361266,Scrape,Yes,https://waterrights.utah.gov/cgi-bin/dvrtview.exe?Modinfo=StationView&STATION_ID=9758,1,DAILY_RECORDS,Mean daily discharge in CFS,Mean daily discharge in CFS,1.0,CFS,13,2013.0,2025.0
USGS,,9759,MILL CREEK BELOW SHELEY TUNNEL (USGS),09183600,Mill Creek below Sheley Tunnel,Stream,1.0,9759,MILL CREEK (MOAB),Observational,WATER STAGE RECORDER,,A,38.4854846398136,-109.410941060486,Direct,Yes,https://waterrights.utah.gov/cgi-bin/dvrtview.exe?Modinfo=StationView&STATION_ID=9759,1,DAILY_RECORDS,Mean daily discharge in CFS,Mean daily discharge in CFS,1.0,CFS,13,2013.0,2025.0
,,9769,DEPUTY COMMISSIONER HOURS,,,,,9769,SPANISH FORK RIVER,Observational,,,I,,,,No,https://waterrights.utah.gov/cgi-bin/dvrtview.exe?Modinfo=StationView&STATION_ID=9769,14,DAILY_RECORDS,HOURS,HOURS,1.0,HOURS,3,2013.0,2015.0
,,9776,GALE RASMUSSEN,,,Conveyance,,9776,POT CREEK,Observational,,,A,40.7587114453527,-109.289090804554,Manual,No,https://waterrights.utah.gov/cgi-bin/dvrtview.exe?Modinfo=StationView&STATION_ID=9776,1,DAILY_RECORDS,Mean daily discharge in CFS,Mean daily discharge in CFS,1.0,CFS,14,2011.0,2024.0
USGS,,9814,USGS GREEN RIVER AT GREEN RIVER,09315000,Green River at Green River,Stream,1.0,9814,GREEN RIVER,Observational,,FLOWMETER,A,38.9855064462551,-110.149919309547,Scrape,Yes,https://waterrights.utah.gov/cgi-bin/dvrtview.exe?Modinfo=StationView&STATION_ID=9814,1,DAILY_RECORDS,Mean daily discharge in CFS,Mean daily discharge in CFS,1.0,CFS,13,2013.0,2025.0
,,9821,BE27 BEAR RIVER CLUB - KENDALL DIVERSION,,,Conveyance,,9821,LOWER BEAR RIVER - BOX ELDER,Observational,velocity depth sensor,,A,41.4832305908067,-112.234668986796,Manual,No,https://waterrights.utah.gov/cgi-bin/dvrtview.exe?Modinfo=StationView&STATION_ID=9821,1,DAILY_RECORDS,Mean daily discharge in CFS,Mean daily discharge in CFS,1.0,CFS,5,2021.0,2025.0
,,9825,BE28 BEAR RIVER CLUB MALAD RIVER DIVERSION,,,Conveyance,,9825,LOWER BEAR RIVER - BOX ELDER,Observational,Rated section with staff gage,,I,41.661047429515,-112.158516035185,Manual,No,https://waterrights.utah.gov/cgi-bin/dvrtview.exe?Modinfo=StationView&STATION_ID=9825,1,DAILY_RECORDS,Mean daily discharge in CFS,Mean daily discharge in CFS,1.0,CFS,1,2021.0,2021.0
WEBER,,9826,OGDEN BAY BIRD REFUGE - MIDDLE RUN,Ogden Bay Middle Run,Weber River at Ogden Bay. Middle run in Wildlife Management Area.,Conveyance,1.0,9826,WEBER RIVER,Observational,,DIGITAL,A,41.213262092109,-112.160853289545,Manual,No,https://waterrights.utah.gov/cgi-bin/dvrtview.exe?Modinfo=StationView&STATION_ID=9826,1,DAILY_RECORDS,Mean daily discharge in CFS,Mean daily discharge in CFS,1.0,CFS,12,2013.0,2024.0
WEBER,,9827,OGDEN BAY BIRD REFUGE - NORTH RUN,Ogden Bay North Run,Weber River at Ogden Bay. North run in Wildlife Management Area.,Conveyance,1.0,9827,WEBER RIVER,Observational,rated section and gaging station,DIGITAL,A,41.2132633602626,-112.160836504576,Manual,No,https://waterrights.utah.gov/cgi-bin/dvrtview.exe?Modinfo=StationView&STATION_ID=9827,1,DAILY_RECORDS,Mean daily discharge in CFS,Mean daily discharge in CFS,1.0,CFS,12,2013.0,2024.0
,,9828,OGDEN BAY BIRD REFUGE - SOUTH RUN - UNIT-3-STRUCTURE,,,Conveyance,,9828,WEBER RIVER,Observational,submerged orifices with gage station,,A,41.185840783093,-112.161143798177,Manual,No,https://waterrights.utah.gov/cgi-bin/dvrtview.exe?Modinfo=StationView&STATION_ID=9828,1,DAILY_RECORDS,Mean daily discharge in CFS,Mean daily discharge in CFS,1.0,CFS,12,2013.0,2024.0
USGS,,9830,FAIRVIEW TUNNEL (USGS),09309600,Fairview Tunnel,Conveyance,1.0,9830,PRICE RIVER,Observational,USGS Radar mounted in tunnel entranc,,A,39.6697160420016,-111.313334640602,Scrape,Yes,https://waterrights.utah.gov/cgi-bin/dvrtview.exe?Modinfo=StationView&STATION_ID=9830,1,DAILY_RECORDS,Mean daily discharge in CFS,Mean daily discharge in CFS,1.0,CFS,13,2013.0,2025.0
PRWUA,,9831,WEBER-PROVO CANAL (OAKLEY GAUGED FLOW),S06_FIT_6M,"Data From http://www.prwua.org/water-operations/daily-average-data.php?s=csv, To:WEBER_RIVER_WEBER-PROVO_CANAL_NEAR_OAKLEY",Conveyance,1.0,9831,WEBER RIVER,Observational,PARSHALL FLUME,,A,40.7120290345731,-111.278818895052,Scrape,Yes,https://waterrights.utah.gov/cgi-bin/dvrtview.exe?Modinfo=StationView&STATION_ID=9831,1,DAILY_RECORDS,Mean daily discharge in CFS,Mean daily discharge in CFS,1.0,CFS,28,1996.0,2025.0
,,9832,HYDRO - CAUSEY POWER PLANT,,,Hydropower,,9832,OGDEN RIVER,Observational,,,A,41.2969915529792,-111.589231338529,Manual,No,https://waterrights.utah.gov/cgi-bin/dvrtview.exe?Modinfo=StationView&STATION_ID=9832,1,DAILY_RECORDS,Mean daily discharge in CFS,Mean daily discharge in CFS,1.0,CFS,12,2013.0,2024.0
SLCO,,9833,09.051 JORDAN RIVER AT 90TH SOUTH GAGE STATION (AUTOMATED),70,Jordan River @ 90th South,Stream,1.0,9833,UTAH LAKE/JORDAN RIVER,Observational,90th South Gage SL Cnty Flood Contrl,,A,40.5876106557459,-111.912822492112,Scrape,Yes,https://waterrights.utah.gov/cgi-bin/dvrtview.exe?Modinfo=StationView&STATION_ID=9833,1,DAILY_RECORDS,Mean daily discharge in CFS,Mean daily discharge in CFS,1.0,CFS,11,2014.0,2024.0
PRWUA,,9834,WEBER-PROVO CANAL (PRWUA BEAVER CREEK DIVERSION),S08_FIT_1M,"Data From:www.prwua.org, To: WEBER_RIVER_WEBER-PROVO_CANAL_(PRWUA_BEAVER_CREEK_DIVERSION)",Conveyance,1.0,9834,WEBER RIVER,Observational,Electronic,,A,40.6450350047919,-111.284556273058,Scrape,Yes,https://waterrights.utah.gov/cgi-bin/dvrtview.exe?Modinfo=StationView&STATION_ID=9834,1,DAILY_RECORDS,Mean daily discharge in CFS,Mean daily discharge in CFS,1.0,CFS,12,2014.0,2025.0
PRWUA,,9838,WEBER-PROVO CANAL (FOREBAY POOL ELEVATION),S06_LIT_1M,"Data From:www.prwua.org, To: WEBER_RIVER_WEBER-PROVO_CANAL_(FOREBAY_POOL_ELEVATION)",Conveyance,1.0,9838,WEBER RIVER,Observational,Ogee Crest if gate is closed,,A,40.7157376177505,-111.278198446911,Scrape,Yes,https://waterrights.utah.gov/cgi-bin/dvrtview.exe?Modinfo=StationView&STATION_ID=9838,6,DAILY_RECORDS,Daily gage height in FEET,Daily gage height in FEET,1.0,FEET,12,2014.0,2025.0
USGS,,9840,CACHE HIGHLINE CANAL (USGS),10108400,UPPER CANAL TOTAL (LOGAN HYDE PARK SMITHFIELD AND LOGAN & NORTHERN),Conveyance,1.0,9840,LOGAN RIVER,Observational,8-ft Parshall Flume. USGS Data,DIGITAL,A,41.7434684614725,-111.761905718597,Scrape,Yes,https://waterrights.utah.gov/cgi-bin/dvrtview.exe?Modinfo=StationView&STATION_ID=9840,1,DAILY_RECORDS,Mean daily discharge in CFS,Mean daily discharge in CFS,1.0,CFS,13,2013.0,2025.0
,,9841,LOGAN CITY CENTER STREET WELL,,,Well,,9841,LOGAN RIVER,Observational,,,I,,,Manual,No,https://waterrights.utah.gov/cgi-bin/dvrtview.exe?Modinfo=StationView&STATION_ID=9841,1,DAILY_RECORDS,Mean daily discharge in CFS,Mean daily discharge in CFS,1.0,CFS,1,2013.0,2013.0
,,9842,LOGAN CITY 10TH NORTH WELL,,,Well,,9842,LOGAN RIVER,Observational,,,I,,,Manual,No,https://waterrights.utah.gov/cgi-bin/dvrtview.exe?Modinfo=StationView&STATION_ID=9842,1,DAILY_RECORDS,Mean daily discharge in CFS,Mean daily discharge in CFS,1.0,CFS,0,,
,,9843,BENNION CREEK DIVERSION (MONTHLY RECORDS),,,Conveyance,,9843,SPANISH FORK RIVER,Observational,HR METER ON RATED PUMP,,A,39.8673336513549,-111.206533761,Manual,No,https://waterrights.utah.gov/cgi-bin/dvrtview.exe?Modinfo=StationView&STATION_ID=9843,5,MONTHLY_RECORDS,Monthly Discharge in ACFT,Monthly Discharge in ACFT,1.0,ACFT,0,,
BLUE_MOUNTAIN_DL,,9846,MONTICELLO - NORTH FORK SPRINGS,MONTICELLO - NORTH FORK SPRINGS,Same Datalogger as Bankhead Springs,Conveyance,1.0,9846,BLUE MOUNTAIN,Observational,MCCROMETER MAGNETIC METER,FLOWMETER,A,37.8738654011571,-109.428297751584,Direct,Yes,https://waterrights.utah.gov/cgi-bin/dvrtview.exe?Modinfo=StationView&STATION_ID=9846,1,DAILY_RECORDS,Mean daily discharge in CFS,Mean daily discharge in CFS,1.0,CFS,12,2013.0,2024.0
BLUE_MOUNTAIN_DL,,9847,MONTICELLO - BANKHEAD SPRINGS,MONTICELLO - BANKHEAD SPRINGS,Same Datalogger as North Fork Springs,Conveyance,2.0,9847,BLUE MOUNTAIN,Observational,MCCROMETER MAGNETIC METER,FLOWMETER,A,37.8738339780825,-109.428198062079,Direct,Yes,https://waterrights.utah.gov/cgi-bin/dvrtview.exe?Modinfo=StationView&STATION_ID=9847,1,DAILY_RECORDS,Mean daily discharge in CFS,Mean daily discharge in CFS,1.0,CFS,12,2013.0,2024.0
BLUE_MOUNTAIN_DL,,9848,MONTICELLO - POLE CANYON SPRINGS,MONTICELLO - POLE CANYON SPRINGS,Same Datalogger as South Fork Springs,Conveyance,1.0,9848,BLUE MOUNTAIN,Observational,MCCROMETER MAGNETIC METER,FLOWMETER,A,37.8638488390709,-109.402947231405,Direct,Yes,https://waterrights.utah.gov/cgi-bin/dvrtview.exe?Modinfo=StationView&STATION_ID=9848,1,DAILY_RECORDS,Mean daily discharge in CFS,Mean daily discharge in CFS,1.0,CFS,12,2013.0,2024.0
BLUE_MOUNTAIN_DL,,9849,MONTICELLO - SOUTH FORK SPRINGS,MONTICELLO - SOUTH FORK SPRINGS,Same Datalogger as Pole Canyon Springs,Conveyance,2.0,9849,BLUE MOUNTAIN,Observational,MCCROMETER MAGNETIC METER,FLOWMETER,A,37.863834802057,-109.402591518291,Direct,Yes,https://waterrights.utah.gov/cgi-bin/dvrtview.exe?Modinfo=StationView&STATION_ID=9849,1,DAILY_RECORDS,Mean daily discharge in CFS,Mean daily discharge in CFS,1.0,CFS,12,2013.0,2024.0
SLCO,,9868,JORDAN RIVER AT 9000 SOUTH,70,Jordan River @ 90th South,Stream,1.0,9868,UTAH LAKE/JORDAN RIVER,Observational,Stage Height Sensor; Rated Section,,A,40.5875953428442,-111.912732192546,Scrape,Yes,https://waterrights.utah.gov/cgi-bin/dvrtview.exe?Modinfo=StationView&STATION_ID=9868,1,DAILY_RECORDS,Mean daily discharge in CFS,Mean daily discharge in CFS,1.0,CFS,11,2014.0,2024.0
SLCO,,9869,BIG COTTONWOOD CREEK AT CANYON MOUTH,67,Big Cottonwood Creek @ Canyon Mouth,Stream,1.0,9869,SLCO FLOOD CONTROL,Observational,Stage Height Sensor; Rated Section,,A,40.6182333583306,-111.778933046651,Scrape,Yes,https://waterrights.utah.gov/cgi-bin/dvrtview.exe?Modinfo=StationView&STATION_ID=9869,1,DAILY_RECORDS,Mean daily discharge in CFS,Mean daily discharge in CFS,1.0,CFS,11,2014.0,2024.0
SLCO,,9870,BIG COTTONWOOD CREEK AT 300 WEST,81,Big Cottonwood Creek @ 300 West,Stream,1.0,9870,SLCO FLOOD CONTROL,Observational,Stage Height Sensor; Rated Section,,A,40.6810795694731,-111.899598888052,Scrape,Yes,https://waterrights.utah.gov/cgi-bin/dvrtview.exe?Modinfo=StationView&STATION_ID=9870,1,DAILY_RECORDS,Mean daily discharge in CFS,Mean daily discharge in CFS,1.0,CFS,11,2014.0,2024.0
SLCO,,9871,MILL CREEK AT CANYON MOUTH,76,Mill Creek @ Canyon Mouth,Stream,1.0,9871,SLCO FLOOD CONTROL,Observational,Stage Height Sensor; Rated Section,,A,40.6893017018666,-111.78289632376,Scrape,Yes,https://waterrights.utah.gov/cgi-bin/dvrtview.exe?Modinfo=StationView&STATION_ID=9871,1,DAILY_RECORDS,Mean daily discharge in CFS,Mean daily discharge in CFS,1.0,CFS,11,2014.0,2024.0
SLCO,,9872,MILL CREEK AT 460 WEST,82,Mill Creek @ 460 West,Stream,1.0,9872,SLCO FLOOD CONTROL,Observational,Stage Height Sensor; Rated Section,,A,40.7062203869862,-111.904657201672,Scrape,Yes,https://waterrights.utah.gov/cgi-bin/dvrtview.exe?Modinfo=StationView&STATION_ID=9872,1,DAILY_RECORDS,Mean daily discharge in CFS,Mean daily discharge in CFS,1.0,CFS,11,2014.0,2024.0
SLCO,,9873,EMIGRATION CREEK AT CANYON MOUTH,86,Emigration Creek @ Rotary Park,Stream,1.0,9873,SLCO FLOOD CONTROL,Observational,Stage Height Sensor; Rated Section,,A,40.7495445041412,-111.809995686027,Scrape,Yes,https://waterrights.utah.gov/cgi-bin/dvrtview.exe?Modinfo=StationView&STATION_ID=9873,1,DAILY_RECORDS,Mean daily discharge in CFS,Mean daily discharge in CFS,1.0,CFS,11,2014.0,2024.0
SLCO,,9874,SLCO JORDAN RIVER AT 500 NORTH,92,Jordan River @ 500 North,Stream,1.0,9874,LOWER JORDAN RIVER,Observational,Stage Height Sensor; Rated Section,,A,40.7803143442304,-111.938070095413,Scrape,Yes,https://waterrights.utah.gov/cgi-bin/dvrtview.exe?Modinfo=StationView&STATION_ID=9874,1,DAILY_RECORDS,Mean daily discharge in CFS,Mean daily discharge in CFS,1.0,CFS,11,2011.0,2024.0
,,9878,HYDRO - PACIFICORP POWER PLANT,,,Hydropower,,9878,WEBER RIVER,Observational,,,A,41.1373977820169,-111.884997090708,Manual,Yes,https://waterrights.utah.gov/cgi-bin/dvrtview.exe?Modinfo=StationView&STATION_ID=9878,1,DAILY_RECORDS,Mean daily discharge in CFS,Mean daily discharge in CFS,1.0,CFS,12,2013.0,2024.0
,,9886,PAH TEMPE MONTHLY,,,Conveyance,,9886,VIRGIN RIVER,Observational,Mag Meter,,A,37.1895772121238,-113.272656882127,Manual,No,https://waterrights.utah.gov/cgi-bin/dvrtview.exe?Modinfo=StationView&STATION_ID=9886,13,MONTHLY_RECORDS,Gallons,Gallons Per Month,1.0,GALLONS,0,,
USGS,,9893,"USGS 09404450 EAST FORK VIRGIN RIVER NEAR GLENDALE, UT",09404450,East Fork Virgin River near Glendale USGS Gauge 09404450,Stream,1.0,9893,EAST FORK VIRGIN RIVER,Observational,USGS Streamflow device,DIGITAL,A,37.3396537529601,-112.604709494719,Scrape,Yes,https://waterrights.utah.gov/cgi-bin/dvrtview.exe?Modinfo=StationView&STATION_ID=9893,1,DAILY_RECORDS,Mean daily discharge in CFS,Mean daily discharge in CFS,1.0,CFS,20,2006.0,2025.0
USGS,,9896,USGS EAST CANYON CREEK NEAR JEREMY RANCH UTAH,10133800,"USGS East Canyon Creek near Jeremy Ranch, UT",Stream,1.0,9896,WEBER RIVER,Observational,,,A,40.7595989753303,-111.564504858612,Scrape,Yes,https://waterrights.utah.gov/cgi-bin/dvrtview.exe?Modinfo=StationView&STATION_ID=9896,1,DAILY_RECORDS,Mean daily discharge in CFS,Mean daily discharge in CFS,1.0,CFS,13,2013.0,2025.0
USGS,,9897,USGS EAST CANYON CREEK BELOW I-80 REST STOP NEAR PARK CITY UTAH,10133650,"USGS East Canyon Creek bl I-80 Rest Stop nr Park City, UT",Stream,1.0,9897,WEBER RIVER,Observational,,,A,40.7237285765906,-111.519400542243,Scrape,Yes,https://waterrights.utah.gov/cgi-bin/dvrtview.exe?Modinfo=StationView&STATION_ID=9897,1,DAILY_RECORDS,Mean daily discharge in CFS,Mean daily discharge in CFS,1.0,CFS,13,2013.0,2025.0
USGS,,9898,USGS SILVER CREEK NEAR SILVER CREEK JUNCTION UTAH,10129900,"USGS Silver Creek near Silver Creek Junction, UT",Stream,1.0,9898,WEBER RIVER,Observational,,,A,40.7353157600373,-111.476032410384,Scrape,Yes,https://waterrights.utah.gov/cgi-bin/dvrtview.exe?Modinfo=StationView&STATION_ID=9898,1,DAILY_RECORDS,Mean daily discharge in CFS,Mean daily discharge in CFS,1.0,CFS,13,2013.0,2025.0
PRWUA,,9899,WEBER-PROVO CANAL (FRANCIS GAUGED FLOW),S11_FIT_1M,"Data From:www.prwua.org, To: Provo River Weber-Provo Canal (Total Delivery)",Conveyance,1.0,9899,WEBER RIVER,Observational,Francis flume or weir,,A,40.6100079943704,-111.305505664031,Manual,Yes,https://waterrights.utah.gov/cgi-bin/dvrtview.exe?Modinfo=StationView&STATION_ID=9899,1,DAILY_RECORDS,Mean daily discharge in CFS,Mean daily discharge in CFS,1.0,CFS,12,2014.0,2025.0
PRICE_CITY,,9906,PRICE MUNICIPAL TREATMENT PLANT (DAILY),Treatment-Total,Collected from Price City FTP  https://dtscada.com/files/WaterPlantFlow.csv,Conveyance,1.0,9906,PRICE RIVER,Observational,,,A,39.7454447143763,-110.879717872633,Scrape,Yes,https://waterrights.utah.gov/cgi-bin/dvrtview.exe?Modinfo=StationView&STATION_ID=9906,1,DAILY_RECORDS,Mean daily discharge in CFS,Mean daily discharge in CFS,1.0,CFS,13,2013.0,2025.0
PRICE_CITY,,9907,PRICE MUNICIPAL SPRING PRODUCTION (DAILY),Spring-Production,Collected from Price City FTP  https://dtscada.com/files/WaterPlantFlow.csv,Conveyance,1.0,9907,PRICE RIVER,Observational,,DIGITAL,A,39.74544175375,-110.879738863857,Scrape,Yes,https://waterrights.utah.gov/cgi-bin/dvrtview.exe?Modinfo=StationView&STATION_ID=9907,1,DAILY_RECORDS,Mean daily discharge in CFS,Mean daily discharge in CFS,1.0,CFS,14,2012.0,2025.0
PRWID,,9908,PRICE RIVER WATER IMPROVEMENT DISTRICT DAILY DIVERSIONS,PlantProduction,Data Published to: http://192.150.142.136:81/,Conveyance,1.0,9908,PRICE RIVER,Observational,ULTRASONIC FLOW METER,,A,39.7474607428438,-110.882664560834,Scrape,Yes,https://waterrights.utah.gov/cgi-bin/dvrtview.exe?Modinfo=StationView&STATION_ID=9908,1,DAILY_RECORDS,Mean daily discharge in CFS,Mean daily discharge in CFS,1.0,CFS,13,2013.0,2025.0
WEBER,,9909,QUARRY MOUNTAIN RANCH HOA,Quarry Mountain Ranch HOA,Quarry Mountain Diversion from McLeod Creek,Conveyance,1.0,9909,WEBER RIVER,Observational,Flume installed in 2016.,,A,40.6886138072825,-111.531804757252,Direct,Yes,https://waterrights.utah.gov/cgi-bin/dvrtview.exe?Modinfo=StationView&STATION_ID=9909,1,DAILY_RECORDS,Mean daily discharge in CFS,Mean daily discharge in CFS,1.0,CFS,12,2013.0,2025.0
,,9914,WEBER BASIN GATEWAY CANAL POWER PLANT (DAILY),,,Hydropower,,9914,WEBER RIVER,Observational,Power Plant,,A,41.1362975736996,-111.831645572697,Manual,Yes,https://waterrights.utah.gov/cgi-bin/dvrtview.exe?Modinfo=StationView&STATION_ID=9914,1,DAILY_RECORDS,Mean daily discharge in CFS,Mean daily discharge in CFS,1.0,CFS,12,2013.0,2024.0
,,9920,DAYSTAR ACADEMY DIVERSION,,,Conveyance,,9920,CASTLE CREEK,Observational,1 FOOT PARSHALL FLUME,,A,38.6337654263917,-109.367215664003,Manual,No,https://waterrights.utah.gov/cgi-bin/dvrtview.exe?Modinfo=StationView&STATION_ID=9920,1,DAILY_RECORDS,Mean daily discharge in CFS,Mean daily discharge in CFS,1.0,CFS,11,2014.0,2024.0
,,9921,CASTLE VALLEY IRRIGATION COMPANY DIVERSION,,,Conveyance,,9921,CASTLE CREEK,Observational,1 FOOT PARSHALL FLUME,,A,38.6505901459551,-109.416361391659,Manual,No,https://waterrights.utah.gov/cgi-bin/dvrtview.exe?Modinfo=StationView&STATION_ID=9921,1,DAILY_RECORDS,Mean daily discharge in CFS,Mean daily discharge in CFS,1.0,CFS,11,2014.0,2024.0
USGS,,9923,BEAVER RIVER NEAR BEAVER (USGS),10234500,Beaver River,Stream,1.0,9923,BEAVER RIVER,Observational,,,A,38.2799678728547,-112.568250037468,Scrape,Yes,https://waterrights.utah.gov/cgi-bin/dvrtview.exe?Modinfo=StationView&STATION_ID=9923,1,DAILY_RECORDS,Mean daily discharge in CFS,Mean daily discharge in CFS,1.0,CFS,12,2014.0,2025.0
SPRINGVILLE_IRR,,9925,SPRINGVILLE IRR PLAT A DITCH 4,108,Plat A Ditch 4,Conveyance,1.0,9925,HOBBLE CREEK,Observational,,,A,40.1579455839714,-111.597951623943,Direct,Yes,https://waterrights.utah.gov/cgi-bin/dvrtview.exe?Modinfo=StationView&STATION_ID=9925,1,DAILY_RECORDS,Mean daily discharge in CFS,Mean daily discharge in CFS,1.0,CFS,9,2014.0,2023.0
SPRINGVILLE_IRR,,9926,SPRINGVILLE IRR SWENSON,110,Swenson,Conveyance,1.0,9926,HOBBLE CREEK,Observational,Radial Gate,,A,40.1577421905767,-111.598020538888,Scrape,Yes,https://waterrights.utah.gov/cgi-bin/dvrtview.exe?Modinfo=StationView&STATION_ID=9926,1,DAILY_RECORDS,Mean daily discharge in CFS,Mean daily discharge in CFS,1.0,CFS,6,2014.0,2023.0
SPRINGVILLE_IRR,,9927,SPRINGVILLE IRR UHAUL,112,District 4-Uhaul,Conveyance,1.0,9927,HOBBLE CREEK,Observational,,,I,40.1571483821636,-111.613625364357,,No,https://waterrights.utah.gov/cgi-bin/dvrtview.exe?Modinfo=StationView&STATION_ID=9927,1,DAILY_RECORDS,Mean daily discharge in CFS,Mean daily discharge in CFS,1.0,CFS,6,2014.0,2023.0
SPRINGVILLE_IRR,,9928,SPRINGVILLE IRR DISTRICT 4,112,District 4-Uhaul,Conveyance,2.0,9928,HOBBLE CREEK,Observational,,,I,40.1571483821636,-111.613625364357,,No,https://waterrights.utah.gov/cgi-bin/dvrtview.exe?Modinfo=StationView&STATION_ID=9928,1,DAILY_RECORDS,Mean daily discharge in CFS,Mean daily discharge in CFS,1.0,CFS,6,2014.0,2023.0
SPRINGVILLE_IRR,,9930,SPRINGVILLE IRR OLD DRY CREEK,115,Old Dry Creek,Conveyance,1.0,9930,HOBBLE CREEK,Observational,,,I,40.1459997019832,-111.642512890379,,No,https://waterrights.utah.gov/cgi-bin/dvrtview.exe?Modinfo=StationView&STATION_ID=9930,1,DAILY_RECORDS,Mean daily discharge in CFS,Mean daily discharge in CFS,1.0,CFS,4,2014.0,2017.0
SPRINGVILLE_IRR,,9932,SPRINGVILLE IRR DOOGLE,114,Doogle,Conveyance,1.0,9932,HOBBLE CREEK,Observational,,,I,40.1537628549734,-111.618303483749,Manual,No,https://waterrights.utah.gov/cgi-bin/dvrtview.exe?Modinfo=StationView&STATION_ID=9932,1,DAILY_RECORDS,Mean daily discharge in CFS,Mean daily discharge in CFS,1.0,CFS,7,2014.0,2023.0
SPRINGVILLE_IRR,,9935,SPRINGVILLE IRR SAGE DITCH,Price Ditch,,Conveyance,1.0,9935,HOBBLE CREEK,Observational,,DIGITAL,A,40.1500932715422,-111.588128983866,Direct,Yes,https://waterrights.utah.gov/cgi-bin/dvrtview.exe?Modinfo=StationView&STATION_ID=9935,1,DAILY_RECORDS,Mean daily discharge in CFS,Mean daily discharge in CFS,1.0,CFS,11,2014.0,2025.0
SPRINGVILLE_IRR,,9936,SPRINGVILLE IRR MAPLETON CANAL,MAPLETON CANAL,Radio ADD: 102 CH:1,Conveyance,2.0,9936,HOBBLE CREEK,Observational,,,A,40.156828346409,-111.530562652563,Direct,Yes,https://waterrights.utah.gov/cgi-bin/dvrtview.exe?Modinfo=StationView&STATION_ID=9936,1,DAILY_RECORDS,Mean daily discharge in CFS,Mean daily discharge in CFS,1.0,CFS,4,2014.0,2023.0
SPRINGVILLE_IRR,,9937,SPRINGVILLE IRR HIGHLINE CANAL,HIGHLINE CANAL,Radio ADD: 102 CH:1,Conveyance,1.0,9937,HOBBLE CREEK,Observational,2` ramp flume to be piped/meter,,A,40.1568037262407,-111.530874585371,Manual,No,https://waterrights.utah.gov/cgi-bin/dvrtview.exe?Modinfo=StationView&STATION_ID=9937,1,DAILY_RECORDS,Mean daily discharge in CFS,Mean daily discharge in CFS,1.0,CFS,6,2014.0,2025.0
SPRINGVILLE_IRR,,9938,SPRINGVILLE IRR ISLAND DITCH,ISLAND DITCH,Radio ADD: 102 CH:1,Conveyance,1.0,9938,HOBBLE CREEK,Observational,18` Parshall Flume,,A,40.1480570135202,-111.567145300752,Direct,Yes,https://waterrights.utah.gov/cgi-bin/dvrtview.exe?Modinfo=StationView&STATION_ID=9938,1,DAILY_RECORDS,Mean daily discharge in CFS,Mean daily discharge in CFS,1.0,CFS,10,2014.0,2025.0
USGS,,9940,LOGAN RIVER ABOVE FIRST DAM (USGS),10109000,Logan River Above State Dam,Stream,1.0,9940,LOGAN RIVER,Observational,,,A,41.7436183455675,-111.783838805529,Scrape,Yes,https://waterrights.utah.gov/cgi-bin/dvrtview.exe?Modinfo=StationView&STATION_ID=9940,1,DAILY_RECORDS,Mean daily discharge in CFS,Mean daily discharge in CFS,1.0,CFS,12,2014.0,2025.0
SPRINGVILLE_IRR,,9941,SPRINGVILLE IRR RIGHT HAND FORK,101,Right Hand Fork/Jolley`s Ranch,Stream,1.0,9941,HOBBLE CREEK,Observational,,,I,40.1678123229559,-111.489747094655,Direct,Yes,https://waterrights.utah.gov/cgi-bin/dvrtview.exe?Modinfo=StationView&STATION_ID=9941,1,DAILY_RECORDS,Mean daily discharge in CFS,Mean daily discharge in CFS,1.0,CFS,10,2014.0,2024.0
SPRINGVILLE_IRR,,9942,SPRINGVILLE IRR JOLLEY`S RANCH,101,Right Hand Fork/Jolley`s Ranch,Conveyance,2.0,9942,HOBBLE CREEK,Observational,,,A,40.1668640338993,-111.493831359028,Direct,Yes,https://waterrights.utah.gov/cgi-bin/dvrtview.exe?Modinfo=StationView&STATION_ID=9942,1,DAILY_RECORDS,Mean daily discharge in CFS,Mean daily discharge in CFS,1.0,CFS,10,2014.0,2024.0
SPRINGVILLE_IRR,,9943,SPRINGVILLE IRR DITCH 2,111,Ditch 2,Conveyance,1.0,9943,HOBBLE CREEK,Observational,,,I,40.1624707958226,-111.595106726921,,No,https://waterrights.utah.gov/cgi-bin/dvrtview.exe?Modinfo=StationView&STATION_ID=9943,1,DAILY_RECORDS,Mean daily discharge in CFS,Mean daily discharge in CFS,1.0,CFS,6,2014.0,2023.0
SPRINGVILLE_IRR,,9944,SPRINGVILLE IRR NEW DRY CREEK,117,New Dry Creek,Conveyance,1.0,9944,HOBBLE CREEK,Observational,,,I,40.1485021236645,-111.616447744496,Direct,Yes,https://waterrights.utah.gov/cgi-bin/dvrtview.exe?Modinfo=StationView&STATION_ID=9944,1,DAILY_RECORDS,Mean daily discharge in CFS,Mean daily discharge in CFS,1.0,CFS,5,2014.0,2018.0
LBEAR,,9945,WELLSVILLE MENDON CANAL RETURN FLOW,AA1,Wellsville Mendon Canal Return Flow,Conveyance,1.0,9945,LITTLE BEAR RIVER,Observational,4` Weir,DIGITAL,I,,,Direct,Yes,https://waterrights.utah.gov/cgi-bin/dvrtview.exe?Modinfo=StationView&STATION_ID=9945,1,DAILY_RECORDS,Mean daily discharge in CFS,Mean daily discharge in CFS,1.0,CFS,7,2014.0,2024.0
,,9946,DEEP CREEK,,,Stream,,9946,ASHLEY CREEK,Observational,4` Concrete Parshall Flume,,I,40.7902347436262,-109.760001242131,,Yes,https://waterrights.utah.gov/cgi-bin/dvrtview.exe?Modinfo=StationView&STATION_ID=9946,1,DAILY_RECORDS,Mean daily discharge in CFS,Mean daily discharge in CFS,1.0,CFS,2,2017.0,2018.0
WEBER_BASIN,,9956,WEBER BASIN GATEWAY CANAL TUNNEL (DAVIS AQUEDUCT),Bifurcation Davis Flow,Davis Aqueduct Flow,Conveyance,1.0,9956,WEBER RIVER,Observational,venturi meter,,A,41.1318744816431,-111.895423783995,Scrape,Yes,https://waterrights.utah.gov/cgi-bin/dvrtview.exe?Modinfo=StationView&STATION_ID=9956,1,DAILY_RECORDS,Mean daily discharge in CFS,Mean daily discharge in CFS,1.0,CFS,12,2014.0,2025.0
WEBER_BASIN,,9957,WEBER BASIN GATEWAY CANAL TUNNEL (WEBER AQUEDUCT),Bifurcation Weber Flow,,Conveyance,1.0,9957,WEBER RIVER,Observational,venturi meter,,A,41.1331219746785,-111.895399369568,Scrape,Yes,https://waterrights.utah.gov/cgi-bin/dvrtview.exe?Modinfo=StationView&STATION_ID=9957,1,DAILY_RECORDS,Mean daily discharge in CFS,Mean daily discharge in CFS,1.0,CFS,12,2014.0,2025.0
WEBER_BASIN,,9958,WEBER BASIN WILLARD CANAL FROM RIVER,Willard Canal Flow South,"This is one of two meters on the Willard Canal, not to be taken too seriously because the canal is very difficult to get a reliable water measurement.",Conveyance,1.0,9958,WEBER RIVER,Observational,electronic,,A,41.2391484367226,-112.012028926345,Scrape,Yes,https://waterrights.utah.gov/cgi-bin/dvrtview.exe?Modinfo=StationView&STATION_ID=9958,1,DAILY_RECORDS,Mean daily discharge in CFS,Mean daily discharge in CFS,1.0,CFS,12,2014.0,2025.0
WEBER_MT_REGIONAL,,9963,WEBER BASIN LOST CANYON CREEK PIPELINE,LostCanyonBooster,,Conveyance,1.0,9963,WEBER RIVER,Observational,,,A,40.7549158365652,-111.372336896688,Scrape,Yes,https://waterrights.utah.gov/cgi-bin/dvrtview.exe?Modinfo=StationView&STATION_ID=9963,1,DAILY_RECORDS,Mean daily discharge in CFS,Mean daily discharge in CFS,1.0,CFS,12,2014.0,2025.0
SEVIER_DL,,9968,KINGSTON PIPELINE,KINGSTONPIPELINE,Kingston Pipeline,Conveyance,1.0,9968,SEVIER RIVER,Observational,Dynasonic Transit Time sensor,DIGITAL,A,38.2041293413411,-112.161768448236,Direct,Yes,https://waterrights.utah.gov/cgi-bin/dvrtview.exe?Modinfo=StationView&STATION_ID=9968,1,DAILY_RECORDS,Mean daily discharge in CFS,Mean daily discharge in CFS,1.0,CFS,14,2012.0,2025.0
,,9971,MILLS,,,,,9971,SEVIER RIVER,Observational,,,I,,,,Yes,https://waterrights.utah.gov/cgi-bin/dvrtview.exe?Modinfo=StationView&STATION_ID=9971,1,DAILY_RECORDS,Mean daily discharge in CFS,Mean daily discharge in CFS,1.0,CFS,1,2016.0,2016.0
SLCO,,9973,EMIGRATION CREEK AT ROTARY PARK,86,Emigration Creek @ Rotary Park,Stream,1.0,9973,EMIGRATION CREEK,Observational,,,A,,,Scrape,Yes,https://waterrights.utah.gov/cgi-bin/dvrtview.exe?Modinfo=StationView&STATION_ID=9973,1,DAILY_RECORDS,Mean daily discharge in CFS,Mean daily discharge in CFS,1.0,CFS,11,2014.0,2024.0
,,9981,1409 DUANE HUBER LOWER - MOSBY,,,Conveyance,,9981,DEEP CREEK,Observational,LOWER HUBER FLUME,,I,,,Manual,No,https://waterrights.utah.gov/cgi-bin/dvrtview.exe?Modinfo=StationView&STATION_ID=9981,1,DAILY_RECORDS,Mean daily discharge in CFS,Mean daily discharge in CFS,1.0,CFS,11,2014.0,2024.0
,,9982,1410 GLEN BASCOM - MOSBY (DAILY),,,Conveyance,,9982,DEEP CREEK,Observational,,,I,,,Manual,No,https://waterrights.utah.gov/cgi-bin/dvrtview.exe?Modinfo=StationView&STATION_ID=9982,1,DAILY_RECORDS,Mean daily discharge in CFS,Mean daily discharge in CFS,1.0,CFS,6,2014.0,2019.0
,,9985,1411 VONAE YOUNG - MOSBY (DAILY),,,Conveyance,,9985,DEEP CREEK,Observational,,,I,,,Manual,No,https://waterrights.utah.gov/cgi-bin/dvrtview.exe?Modinfo=StationView&STATION_ID=9985,1,DAILY_RECORDS,Mean daily discharge in CFS,Mean daily discharge in CFS,1.0,CFS,6,2015.0,2020.0
,,9986,OGDEN BAY BIRD REFUGE - SOUTH RUN - 3-GATE-STRUCTURE,,,Conveyance,,9986,WEBER RIVER,Observational,Gate as Weir or Gate Position,,A,41.1866685472705,-112.161114138154,Manual,No,https://waterrights.utah.gov/cgi-bin/dvrtview.exe?Modinfo=StationView&STATION_ID=9986,1,DAILY_RECORDS,Mean daily discharge in CFS,Mean daily discharge in CFS,1.0,CFS,11,2014.0,2024.0
,,9987,OGDEN BAY BIRD REFUGE - SOUTH RUN - 2-GATE-STRUCTURE,,,Conveyance,,9987,WEBER RIVER,Observational,Gate Position and water level sensor,,A,41.1868898359205,-112.161099291665,Manual,No,https://waterrights.utah.gov/cgi-bin/dvrtview.exe?Modinfo=StationView&STATION_ID=9987,1,DAILY_RECORDS,Mean daily discharge in CFS,Mean daily discharge in CFS,1.0,CFS,11,2014.0,2024.0
,,10016,PARK CITY MT AIRE EAST,,,Conveyance,,10016,WEBER RIVER,Observational,Parshall Flume with Telemetry,,A,40.6623710130427,-111.510923077677,Manual,Yes,https://waterrights.utah.gov/cgi-bin/dvrtview.exe?Modinfo=StationView&STATION_ID=10016,1,DAILY_RECORDS,Mean daily discharge in CFS,Mean daily discharge in CFS,1.0,CFS,11,2014.0,2024.0
USGS,,10019,LITTLE BEAR RIVER @ PARADISE (USGS),10105900,Little Bear River (Paradise),Stream,1.0,10019,LITTLE BEAR RIVER,Observational,,,A,41.5754999747764,-111.855221626762,Scrape,Yes,https://waterrights.utah.gov/cgi-bin/dvrtview.exe?Modinfo=StationView&STATION_ID=10019,1,DAILY_RECORDS,Mean daily discharge in CFS,Mean daily discharge in CFS,1.0,CFS,11,2015.0,2025.0
MWDSLS,,10025,MWDSLS DESPAIN DIVERSIONS,2,LCC Despain Diversion,Conveyance,1.0,10025,LITTLE COTTONWOOD CREEK,Observational,Calculation,DIGITAL,A,,,Scrape,Yes,https://waterrights.utah.gov/cgi-bin/dvrtview.exe?Modinfo=StationView&STATION_ID=10025,1,DAILY_RECORDS,Mean daily discharge in CFS,Mean daily discharge in CFS,1.0,CFS,11,2015.0,2025.0
MWDSLS,,10026,MWDSLS 15 FT PARSHALL,3,LCC 15 ft Parshall,Conveyance,1.0,10026,LITTLE COTTONWOOD CREEK,Observational,,DIGITAL,A,40.5785459053711,-111.79758482775,Scrape,Yes,https://waterrights.utah.gov/cgi-bin/dvrtview.exe?Modinfo=StationView&STATION_ID=10026,1,DAILY_RECORDS,Mean daily discharge in CFS,Mean daily discharge in CFS,1.0,CFS,11,2015.0,2025.0
MWDSLS,,10030,MWDSLS FARMERS GATE,6,LCC Farmers Gate,Conveyance,1.0,10030,LITTLE COTTONWOOD CREEK,Observational,,FLOWMETER,A,40.5848723037581,-111.800751840615,Scrape,Yes,https://waterrights.utah.gov/cgi-bin/dvrtview.exe?Modinfo=StationView&STATION_ID=10030,1,DAILY_RECORDS,Mean daily discharge in CFS,Mean daily discharge in CFS,1.0,CFS,11,2015.0,2025.0
MWDSLS,,10031,MWDSLS SANDY DITCH SIPHON,7,LCC Sandy Ditch Siphon,Conveyance,1.0,10031,LITTLE COTTONWOOD CREEK,Observational,Mag Meter,,A,40.5844636250726,-111.800764348271,Scrape,Yes,https://waterrights.utah.gov/cgi-bin/dvrtview.exe?Modinfo=StationView&STATION_ID=10031,1,DAILY_RECORDS,Mean daily discharge in CFS,Mean daily discharge in CFS,1.0,CFS,11,2015.0,2025.0
MWDSLS,,10033,MWDSLS SANDY DITCH WEIR,9,LCC Sandy Ditch Weir,Conveyance,1.0,10033,LITTLE COTTONWOOD CREEK,Observational,Mag Meter,FLOWMETER,A,40.5848481567662,-111.800779640153,Scrape,Yes,https://waterrights.utah.gov/cgi-bin/dvrtview.exe?Modinfo=StationView&STATION_ID=10033,1,DAILY_RECORDS,Mean daily discharge in CFS,Mean daily discharge in CFS,1.0,CFS,11,2015.0,2025.0
MWDSLS,,10034,MWDSLS WTP CREEKSIDE DIVERSION,10,LCC LCWTP Creek Intake,Conveyance,1.0,10034,LITTLE COTTONWOOD CREEK,Observational,8 probe 4 path Ultrasonic,,A,40.5839103379498,-111.801582119424,Scrape,Yes,https://waterrights.utah.gov/cgi-bin/dvrtview.exe?Modinfo=StationView&STATION_ID=10034,1,DAILY_RECORDS,Mean daily discharge in CFS,Mean daily discharge in CFS,1.0,CFS,11,2015.0,2025.0
USGS,,10054,USGS @ WOODLAND,10154200,Woodland Gage,Stream,1.0,10054,PROVO RIVER,Observational,Bubbler,DIGITAL,A,40.557778875613,-111.169067811828,Scrape,Yes,https://waterrights.utah.gov/cgi-bin/dvrtview.exe?Modinfo=StationView&STATION_ID=10054,1,DAILY_RECORDS,Mean daily discharge in CFS,Mean daily discharge in CFS,1.0,CFS,12,1974.0,2025.0
,,10055,FOOTE RANCH (WARREN) RETURN TO RIVER,,,Conveyance,,10055,EAST FORK VIRGIN RIVER,Observational,TWO SUPRESSED 4` WEIRs,,I,37.2033902893825,-112.69000350329,Manual,No,https://waterrights.utah.gov/cgi-bin/dvrtview.exe?Modinfo=StationView&STATION_ID=10055,1,DAILY_RECORDS,Mean daily discharge in CFS,Mean daily discharge in CFS,1.0,CFS,3,2015.0,2021.0
,,10062,PLAIN CITY UPPER CLUB TOTAL,,,Conveyance,,10062,WEBER RIVER,Observational,,,A,41.2975260709675,-112.035196515788,Manual,No,https://waterrights.utah.gov/cgi-bin/dvrtview.exe?Modinfo=StationView&STATION_ID=10062,1,DAILY_RECORDS,Mean daily discharge in CFS,Mean daily discharge in CFS,1.0,CFS,10,2015.0,2024.0
SEVIER,,10063,CLOVER FLAT IRR CO - MEADOW DITCH,10250,MEADOW DITCH,Conveyance,1.0,10063,SEVIER RIVER,Observational,,DIGITAL,A,38.1401995759159,-112.014669973489,Scrape,Yes,https://waterrights.utah.gov/cgi-bin/dvrtview.exe?Modinfo=StationView&STATION_ID=10063,1,DAILY_RECORDS,Mean daily discharge in CFS,Mean daily discharge in CFS,1.0,CFS,11,2014.0,2024.0
SEVIER,,10064,CLOVER FLAT IRR CO - CLOVER FLAT DITCH,10237,CLOVER FLAT,Conveyance,1.0,10064,SEVIER RIVER,Observational,,DIGITAL,A,38.1315201192019,-112.000752928964,Scrape,Yes,https://waterrights.utah.gov/cgi-bin/dvrtview.exe?Modinfo=StationView&STATION_ID=10064,1,DAILY_RECORDS,Mean daily discharge in CFS,Mean daily discharge in CFS,1.0,CFS,11,2014.0,2024.0
MWDSLS,,10066,06.01.10 UTAH LAKE DISTRIBUTING CANAL (59-13) NORTH BRANCH CFS,18,ULDC North Branch from Jordan River (18 is column S),Conveyance,1.0,10066,UTAH LAKE/JORDAN RIVER,Observational,,,A,40.4409830908643,-111.921012584133,Scrape,Yes,https://waterrights.utah.gov/cgi-bin/dvrtview.exe?Modinfo=StationView&STATION_ID=10066,1,DAILY_RECORDS,Mean daily discharge in CFS,Mean daily discharge in CFS,1.0,CFS,10,2016.0,2025.0
MWDSLS,,10067,06.01.20 UTAH LAKE DISTRIBUTING CANAL (59-13) SOUTH BRANCH CFS,19,ULDC South Branch from Jordan River  (19 is column T),Conveyance,1.0,10067,UTAH LAKE/JORDAN RIVER,Observational,,DIGITAL,A,40.440805309914,-111.920515912041,Scrape,Yes,https://waterrights.utah.gov/cgi-bin/dvrtview.exe?Modinfo=StationView&STATION_ID=10067,1,DAILY_RECORDS,Mean daily discharge in CFS,Mean daily discharge in CFS,1.0,CFS,7,2016.0,2025.0
MWDSLS,,10068,UTAH LAKE DISTRIBUTING CANAL SOUTH BRANCH FROM PR AQUEDUCT,16,PRA to ULDC South Branch (Column Q is 16),Conveyance,1.0,10068,PROVO RIVER,Observational,flume,,A,40.4408059705925,-111.920515531948,Scrape,Yes,https://waterrights.utah.gov/cgi-bin/dvrtview.exe?Modinfo=StationView&STATION_ID=10068,1,DAILY_RECORDS,Mean daily discharge in CFS,Mean daily discharge in CFS,1.0,CFS,10,2016.0,2025.0
MWDSLS,,10069,UTAH LAKE DISTRIBUTING CANAL NORTH BRANCH FROM PR AQUEDUCT,15,PRA to ULDC North Branch matches column P,Conveyance,1.0,10069,PROVO RIVER,Observational,,,A,40.4409810204902,-111.92101802694,Scrape,Yes,https://waterrights.utah.gov/cgi-bin/dvrtview.exe?Modinfo=StationView&STATION_ID=10069,1,DAILY_RECORDS,Mean daily discharge in CFS,Mean daily discharge in CFS,1.0,CFS,9,2016.0,2025.0
,,10087,09.03 RIVERTON CITY 126TH SOUTH PUMP,,,Conveyance,,10087,UTAH LAKE/JORDAN RIVER,Observational,Totalizer Meter,,A,40.5276811688682,-111.919431940758,Manual,No,https://waterrights.utah.gov/cgi-bin/dvrtview.exe?Modinfo=StationView&STATION_ID=10087,1,DAILY_RECORDS,Mean daily discharge in CFS,Mean daily discharge in CFS,1.0,CFS,10,2016.0,2024.0
USGS,,10112,"USGS WEBER RIVER AT I-84 AT UINTAH, UT",10136600,,Stream,1.0,10112,WEBER RIVER,Observational,,,A,41.1370461192788,-111.919273348565,Scrape,Yes,https://waterrights.utah.gov/cgi-bin/dvrtview.exe?Modinfo=StationView&STATION_ID=10112,1,DAILY_RECORDS,Mean daily discharge in CFS,Mean daily discharge in CFS,1.0,CFS,10,2016.0,2025.0
USGS,,10113,"USGS WEBER RIVER NEAR PEOA, UTAH",10129300,Weber River at Peoa above Rockport,Stream,1.0,10113,WEBER RIVER,Observational,,,A,40.7510753548872,-111.370118473431,Scrape,Yes,https://waterrights.utah.gov/cgi-bin/dvrtview.exe?Modinfo=StationView&STATION_ID=10113,1,DAILY_RECORDS,Mean daily discharge in CFS,Mean daily discharge in CFS,1.0,CFS,10,2016.0,2025.0
USGS,,10115,USGS WEBER RIVER AT OGDEN UTAH (ABOVE OGDEN RIVER),10137000,"USGS 10137000 WEBER RIVER AT OGDEN, UTAH (above Ogden River)",Stream,1.0,10115,WEBER RIVER,Observational,USGS STREAMGAGE INSTALLED 2016,,A,41.2270977225315,-111.987194479747,Scrape,Yes,https://waterrights.utah.gov/cgi-bin/dvrtview.exe?Modinfo=StationView&STATION_ID=10115,1,DAILY_RECORDS,Mean daily discharge in CFS,Mean daily discharge in CFS,1.0,CFS,10,2016.0,2025.0
,,10117,BEAVER CREEK WEST BEAVER BULLOCK (TOTAL),,,Conveyance,,10117,HENRYS FORK,Observational,,,A,40.9661363475793,-110.203194541975,Direct,Yes,https://waterrights.utah.gov/cgi-bin/dvrtview.exe?Modinfo=StationView&STATION_ID=10117,1,DAILY_RECORDS,Mean daily discharge in CFS,Mean daily discharge in CFS,1.0,CFS,14,1989.0,2022.0
,,10118,BEAVER CREEK WEST BEAVER NEW HICKEY (TOTAL),,,Conveyance,,10118,HENRYS FORK,Observational,2` Parshall Flume,,A,40.9656275985686,-110.188930031221,Direct,Yes,https://waterrights.utah.gov/cgi-bin/dvrtview.exe?Modinfo=StationView&STATION_ID=10118,1,DAILY_RECORDS,Mean daily discharge in CFS,Mean daily discharge in CFS,1.0,CFS,8,1992.0,2022.0
USGS,,10119,CLEAR CREEK ABOVE DIVERSIONS,10194200,CLEAR CREEK ABOVE THE DIVERSIONS,Stream,1.0,10119,SEVIER RIVER,Observational,USGS,DIGITAL,A,38.5793724806052,-112.288542170611,Scrape,Yes,https://waterrights.utah.gov/cgi-bin/dvrtview.exe?Modinfo=StationView&STATION_ID=10119,1,DAILY_RECORDS,Mean daily discharge in CFS,Mean daily discharge in CFS,1.0,CFS,16,1934.0,2025.0
USGS,,10120,USGS PROVO RIVER AT PROVO,10163000,,Stream,1.0,10120,PROVO RIVER,Observational,,,A,40.2391294293322,-111.711366769315,Scrape,Yes,https://waterrights.utah.gov/cgi-bin/dvrtview.exe?Modinfo=StationView&STATION_ID=10120,1,DAILY_RECORDS,Mean daily discharge in CFS,Mean daily discharge in CFS,1.0,CFS,12,2014.0,2025.0
WEBER,,10123,HARDSCRABBLE CREEK TOTAL,HARDSCRABBLE,HARDSCRABBLE CREEK TOTAL,Stream,1.0,10123,WEBER RIVER,Observational,rated section and gaging station,,A,40.9549072530262,-111.712342932403,Direct,Yes,https://waterrights.utah.gov/cgi-bin/dvrtview.exe?Modinfo=StationView&STATION_ID=10123,1,DAILY_RECORDS,Mean daily discharge in CFS,Mean daily discharge in CFS,1.0,CFS,9,2017.0,2025.0
,,10126,HELPER CITY  (DAILY UP&L #1 WELL),,,Well,,10126,PRICE RIVER,Observational,Meter,,A,39.853468080582,-111.022538072255,Manual,No,https://waterrights.utah.gov/cgi-bin/dvrtview.exe?Modinfo=StationView&STATION_ID=10126,1,DAILY_RECORDS,Mean daily discharge in CFS,Mean daily discharge in CFS,1.0,CFS,10,2014.0,2023.0
,,10137,NEVILLE DITCH,,,Conveyance,,10137,UPPER BEAR-WOODRUFF CREEK,Observational,,,A,,,Manual,No,https://waterrights.utah.gov/cgi-bin/dvrtview.exe?Modinfo=StationView&STATION_ID=10137,1,DAILY_RECORDS,Mean daily discharge in CFS,Mean daily discharge in CFS,1.0,CFS,6,2017.0,2022.0
IDAHO,,10139,(01) WKUNZ,10047305,WKUNZ,Conveyance,,10139,LBR - IDAHO,Observational,,,A,,,Scrape,Yes,https://waterrights.utah.gov/cgi-bin/dvrtview.exe?Modinfo=StationView&STATION_ID=10139,1,DAILY_RECORDS,Mean daily discharge in CFS,Mean daily discharge in CFS,1.0,CFS,26,2000.0,2025.0
IDAHO,,10140,(02) HCASTLE,10067705,HCASTLE,Conveyance,,10140,LBR - IDAHO,Observational,,,A,,,Scrape,Yes,https://waterrights.utah.gov/cgi-bin/dvrtview.exe?Modinfo=StationView&STATION_ID=10140,1,DAILY_RECORDS,Mean daily discharge in CFS,Mean daily discharge in CFS,1.0,CFS,26,2000.0,2025.0
IDAHO,,10141,(03) STEVENS,10067725,STEVENS,Conveyance,,10141,LBR - IDAHO,Observational,,,A,,,Scrape,Yes,https://waterrights.utah.gov/cgi-bin/dvrtview.exe?Modinfo=StationView&STATION_ID=10141,1,DAILY_RECORDS,Mean daily discharge in CFS,Mean daily discharge in CFS,1.0,CFS,26,2000.0,2025.0
IDAHO,,10142,(04) CKUNZ,10067831,CKUNZ,Conveyance,,10142,LBR - IDAHO,Observational,,,A,,,Scrape,Yes,https://waterrights.utah.gov/cgi-bin/dvrtview.exe?Modinfo=StationView&STATION_ID=10142,1,DAILY_RECORDS,Mean daily discharge in CFS,Mean daily discharge in CFS,1.0,CFS,26,2000.0,2025.0
IDAHO,,10143,(05) SRKUNZ,10067834,SRKUNZ,Conveyance,,10143,LBR - IDAHO,Observational,,,A,,,Scrape,Yes,https://waterrights.utah.gov/cgi-bin/dvrtview.exe?Modinfo=StationView&STATION_ID=10143,1,DAILY_RECORDS,Mean daily discharge in CFS,Mean daily discharge in CFS,1.0,CFS,26,2000.0,2025.0
IDAHO,,10144,(06) DKUNZ,10067855,DKUNZ,Conveyance,,10144,LBR - IDAHO,Observational,,,A,,,Scrape,Yes,https://waterrights.utah.gov/cgi-bin/dvrtview.exe?Modinfo=StationView&STATION_ID=10144,1,DAILY_RECORDS,Mean daily discharge in CFS,Mean daily discharge in CFS,1.0,CFS,26,2000.0,2025.0
IDAHO,,10145,(07) PKUNZ1,10067870,PKUNZ1,Conveyance,,10145,LBR - IDAHO,Observational,,,A,,,Scrape,Yes,https://waterrights.utah.gov/cgi-bin/dvrtview.exe?Modinfo=StationView&STATION_ID=10145,1,DAILY_RECORDS,Mean daily discharge in CFS,Mean daily discharge in CFS,1.0,CFS,26,2000.0,2025.0
IDAHO,,10146,(08) PKUNZ2,10067874,PKUNZ2,Conveyance,,10146,LBR - IDAHO,Observational,,,A,,,Scrape,Yes,https://waterrights.utah.gov/cgi-bin/dvrtview.exe?Modinfo=StationView&STATION_ID=10146,1,DAILY_RECORDS,Mean daily discharge in CFS,Mean daily discharge in CFS,1.0,CFS,26,2000.0,2025.0
IDAHO,,10147,(09) ID01,10068205,ID01,Conveyance,,10147,LBR - IDAHO,Observational,,,A,,,Scrape,Yes,https://waterrights.utah.gov/cgi-bin/dvrtview.exe?Modinfo=StationView&STATION_ID=10147,1,DAILY_RECORDS,Mean daily discharge in CFS,Mean daily discharge in CFS,1.0,CFS,26,2000.0,2025.0
IDAHO,,10148,(10) PHELPS,10068210,PHELPS,Conveyance,,10148,LBR - IDAHO,Observational,,,A,,,Scrape,Yes,https://waterrights.utah.gov/cgi-bin/dvrtview.exe?Modinfo=StationView&STATION_ID=10148,1,DAILY_RECORDS,Mean daily discharge in CFS,Mean daily discharge in CFS,1.0,CFS,26,2000.0,2025.0
IDAHO,,10149,(11) BUDGE,10072550,BUDGE,Conveyance,,10149,LBR - IDAHO,Observational,,,A,,,Scrape,Yes,https://waterrights.utah.gov/cgi-bin/dvrtview.exe?Modinfo=StationView&STATION_ID=10149,1,DAILY_RECORDS,Mean daily discharge in CFS,Mean daily discharge in CFS,1.0,CFS,26,2000.0,2025.0
IDAHO,,10150,(12) SGOLF,10078905,SGOLF,Conveyance,,10150,LBR - IDAHO,Observational,,,A,,,Scrape,Yes,https://waterrights.utah.gov/cgi-bin/dvrtview.exe?Modinfo=StationView&STATION_ID=10150,1,DAILY_RECORDS,Mean daily discharge in CFS,Mean daily discharge in CFS,1.0,CFS,26,2000.0,2025.0
IDAHO,,10151,(13) LCHANCE,10079600,LCHANCE,Conveyance,,10151,LBR - IDAHO,Observational,,,A,,,Scrape,Yes,https://waterrights.utah.gov/cgi-bin/dvrtview.exe?Modinfo=StationView&STATION_ID=10151,1,DAILY_RECORDS,Mean daily discharge in CFS,Mean daily discharge in CFS,1.0,CFS,26,2000.0,2025.0
IDAHO,,10152,(14) BENCHB,10079800,BENCHB,Conveyance,,10152,LBR - IDAHO,Observational,,,A,,,Scrape,Yes,https://waterrights.utah.gov/cgi-bin/dvrtview.exe?Modinfo=StationView&STATION_ID=10152,1,DAILY_RECORDS,Mean daily discharge in CFS,Mean daily discharge in CFS,1.0,CFS,26,2000.0,2025.0
IDAHO,,10153,(15) GVALLEY,10080105,GVALLEY,Conveyance,,10153,LBR - IDAHO,Observational,,,A,,,Scrape,Yes,https://waterrights.utah.gov/cgi-bin/dvrtview.exe?Modinfo=StationView&STATION_ID=10153,1,DAILY_RECORDS,Mean daily discharge in CFS,Mean daily discharge in CFS,1.0,CFS,26,2000.0,2025.0
IDAHO,,10154,(16) HOGAN,10080355,HOGAN,Conveyance,,10154,LBR - IDAHO,Observational,,,A,,,Scrape,Yes,https://waterrights.utah.gov/cgi-bin/dvrtview.exe?Modinfo=StationView&STATION_ID=10154,1,DAILY_RECORDS,Mean daily discharge in CFS,Mean daily discharge in CFS,1.0,CFS,26,2000.0,2025.0
IDAHO,,10155,(17) WANLASS,10080385,WANLASS,Conveyance,,10155,LBR - IDAHO,Observational,,,A,,,Scrape,Yes,https://waterrights.utah.gov/cgi-bin/dvrtview.exe?Modinfo=StationView&STATION_ID=10155,1,DAILY_RECORDS,Mean daily discharge in CFS,Mean daily discharge in CFS,1.0,CFS,26,2000.0,2025.0
IDAHO,,10156,(18) COOMBS,10081650,COOMBS,Conveyance,,10156,LBR - IDAHO,Observational,,,A,,,Scrape,Yes,https://waterrights.utah.gov/cgi-bin/dvrtview.exe?Modinfo=StationView&STATION_ID=10156,1,DAILY_RECORDS,Mean daily discharge in CFS,Mean daily discharge in CFS,1.0,CFS,26,2000.0,2025.0
IDAHO,,10157,(19) LWHITE,10082550,LWHITE,Conveyance,,10157,LBR - IDAHO,Observational,,,A,,,Scrape,Yes,https://waterrights.utah.gov/cgi-bin/dvrtview.exe?Modinfo=StationView&STATION_ID=10157,1,DAILY_RECORDS,Mean daily discharge in CFS,Mean daily discharge in CFS,1.0,CFS,26,2000.0,2025.0
IDAHO,,10158,(20) RPANTER,10083505,RPANTER,Conveyance,,10158,LBR - IDAHO,Observational,,,A,,,Scrape,Yes,https://waterrights.utah.gov/cgi-bin/dvrtview.exe?Modinfo=StationView&STATION_ID=10158,1,DAILY_RECORDS,Mean daily discharge in CFS,Mean daily discharge in CFS,1.0,CFS,26,2000.0,2025.0
IDAHO,,10159,(21) SMBOSEN,10086950,SMBOSEN,Conveyance,,10159,LBR - IDAHO,Observational,,,A,,,Scrape,Yes,https://waterrights.utah.gov/cgi-bin/dvrtview.exe?Modinfo=StationView&STATION_ID=10159,1,DAILY_RECORDS,Mean daily discharge in CFS,Mean daily discharge in CFS,1.0,CFS,26,2000.0,2025.0
IDAHO,,10160,(22) TLPUMPS,10086975,TLPUMPS,Conveyance,,10160,LBR - IDAHO,Observational,,,A,,,Scrape,Yes,https://waterrights.utah.gov/cgi-bin/dvrtview.exe?Modinfo=StationView&STATION_ID=10160,1,DAILY_RECORDS,Mean daily discharge in CFS,Mean daily discharge in CFS,1.0,CFS,26,2000.0,2025.0
IDAHO,,10161,(23) WSMITH,10089820,WSMITH,Conveyance,,10161,LBR - IDAHO,Observational,,,A,,,Scrape,Yes,https://waterrights.utah.gov/cgi-bin/dvrtview.exe?Modinfo=StationView&STATION_ID=10161,1,DAILY_RECORDS,Mean daily discharge in CFS,Mean daily discharge in CFS,1.0,CFS,26,2000.0,2025.0
IDAHO,,10162,(24) NELSON,10089850,NELSON,Conveyance,,10162,LBR - IDAHO,Observational,,,A,,,Scrape,Yes,https://waterrights.utah.gov/cgi-bin/dvrtview.exe?Modinfo=StationView&STATION_ID=10162,1,DAILY_RECORDS,Mean daily discharge in CFS,Mean daily discharge in CFS,1.0,CFS,26,2000.0,2025.0
IDAHO,,10163,(25) UPRDALE,10089880,UPRDALE,Conveyance,,10163,LBR - IDAHO,Observational,,,A,,,Scrape,Yes,https://waterrights.utah.gov/cgi-bin/dvrtview.exe?Modinfo=StationView&STATION_ID=10163,1,DAILY_RECORDS,Mean daily discharge in CFS,Mean daily discharge in CFS,1.0,CFS,26,2000.0,2025.0
IDAHO,,10164,(26) RDALE,10089950,RDALE,Conveyance,,10164,LBR - IDAHO,Observational,,,A,,,Scrape,Yes,https://waterrights.utah.gov/cgi-bin/dvrtview.exe?Modinfo=StationView&STATION_ID=10164,1,DAILY_RECORDS,Mean daily discharge in CFS,Mean daily discharge in CFS,1.0,CFS,26,2000.0,2025.0
IDAHO,,10165,(27) HIGLEY,10089955,HIGLEY,Conveyance,,10165,LBR - IDAHO,Observational,,,A,,,Scrape,Yes,https://waterrights.utah.gov/cgi-bin/dvrtview.exe?Modinfo=StationView&STATION_ID=10165,1,DAILY_RECORDS,Mean daily discharge in CFS,Mean daily discharge in CFS,1.0,CFS,26,2000.0,2025.0
IDAHO,,10166,(28) RDALEPR,10089960,RDALEPR,Conveyance,,10166,LBR - IDAHO,Observational,,,A,,,Scrape,Yes,https://waterrights.utah.gov/cgi-bin/dvrtview.exe?Modinfo=StationView&STATION_ID=10166,1,DAILY_RECORDS,Mean daily discharge in CFS,Mean daily discharge in CFS,1.0,CFS,26,2000.0,2025.0
IDAHO,,10167,(29) HNDRSON,10089970,HNDRSON,Conveyance,,10167,LBR - IDAHO,Observational,,,A,,,Scrape,Yes,https://waterrights.utah.gov/cgi-bin/dvrtview.exe?Modinfo=StationView&STATION_ID=10167,1,DAILY_RECORDS,Mean daily discharge in CFS,Mean daily discharge in CFS,1.0,CFS,26,2000.0,2025.0
IDAHO,,10168,(30) WCCANAL,10090250,WCCANAL,Conveyance,,10168,LBR - IDAHO,Observational,,,A,,,Scrape,Yes,https://waterrights.utah.gov/cgi-bin/dvrtview.exe?Modinfo=StationView&STATION_ID=10168,1,DAILY_RECORDS,Mean daily discharge in CFS,Mean daily discharge in CFS,1.0,CFS,26,2000.0,2025.0
IDAHO,,10169,(31) JOHNSON,10091110,JOHNSON,Conveyance,,10169,LBR - IDAHO,Observational,,,A,,,Scrape,Yes,https://waterrights.utah.gov/cgi-bin/dvrtview.exe?Modinfo=StationView&STATION_ID=10169,1,DAILY_RECORDS,Mean daily discharge in CFS,Mean daily discharge in CFS,1.0,CFS,26,2000.0,2025.0
IDAHO,,10170,(32) HODGES,10091120,HODGES,Conveyance,,10170,LBR - IDAHO,Observational,,,A,,,Scrape,Yes,https://waterrights.utah.gov/cgi-bin/dvrtview.exe?Modinfo=StationView&STATION_ID=10170,1,DAILY_RECORDS,Mean daily discharge in CFS,Mean daily discharge in CFS,1.0,CFS,26,2000.0,2025.0
IDAHO,,10171,(33) FJENSEN,10091455,FJENSEN,Conveyance,,10171,LBR - IDAHO,Observational,,,A,,,Scrape,Yes,https://waterrights.utah.gov/cgi-bin/dvrtview.exe?Modinfo=StationView&STATION_ID=10171,1,DAILY_RECORDS,Mean daily discharge in CFS,Mean daily discharge in CFS,1.0,CFS,26,2000.0,2025.0
IDAHO,,10172,(34) BOBKA,10091460,BOBKA,Conveyance,,10172,LBR - IDAHO,Observational,,,A,,,Scrape,Yes,https://waterrights.utah.gov/cgi-bin/dvrtview.exe?Modinfo=StationView&STATION_ID=10172,1,DAILY_RECORDS,Mean daily discharge in CFS,Mean daily discharge in CFS,1.0,CFS,26,2000.0,2025.0
IDAHO,,10173,(35) BASTION,10091495,BASTION,Conveyance,,10173,LBR - IDAHO,Observational,,,A,,,Scrape,Yes,https://waterrights.utah.gov/cgi-bin/dvrtview.exe?Modinfo=StationView&STATION_ID=10173,1,DAILY_RECORDS,Mean daily discharge in CFS,Mean daily discharge in CFS,1.0,CFS,26,2000.0,2025.0
IDAHO,,10174,(36) INGLAMT,10091503,INGLAMT,Conveyance,,10174,LBR - IDAHO,Observational,,,A,,,Scrape,Yes,https://waterrights.utah.gov/cgi-bin/dvrtview.exe?Modinfo=StationView&STATION_ID=10174,1,DAILY_RECORDS,Mean daily discharge in CFS,Mean daily discharge in CFS,1.0,CFS,26,2000.0,2025.0
IDAHO,,10175,(37) AINGLET,10091563,AINGLET,Conveyance,,10175,LBR - IDAHO,Observational,,,A,,,Scrape,Yes,https://waterrights.utah.gov/cgi-bin/dvrtview.exe?Modinfo=StationView&STATION_ID=10175,1,DAILY_RECORDS,Mean daily discharge in CFS,Mean daily discharge in CFS,1.0,CFS,26,2000.0,2025.0
IDAHO,,10176,(38) CRPUMP,10092650,CRPUMP,Conveyance,,10176,LBR - IDAHO,Observational,,,A,,,Scrape,Yes,https://waterrights.utah.gov/cgi-bin/dvrtview.exe?Modinfo=StationView&STATION_ID=10176,1,DAILY_RECORDS,Mean daily discharge in CFS,Mean daily discharge in CFS,1.0,CFS,26,2000.0,2025.0
IDAHO,,10177,(39) CWHITNY,10092755,CWHITNY,Conveyance,,10177,LBR - IDAHO,Observational,,,A,,,Scrape,Yes,https://waterrights.utah.gov/cgi-bin/dvrtview.exe?Modinfo=StationView&STATION_ID=10177,1,DAILY_RECORDS,Mean daily discharge in CFS,Mean daily discharge in CFS,1.0,CFS,26,2000.0,2025.0
BEAR_UPL,,10180,BRONEIDA,Bear R. Below UP&L at Oneida,BRONEIDA,Stream,1.0,10180,LBR - IDAHO,Observational,,,A,,,Scrape,Yes,https://waterrights.utah.gov/cgi-bin/dvrtview.exe?Modinfo=StationView&STATION_ID=10180,1,DAILY_RECORDS,Mean daily discharge in CFS,Mean daily discharge in CFS,1.0,CFS,26,2000.0,2025.0
USGS,,10181,BRUTIDSL,10092700,UT/ID State Line,Stream,1.0,10181,LBR - IDAHO,Observational,,,A,42.0916556919612,-111.916296815912,Scrape,Yes,https://waterrights.utah.gov/cgi-bin/dvrtview.exe?Modinfo=StationView&STATION_ID=10181,1,DAILY_RECORDS,Mean daily discharge in CFS,Mean daily discharge in CFS,1.0,CFS,26,2000.0,2025.0
,,10182,MOSBY CANAL ON DRY FORK - ASHLEY CREEK IMPORT,,,Conveyance,,10182,DEEP CREEK,Observational,Steel Parshall Flume,,I,40.7075930632029,-109.914075717639,,No,https://waterrights.utah.gov/cgi-bin/dvrtview.exe?Modinfo=StationView&STATION_ID=10182,1,DAILY_RECORDS,Mean daily discharge in CFS,Mean daily discharge in CFS,1.0,CFS,0,,
,,10188,HELPER CITY - ROYAL METER (TOTAL FLOW),,,Conveyance,,10188,PRICE RIVER,Observational,Totalizing Meter,,A,39.7470793736695,-110.882162755575,Manual,No,https://waterrights.utah.gov/cgi-bin/dvrtview.exe?Modinfo=StationView&STATION_ID=10188,1,DAILY_RECORDS,Mean daily discharge in CFS,Mean daily discharge in CFS,1.0,CFS,11,2014.0,2024.0
OGDEN,,10191,SOUTH FORK 5-FT PARSHALL,CHINAHUT,South Fork 5-ft flume above Ogden Valley Canal and Huntsville Irrigation Company split,Conveyance,1.0,10191,OGDEN RIVER,Observational,5-ft concrete/steel Parshall Flume,,A,41.25898950357,-111.69847613351,Scrape,Yes,https://waterrights.utah.gov/cgi-bin/dvrtview.exe?Modinfo=StationView&STATION_ID=10191,1,DAILY_RECORDS,Mean daily discharge in CFS,Mean daily discharge in CFS,1.0,CFS,9,2017.0,2025.0
,,10195,SOUTH FORK BEAVER RIVER,,,Stream,,10195,BEAVER RIVER,Observational,6` CONTRACTED RECTANGULAR WEIR,,A,38.2165509773227,-112.435492050737,Manual,No,https://waterrights.utah.gov/cgi-bin/dvrtview.exe?Modinfo=StationView&STATION_ID=10195,1,DAILY_RECORDS,Mean daily discharge in CFS,Mean daily discharge in CFS,1.0,CFS,5,2017.0,2024.0
,,10197,GRAYHAWK - GLENWILD GOLF CLUB (ANNUAL),,,Conveyance,,10197,WEBER RIVER,Observational,meter and flume,,I,,,Manual,No,https://waterrights.utah.gov/cgi-bin/dvrtview.exe?Modinfo=StationView&STATION_ID=10197,11,ANNUAL_RECORDS,Annual Diversion in ACFT,Annual Diversion in ACFT,1.0,ACFT,0,,
,,10200,SPH21 LP CANYONS GOLF COURSE (ANNUAL),,,Conveyance,,10200,WEBER RIVER,Observational,,,I,,,Manual,No,https://waterrights.utah.gov/cgi-bin/dvrtview.exe?Modinfo=StationView&STATION_ID=10200,11,ANNUAL_RECORDS,Annual Diversion in ACFT,Annual Diversion in ACFT,1.0,ACFT,0,,
SaratogaSpringsSCADA,,10203,01.02.01 SARATOGA SPRINGS PUMP STATION (CFS),sBoosterMarinaProduction,,Conveyance,1.0,10203,UTAH LAKE/JORDAN RIVER,Observational,Meter,,A,40.2908384905778,-111.870483870922,Scrape,Yes,https://waterrights.utah.gov/cgi-bin/dvrtview.exe?Modinfo=StationView&STATION_ID=10203,1,DAILY_RECORDS,Mean daily discharge in CFS,Mean daily discharge in CFS,1.0,CFS,9,2017.0,2025.0
,,10204,HIGH VALLEY WATER COMPANY (ANNUAL),,,Conveyance,,10204,WEBER RIVER,Observational,,,I,,,Manual,No,https://waterrights.utah.gov/cgi-bin/dvrtview.exe?Modinfo=StationView&STATION_ID=10204,11,ANNUAL_RECORDS,Annual Diversion in ACFT,Annual Diversion in ACFT,1.0,ACFT,0,,
BEAR_UPPER,,10206,BURDETTE WESTON NORTH PUMP,15713,Burdette Weston North Pump,Conveyance,1.0,10206,UPPER BEAR,Observational,Strap on Ultrasonic flow meter,DIGITAL,A,41.7598649070362,-111.07853712638,Scrape,Yes,https://waterrights.utah.gov/cgi-bin/dvrtview.exe?Modinfo=StationView&STATION_ID=10206,1,DAILY_RECORDS,Mean daily discharge in CFS,Mean daily discharge in CFS,1.0,CFS,8,2017.0,2025.0
BEAR_UPPER,,10207,BURDETTE WESTON SOUTH PUMP,15714,Burdette Weston South Pump,Conveyance,1.0,10207,UPPER BEAR,Observational,Strap on Ultrasonic flow meter,,A,41.7597337283272,-111.078524106819,Scrape,Yes,https://waterrights.utah.gov/cgi-bin/dvrtview.exe?Modinfo=StationView&STATION_ID=10207,1,DAILY_RECORDS,Mean daily discharge in CFS,Mean daily discharge in CFS,1.0,CFS,8,2017.0,2025.0
WEBER,,10208,THURSTON BRIDGE,THURSTON BRIDGE,East Canyon Creek @ Thurston Bridge,Stream,1.0,10208,WEBER RIVER,Observational,STREAMGAGING REQ`D.  ROCK SILL.,,A,41.0544182983929,-111.714678740175,Direct,Yes,https://waterrights.utah.gov/cgi-bin/dvrtview.exe?Modinfo=StationView&STATION_ID=10208,1,DAILY_RECORDS,Mean daily discharge in CFS,Mean daily discharge in CFS,1.0,CFS,9,2017.0,2025.0
EMERY,,10217,HUNTINGTON CREEK BELOW POWER PLANT,9194,Huntington River Below Power Plant,Stream,1.0,10217,HUNTINGTON CREEK,Observational,,DIGITAL,A,39.3850916754223,-111.088287050283,Scrape,Yes,https://waterrights.utah.gov/cgi-bin/dvrtview.exe?Modinfo=StationView&STATION_ID=10217,1,DAILY_RECORDS,Mean daily discharge in CFS,Mean daily discharge in CFS,1.0,CFS,28,1983.0,2025.0
LITTLE_BEAR,,10287,SOUTH FORK OF LITTLE BEAR RIVER,SOUTH FORK LITTLE BEAR,SOUTH FORK OF LITTLE BEAR RIVER,Stream,1.0,10287,LITTLE BEAR RIVER,Observational,,ONOFF,A,41.5011487920904,-111.816632366585,Direct,Yes,https://waterrights.utah.gov/cgi-bin/dvrtview.exe?Modinfo=StationView&STATION_ID=10287,1,DAILY_RECORDS,Mean daily discharge in CFS,Mean daily discharge in CFS,1.0,CFS,8,2018.0,2025.0
,,10288,OGDEN CITY - PINEVIEW RAW,,,Conveyance,,10288,OGDEN RIVER,Observational,,,A,41.2541903664976,-111.844053258865,Manual,Yes,https://waterrights.utah.gov/cgi-bin/dvrtview.exe?Modinfo=StationView&STATION_ID=10288,1,DAILY_RECORDS,Mean daily discharge in CFS,Mean daily discharge in CFS,1.0,CFS,9,2016.0,2024.0
,,10289,HUNTSVILLE DIVERSION,,,Conveyance,,10289,OGDEN RIVER,Observational,,,A,41.2589302476955,-111.701157412716,Manual,No,https://waterrights.utah.gov/cgi-bin/dvrtview.exe?Modinfo=StationView&STATION_ID=10289,1,DAILY_RECORDS,Mean daily discharge in CFS,Mean daily discharge in CFS,1.0,CFS,9,2016.0,2024.0
EMERY,,10297,CCCIC - SWASEY DIVERSION BYPASS METER,12034,SWASEY DIVERSION BYPASS METER,Conveyance,1.0,10297,COTTONWOOD CREEK,Observational,,,A,39.2568087328231,-111.108350676384,Scrape,Yes,https://waterrights.utah.gov/cgi-bin/dvrtview.exe?Modinfo=StationView&STATION_ID=10297,1,DAILY_RECORDS,Mean daily discharge in CFS,Mean daily discharge in CFS,1.0,CFS,12,1987.0,2025.0
,,10298,NEICO - INDUSTRIAL USE,,,Conveyance,,10298,PRICE RIVER,Observational,,,A,39.5225625697204,-110.686436879337,Manual,No,https://waterrights.utah.gov/cgi-bin/dvrtview.exe?Modinfo=StationView&STATION_ID=10298,1,DAILY_RECORDS,Mean daily discharge in CFS,Mean daily discharge in CFS,1.0,CFS,11,2014.0,2024.0
SNAKE,,10318,LELAND HARRIS WELL,C4,Leland Harris Well,Well,1.0,10318,SNAKE VALLEY,Observational,,DIGITAL,A,39.5585987054931,-113.895669866371,,,https://waterrights.utah.gov/cgi-bin/dvrtview.exe?Modinfo=StationView&STATION_ID=10318,6,DAILY_RECORDS,Daily gage height in FEET,Daily gage height in FEET,1.0,FEET,6,2018.0,2023.0
USGS,,10321,USGS PROVO RIVER NEAR WOODLAND,10154200,Woodland Gage,Stream,1.0,10321,PROVO RIVER,Observational,,,A,40.5577819922146,-111.168883354937,Scrape,Yes,https://waterrights.utah.gov/cgi-bin/dvrtview.exe?Modinfo=StationView&STATION_ID=10321,1,DAILY_RECORDS,Mean daily discharge in CFS,Mean daily discharge in CFS,1.0,CFS,8,2018.0,2025.0
,,10328,BURNT FORK - SPLIT TO EAST AND WEST BRANCHES,,,Stream,,10328,HENRYS FORK,Observational,NONE,,I,40.9870087768306,-110.026743373383,,No,https://waterrights.utah.gov/cgi-bin/dvrtview.exe?Modinfo=StationView&STATION_ID=10328,1,DAILY_RECORDS,Mean daily discharge in CFS,Mean daily discharge in CFS,1.0,CFS,0,,
,,10329,CUWCD STRAWBERRY EX TO UL (HOBBLE CREEK VALVE STATION),,,Conveyance,,10329,SPANISH FORK RIVER,Observational,Meters in valve vault,,I,,,Manual,Yes,https://waterrights.utah.gov/cgi-bin/dvrtview.exe?Modinfo=StationView&STATION_ID=10329,2,DAILY_RECORDS,MEAN daily discharge in CFS,Mean daily discharge in ACFT,1.98347107,CFS,2,2018.0,2019.0
,,10330,CUWCD STRAWBERRY EX TO UL (HOBBLE CREEK MAP-SPR PIPE),,,Conveyance,,10330,SPANISH FORK RIVER,Observational,meter in vault,,I,,,Manual,Yes,https://waterrights.utah.gov/cgi-bin/dvrtview.exe?Modinfo=StationView&STATION_ID=10330,2,DAILY_RECORDS,MEAN daily discharge in CFS,Mean daily discharge in ACFT,1.98347107,CFS,2,2018.0,2019.0
,,10331,CUWCD STRAWBERRY EX TO UL (PROVO RIVER AT 800 N.),,,Conveyance,,10331,SPANISH FORK RIVER,Observational,METER,,I,,,Manual,Yes,https://waterrights.utah.gov/cgi-bin/dvrtview.exe?Modinfo=StationView&STATION_ID=10331,2,DAILY_RECORDS,MEAN daily discharge in CFS,Mean daily discharge in ACFT,1.98347107,CFS,3,2017.0,2019.0
OGDEN,,10332,CO-OP FLUME,CO-OP FARM,South Fork CO-OP FLUME to two users:  CO-OP Farm and Huntsville South Bench,Conveyance,1.0,10332,OGDEN RIVER,Observational,30-INCH FLUME,,A,41.2589212278014,-111.697805698451,Direct,Yes,https://waterrights.utah.gov/cgi-bin/dvrtview.exe?Modinfo=StationView&STATION_ID=10332,1,DAILY_RECORDS,Mean daily discharge in CFS,Mean daily discharge in CFS,1.0,CFS,9,2017.0,2025.0
,,10334,SPRINGVILLE & MAPLETON PIPE - SPRINGVILLE IRR CO,,,Conveyance,,10334,SPANISH FORK RIVER,Observational,,,I,,,,,https://waterrights.utah.gov/cgi-bin/dvrtview.exe?Modinfo=StationView&STATION_ID=10334,2,DAILY_RECORDS,MEAN daily discharge in CFS,Mean daily discharge in ACFT,1.98347107,CFS,1,2017.0,2017.0
,,10335,SPRINGVILLE & MAPLETON PIPE - SPRINGVILLE CITY,,,Conveyance,,10335,SPANISH FORK RIVER,Observational,,,I,,,,,https://waterrights.utah.gov/cgi-bin/dvrtview.exe?Modinfo=StationView&STATION_ID=10335,2,DAILY_RECORDS,MEAN daily discharge in CFS,Mean daily discharge in ACFT,1.98347107,CFS,1,2017.0,2017.0
,,10336,SPRINGVILLE & MAPLETON PIPE - MAPLETON CITY,,,Conveyance,,10336,SPANISH FORK RIVER,Observational,,,I,,,,,https://waterrights.utah.gov/cgi-bin/dvrtview.exe?Modinfo=StationView&STATION_ID=10336,2,DAILY_RECORDS,MEAN daily discharge in CFS,Mean daily discharge in ACFT,1.98347107,CFS,1,2017.0,2017.0
BEAVER CREEK,,10337,BEAVER CREEK NEAR GRIST MILL,Gristmill,,Stream,1.0,10337,WEBER RIVER,Observational,Weir with gaging station,,A,40.6381625037131,-111.262343933684,Direct,Yes,https://waterrights.utah.gov/cgi-bin/dvrtview.exe?Modinfo=StationView&STATION_ID=10337,1,DAILY_RECORDS,Mean daily discharge in CFS,Mean daily discharge in CFS,1.0,CFS,8,2018.0,2025.0
WR_STREAM_GAGES,,10339,EAST CANYON CREEK BELOW JEREMY RANCH GOLF COURSE,0,In order to access the realtime data in DVRTVIEW the divert station must be tied to a capture station. This is a dummy capture station for DVRT stations getting their data from stream gage programs,Stream,1.0,10339,WEBER RIVER,Observational,old USGS site,,I,40.7895399525437,-111.597247531695,Direct,Yes,https://waterrights.utah.gov/cgi-bin/dvrtview.exe?Modinfo=StationView&STATION_ID=10339,1,DAILY_RECORDS,Mean daily discharge in CFS,Mean daily discharge in CFS,1.0,CFS,3,2018.0,2020.0
,,10344,WELLSVILLE EAST FIELD (DAILY CFS),,,Conveyance,,10344,LITTLE BEAR RIVER,Observational,Parshall Flume submerges w/moss,,I,,,Manual,No,https://waterrights.utah.gov/cgi-bin/dvrtview.exe?Modinfo=StationView&STATION_ID=10344,1,DAILY_RECORDS,Mean daily discharge in CFS,Mean daily discharge in CFS,1.0,CFS,2,1961.0,2018.0
,,10346,WELLSVILLE MENDON CANAL (TOTAL CFS),,,Conveyance,,10346,LITTLE BEAR RIVER,Observational,Flume,,I,,,Manual,No,https://waterrights.utah.gov/cgi-bin/dvrtview.exe?Modinfo=StationView&STATION_ID=10346,1,DAILY_RECORDS,Mean daily discharge in CFS,Mean daily discharge in CFS,1.0,CFS,1,2018.0,2018.0
,,10348,PUMP CANAL (CFS TOTAL),,,Conveyance,,10348,LITTLE BEAR RIVER,Observational,,,I,,,Manual,No,https://waterrights.utah.gov/cgi-bin/dvrtview.exe?Modinfo=StationView&STATION_ID=10348,1,DAILY_RECORDS,Mean daily discharge in CFS,Mean daily discharge in CFS,1.0,CFS,1,2018.0,2018.0
,,10350,LITTLE FEEDER TOTAL (DAILY CFS),,,Conveyance,,10350,LITTLE BEAR RIVER,Observational,,,I,,,Manual,No,https://waterrights.utah.gov/cgi-bin/dvrtview.exe?Modinfo=StationView&STATION_ID=10350,1,DAILY_RECORDS,Mean daily discharge in CFS,Mean daily discharge in CFS,1.0,CFS,1,2018.0,2018.0
,,10352,HYRUM CANAL TOTAL FLOW (DAILY CFS),,,Conveyance,,10352,LITTLE BEAR RIVER,Observational,,,I,,,Manual,No,https://waterrights.utah.gov/cgi-bin/dvrtview.exe?Modinfo=StationView&STATION_ID=10352,1,DAILY_RECORDS,Mean daily discharge in CFS,Mean daily discharge in CFS,1.0,CFS,1,2018.0,2018.0
,,10354,HIGHLINE CANAL TOTAL (DAILY CFS),,,Conveyance,,10354,LITTLE BEAR RIVER,Observational,custom rating flume,,I,,,Manual,No,https://waterrights.utah.gov/cgi-bin/dvrtview.exe?Modinfo=StationView&STATION_ID=10354,1,DAILY_RECORDS,Mean daily discharge in CFS,Mean daily discharge in CFS,1.0,CFS,1,2018.0,2018.0
,,10356,PARADISE CANAL TOTAL (DAILY CFS),,,Conveyance,,10356,LITTLE BEAR RIVER,Observational,flume,,I,,,Manual,No,https://waterrights.utah.gov/cgi-bin/dvrtview.exe?Modinfo=StationView&STATION_ID=10356,1,DAILY_RECORDS,Mean daily discharge in CFS,Mean daily discharge in CFS,1.0,CFS,1,2018.0,2018.0
,,10363,LITTLE BEAR RIVER AT PARADISE (EDITED IF NEEDED),,,Stream,,10363,LITTLE BEAR RIVER,Observational,,,I,,,Manual,No,https://waterrights.utah.gov/cgi-bin/dvrtview.exe?Modinfo=StationView&STATION_ID=10363,1,DAILY_RECORDS,Mean daily discharge in CFS,Mean daily discharge in CFS,1.0,CFS,1,2018.0,2018.0
USGS,,10365,USGS UINTA RIVER AT RANDLETT,09301500,UINTA RIVER AT RANDLETT,Stream,1.0,10365,DUCHESNE RIVER,Observational,,DIGITAL,A,40.2333981558785,-109.803918247652,Scrape,Yes,https://waterrights.utah.gov/cgi-bin/dvrtview.exe?Modinfo=StationView&STATION_ID=10365,1,DAILY_RECORDS,Mean daily discharge in CFS,Mean daily discharge in CFS,1.0,CFS,10,2016.0,2025.0
USGS,,10366,USGS DUCHESNE RIVER NEAR RANDLETT,09302000,DUCHESNE RIVER NEAR RANDLETT,Stream,1.0,10366,DUCHESNE RIVER,Observational,,DIGITAL,A,40.2100414614141,-109.781557635845,Scrape,Yes,https://waterrights.utah.gov/cgi-bin/dvrtview.exe?Modinfo=StationView&STATION_ID=10366,1,DAILY_RECORDS,Mean daily discharge in CFS,Mean daily discharge in CFS,1.0,CFS,10,2016.0,2025.0
,,10367,100 WARM SPRINGS DAILY,,,Conveyance,,10367,DUCHESNE RIVER,Observational,,,I,,,,No,https://waterrights.utah.gov/cgi-bin/dvrtview.exe?Modinfo=StationView&STATION_ID=10367,1,DAILY_RECORDS,Mean daily discharge in CFS,Mean daily discharge in CFS,1.0,CFS,0,,
,,10368,140 DEFA DITCH DAILY,,,Conveyance,,10368,DUCHESNE RIVER,Observational,,,I,,,,No,https://waterrights.utah.gov/cgi-bin/dvrtview.exe?Modinfo=StationView&STATION_ID=10368,1,DAILY_RECORDS,Mean daily discharge in CFS,Mean daily discharge in CFS,1.0,CFS,0,,
USGS,,10370,"USGS DUCHESNE RIV ABV UINTA RIV, NR RANDLETT, U",09295100,,Stream,1.0,10370,DUCHESNE RIVER,Observational,,DIGITAL,A,40.206703836954,-109.859913975182,Scrape,Yes,https://waterrights.utah.gov/cgi-bin/dvrtview.exe?Modinfo=StationView&STATION_ID=10370,1,DAILY_RECORDS,Mean daily discharge in CFS,Mean daily discharge in CFS,1.0,CFS,10,2016.0,2025.0
SEVIER,,10371,SEVIER RIVER ABOVE CLEAR CREEK,4052,SEVIER RIVER ABOVE CLEAR CREEK,Stream,1.0,10371,SEVIER RIVER,Observational,,,A,38.5749935617621,-112.258907643865,Scrape,Yes,https://waterrights.utah.gov/cgi-bin/dvrtview.exe?Modinfo=StationView&STATION_ID=10371,1,DAILY_RECORDS,Mean daily discharge in CFS,Mean daily discharge in CFS,1.0,CFS,17,1939.0,2025.0
,,10374,HUNTINGTON PLANT RILDA CANYON PIPELINE,,,Conveyance,,10374,HUNTINGTON CREEK,Observational,,,A,39.4001905365959,-111.161614420567,Manual,No,https://waterrights.utah.gov/cgi-bin/dvrtview.exe?Modinfo=StationView&STATION_ID=10374,1,DAILY_RECORDS,Mean daily discharge in CFS,Mean daily discharge in CFS,1.0,CFS,8,2018.0,2025.0
,,10376,JAMES CANYON WELL,,,Well,,10376,HUNTINGTON CREEK,Observational,Meter,,A,39.6406050756512,-111.226612806975,Manual,No,https://waterrights.utah.gov/cgi-bin/dvrtview.exe?Modinfo=StationView&STATION_ID=10376,1,DAILY_RECORDS,Mean daily discharge in CFS,Mean daily discharge in CFS,1.0,CFS,8,2017.0,2024.0
,,10378,CVSSD CULINARY - HUNTINGTON,,,Conveyance,,10378,HUNTINGTON CREEK,Observational,,,A,39.3601931422947,-111.041223950977,Manual,No,https://waterrights.utah.gov/cgi-bin/dvrtview.exe?Modinfo=StationView&STATION_ID=10378,1,DAILY_RECORDS,Mean daily discharge in CFS,Mean daily discharge in CFS,1.0,CFS,7,2018.0,2024.0
,,10379,CVSSD CULINARY - CLEVELAND/ELMO,,,Conveyance,,10379,HUNTINGTON CREEK,Observational,Inline meter,,A,39.3602034819268,-111.04123739857,Manual,No,https://waterrights.utah.gov/cgi-bin/dvrtview.exe?Modinfo=StationView&STATION_ID=10379,1,DAILY_RECORDS,Mean daily discharge in CFS,Mean daily discharge in CFS,1.0,CFS,7,2018.0,2024.0
,,10383,HCIC HUNTINGTON CLEVELAND- MUNICIPAL CFS (NORTH EMERY WATER USERS ASSOCIATION),,,Conveyance,,10383,HUNTINGTON CREEK,Observational,Ultrasonic,,A,39.3897511896586,-111.093108591547,Manual,Yes,https://waterrights.utah.gov/cgi-bin/dvrtview.exe?Modinfo=StationView&STATION_ID=10383,1,DAILY_RECORDS,Mean daily discharge in CFS,Mean daily discharge in CFS,1.0,CFS,8,2018.0,2025.0
,,10384,CRANDALL CANYON MINE,,,Conveyance,,10384,HUNTINGTON CREEK,Observational,,,I,,,Manual,No,https://waterrights.utah.gov/cgi-bin/dvrtview.exe?Modinfo=StationView&STATION_ID=10384,1,DAILY_RECORDS,Mean daily discharge in CFS,Mean daily discharge in CFS,1.0,CFS,7,2018.0,2024.0
,,10385,CASTLE VALLEY MINING - USAGE,,,Conveyance,,10385,HUNTINGTON CREEK,Observational,,,A,39.4050892415303,-111.097206996395,Manual,No,https://waterrights.utah.gov/cgi-bin/dvrtview.exe?Modinfo=StationView&STATION_ID=10385,1,DAILY_RECORDS,Mean daily discharge in CFS,Mean daily discharge in CFS,1.0,CFS,7,2018.0,2024.0
,,10386,CASTLE VALLEY MINING - DISCHARGE,,,Conveyance,,10386,HUNTINGTON CREEK,Observational,Inline meter,,A,39.413215807102,-111.083511790164,Manual,No,https://waterrights.utah.gov/cgi-bin/dvrtview.exe?Modinfo=StationView&STATION_ID=10386,1,DAILY_RECORDS,Mean daily discharge in CFS,Mean daily discharge in CFS,1.0,CFS,7,2018.0,2024.0
SLCO,,10387,ROSE CREEK AT JORDAN RIVER,117,Rose Creek @ Jordan River,Stream,1.0,10387,SLCO FLOOD CONTROL,Observational,Stage Height Sensor; Rated Section,DIGITAL,A,40.4941692764678,-111.933349795498,Scrape,Yes,https://waterrights.utah.gov/cgi-bin/dvrtview.exe?Modinfo=StationView&STATION_ID=10387,1,DAILY_RECORDS,Mean daily discharge in CFS,Mean daily discharge in CFS,1.0,CFS,6,2018.0,2024.0
SLCO,,10388,MIDAS CREEK AT JORDAN RIVER,62,Midas Creek @ Jordan River,Stream,1.0,10388,SLCO FLOOD CONTROL,Observational,Stage Height Sensor; Rated Section,DIGITAL,A,40.5484895203913,-111.918601016251,Scrape,Yes,https://waterrights.utah.gov/cgi-bin/dvrtview.exe?Modinfo=StationView&STATION_ID=10388,1,DAILY_RECORDS,Mean daily discharge in CFS,Mean daily discharge in CFS,1.0,CFS,7,2017.0,2024.0
SLCO,,10389,BINGHAM CREEK AT JORDAN RIVER,71,Bingham Creek @ Jordan River,Stream,1.0,10389,SLCO FLOOD CONTROL,Observational,Stage Height Sensor; Rated Section,DIGITAL,A,40.6048141456923,-111.924618506722,Scrape,Yes,https://waterrights.utah.gov/cgi-bin/dvrtview.exe?Modinfo=StationView&STATION_ID=10389,1,DAILY_RECORDS,Mean daily discharge in CFS,Mean daily discharge in CFS,1.0,CFS,7,2017.0,2024.0
SLCO,,10390,SLCO LITTLE COTTONWOOD CREEK AT 300 WEST,80,Little Cottonwood Creek @ 300 West,Stream,1.0,10390,LITTLE COTTONWOOD CREEK,Observational,Stage Height Sensor; Rated Section,DIGITAL,A,40.6642363634326,-111.898800046338,Scrape,Yes,https://waterrights.utah.gov/cgi-bin/dvrtview.exe?Modinfo=StationView&STATION_ID=10390,1,DAILY_RECORDS,Mean daily discharge in CFS,Mean daily discharge in CFS,1.0,CFS,7,2017.0,2024.0
SLCO,,10393,CITY CREEK AT MEMORY GROVE,91,City Creek @ Memory Grove,Stream,1.0,10393,SLCO FLOOD CONTROL,Observational,Stage Height Sensor; Rated Section,DIGITAL,A,40.78405774234,-111.883010995985,Scrape,Yes,https://waterrights.utah.gov/cgi-bin/dvrtview.exe?Modinfo=StationView&STATION_ID=10393,1,DAILY_RECORDS,Mean daily discharge in CFS,Mean daily discharge in CFS,1.0,CFS,7,2017.0,2024.0
SLCO,,10394,BIG COTTONWOOD CREEK AT COTTONWOOD LANE,73,Big Cottonwood Creek @ Cottonwood Lane,Stream,1.0,10394,SLCO FLOOD CONTROL,Observational,Stage Height Sensor; Rated Section,DIGITAL,A,40.6561753164183,-111.824083990798,Scrape,Yes,https://waterrights.utah.gov/cgi-bin/dvrtview.exe?Modinfo=StationView&STATION_ID=10394,1,DAILY_RECORDS,Mean daily discharge in CFS,Mean daily discharge in CFS,1.0,CFS,7,2017.0,2024.0
SLCO,,10395,BIG COTTONWOOD CREEK AT CREEKSIDE PARK,79,Big Cottonwood Creek @ Creekside Park,Stream,1.0,10395,SLCO FLOOD CONTROL,Observational,Stage Height Sensor; Rated Section,DIGITAL,A,40.6656772449241,-111.849913717784,Scrape,Yes,https://waterrights.utah.gov/cgi-bin/dvrtview.exe?Modinfo=StationView&STATION_ID=10395,1,DAILY_RECORDS,Mean daily discharge in CFS,Mean daily discharge in CFS,1.0,CFS,7,2017.0,2024.0
SLCO,,10398,SLCO LITTLE COTTONWOOD CREEK AT TANNERS FLAT,111,Little Cottonwood Creek @ Tanners Flat,Stream,1.0,10398,LITTLE COTTONWOOD CREEK,Observational,Stage Height Sensor; Rated Section,DIGITAL,A,40.569950170733,-111.700659135827,Scrape,Yes,https://waterrights.utah.gov/cgi-bin/dvrtview.exe?Modinfo=StationView&STATION_ID=10398,1,DAILY_RECORDS,Mean daily discharge in CFS,Mean daily discharge in CFS,1.0,CFS,3,2022.0,2024.0
SLCO,,10400,SLCO LITTLE COTTONWOOD CREEK AT CRESTWOOD PARK,68,Little Cottonwood Creek@Crestwood Park,Stream,1.0,10400,LITTLE COTTONWOOD CREEK,Observational,Stage Height Sensor; Rated Section,DIGITAL,A,40.6144372821852,-111.842837050119,Scrape,Yes,https://waterrights.utah.gov/cgi-bin/dvrtview.exe?Modinfo=StationView&STATION_ID=10400,1,DAILY_RECORDS,Mean daily discharge in CFS,Mean daily discharge in CFS,1.0,CFS,7,2017.0,2024.0
USGS,,10401,"MILL CREEK BLW PACK CREEK NR MOUTH AT MOAB, UT (USGS)",09185100,"MILL CREEK BLW PACK CREEK NR MOUTH AT MOAB, UT",Stream,1.0,10401,MILL CREEK (MOAB),Observational,,STAGE,A,38.5733345216607,-109.566970807079,Scrape,Yes,https://waterrights.utah.gov/cgi-bin/dvrtview.exe?Modinfo=StationView&STATION_ID=10401,1,DAILY_RECORDS,Mean daily discharge in CFS,Mean daily discharge in CFS,1.0,CFS,8,2018.0,2025.0
JORDAN,,10415,06.02.03 U&SL CANAL AT 9200 WEST,06.02.03 U&SL CANAL AT 9200 WEST,U&SL canal @ 9200 West (Kennecott Gauge),Conveyance,1.0,10415,UTAH LAKE/JORDAN RIVER,Observational,D & V sensor in trapezoidal section,,A,40.6996016908572,-112.109500592118,Direct,Yes,https://waterrights.utah.gov/cgi-bin/dvrtview.exe?Modinfo=StationView&STATION_ID=10415,1,DAILY_RECORDS,Mean daily discharge in CFS,Mean daily discharge in CFS,1.0,CFS,6,2019.0,2025.0
PROVO,,10417,BENCH CREEK IRR CO. BENCH CREEK DIVERSION,Bench Creek Flume,,Conveyance,1.0,10417,PROVO RIVER,Observational,RAMP FLUME,,A,40.5527649311382,-111.186277996234,Direct,Yes,https://waterrights.utah.gov/cgi-bin/dvrtview.exe?Modinfo=StationView&STATION_ID=10417,1,DAILY_RECORDS,Mean daily discharge in CFS,Mean daily discharge in CFS,1.0,CFS,7,2019.0,2025.0
LITTLEBEAR,,10424,PARADISE CITY THROUGH THE HIGHLINE CANAL,IF,PARADISE CITY THROUGH THE HIGHLINE CANAL,Conveyance,1.0,10424,LITTLE BEAR RIVER,Observational,Ultrasonic flow meter,FLOWMETER,A,41.5685100129995,-111.824084608743,Direct,Yes,https://waterrights.utah.gov/cgi-bin/dvrtview.exe?Modinfo=StationView&STATION_ID=10424,1,DAILY_RECORDS,Mean daily discharge in CFS,Mean daily discharge in CFS,1.0,CFS,26,1996.0,2024.0
,,10427,LAKESIDE OR LAST CHANCE DIVERSION,,,Stream,,10427,SPANISH FORK RIVER,Observational,,,I,40.1546849717869,-111.729459483282,Manual,No,https://waterrights.utah.gov/cgi-bin/dvrtview.exe?Modinfo=StationView&STATION_ID=10427,1,DAILY_RECORDS,Mean daily discharge in CFS,Mean daily discharge in CFS,1.0,CFS,0,,
,,10428,1205 JOHN ALLRED - MOSBY (ANNUAL),,,Conveyance,,10428,DEEP CREEK,Observational,,,A,40.4272944873543,-109.779954521916,Manual,No,https://waterrights.utah.gov/cgi-bin/dvrtview.exe?Modinfo=StationView&STATION_ID=10428,11,ANNUAL_RECORDS,Annual Diversion in ACFT,Annual Diversion in ACFT,1.0,ACFT,0,,
,,10429,1301 MURRAY (TREVOR) - MOSBY (ANNUAL),,,Conveyance,,10429,DEEP CREEK,Observational,,,A,40.4027821233068,-109.775450243911,Manual,No,https://waterrights.utah.gov/cgi-bin/dvrtview.exe?Modinfo=StationView&STATION_ID=10429,11,ANNUAL_RECORDS,Annual Diversion in ACFT,Annual Diversion in ACFT,1.0,ACFT,0,,
,,10430,1302 MURRAY (WAYLON) - MOSBY (ANNUAL),,,Conveyance,,10430,DEEP CREEK,Observational,,,A,40.4110345689068,-109.778016530538,Manual,No,https://waterrights.utah.gov/cgi-bin/dvrtview.exe?Modinfo=StationView&STATION_ID=10430,11,ANNUAL_RECORDS,Annual Diversion in ACFT,Annual Diversion in ACFT,1.0,ACFT,0,,
,,10434,1405 WALKER PIPELINE - MOSBY (ANNUAL),,,Conveyance,,10434,DEEP CREEK,Observational,,,A,40.3987133701852,-109.772272490199,Manual,No,https://waterrights.utah.gov/cgi-bin/dvrtview.exe?Modinfo=StationView&STATION_ID=10434,11,ANNUAL_RECORDS,Annual Diversion in ACFT,Annual Diversion in ACFT,1.0,ACFT,0,,
,,10435,1410 GLEN BASCOM - MOSBY (ANNUAL),,,Conveyance,,10435,DEEP CREEK,Observational,,,A,40.4019273461475,-109.774747012094,Manual,No,https://waterrights.utah.gov/cgi-bin/dvrtview.exe?Modinfo=StationView&STATION_ID=10435,11,ANNUAL_RECORDS,Annual Diversion in ACFT,Annual Diversion in ACFT,1.0,ACFT,0,,
,,10436,1411 VONAE YOUNG - MOSBY (ANNUAL),,,Conveyance,,10436,DEEP CREEK,Observational,,,A,40.4013281146634,-109.774689271485,Manual,No,https://waterrights.utah.gov/cgi-bin/dvrtview.exe?Modinfo=StationView&STATION_ID=10436,11,ANNUAL_RECORDS,Annual Diversion in ACFT,Annual Diversion in ACFT,1.0,ACFT,0,,
,,10438,FLOW - PEACOCK SPRING,,,Conveyance,,10438,COTTONWOOD CREEK,Observational,,,I,,,Manual,Yes,https://waterrights.utah.gov/cgi-bin/dvrtview.exe?Modinfo=StationView&STATION_ID=10438,1,DAILY_RECORDS,Mean daily discharge in CFS,Mean daily discharge in CFS,1.0,CFS,2,2019.0,2020.0
USGS,,10440,01 USGS 10242000 COAL CREEK NEAR CEDAR CITY UT,10242000,"USGS 10242000 COAL CREEK NEAR CEDAR CITY, UT",Stream,1.0,10440,CEDAR VALLEY (SURFACE),Observational,USGS GAUGE,DIGITAL,A,37.6716818055528,-113.036727784983,Scrape,Yes,https://waterrights.utah.gov/cgi-bin/dvrtview.exe?Modinfo=StationView&STATION_ID=10440,1,DAILY_RECORDS,Mean daily discharge in CFS,Mean daily discharge in CFS,1.0,CFS,6,2020.0,2025.0
CICWCD,,10441,02 SOUTH AND WEST FIELD,12861,02 SOUTH AND WEST FIELD,Conveyance,1.0,10441,CEDAR VALLEY (SURFACE),Observational,CICWCD FLOW METER,,A,37.6721096169964,-113.044199617619,Scrape,Yes,https://waterrights.utah.gov/cgi-bin/dvrtview.exe?Modinfo=StationView&STATION_ID=10441,1,DAILY_RECORDS,Mean daily discharge in CFS,Mean daily discharge in CFS,1.0,CFS,6,2020.0,2025.0
CICWCD,,10442,03 NORTH WEST FIELD BULLDOG,12900,03 NORTH WEST FIELD BULLDOG,Conveyance,1.0,10442,CEDAR VALLEY (SURFACE),Observational,CICWCD FLOW METER,,A,37.6876484012083,-113.063668355145,Scrape,Yes,https://waterrights.utah.gov/cgi-bin/dvrtview.exe?Modinfo=StationView&STATION_ID=10442,1,DAILY_RECORDS,Mean daily discharge in CFS,Mean daily discharge in CFS,1.0,CFS,5,2021.0,2025.0
CICWCD,,10443,04 EAST EXENSION AND NORTH FIELD COMBINED,12899,04 EAST EXENSION AND NORTH FIELD COMBINED,Conveyance,1.0,10443,CEDAR VALLEY (SURFACE),Observational,CICWCD FLOW METER,,A,37.6876602413669,-113.063653510362,Scrape,Yes,https://waterrights.utah.gov/cgi-bin/dvrtview.exe?Modinfo=StationView&STATION_ID=10443,1,DAILY_RECORDS,Mean daily discharge in CFS,Mean daily discharge in CFS,1.0,CFS,5,2021.0,2025.0
CICWCD,,10446,07 UNION FIELD= MAIN ST DIVERSION,12898,07 UNION FIELD,Conveyance,1.0,10446,CEDAR VALLEY (SURFACE),Observational,CICWCD FLOW METER,,A,37.6876735959614,-113.063646362096,Scrape,Yes,https://waterrights.utah.gov/cgi-bin/dvrtview.exe?Modinfo=StationView&STATION_ID=10446,1,DAILY_RECORDS,Mean daily discharge in CFS,Mean daily discharge in CFS,1.0,CFS,4,2022.0,2025.0
CICWCD,,10447,08 OLD FIELD,12858,08 OLD FIELD,Conveyance,1.0,10447,CEDAR VALLEY (SURFACE),Observational,CICWCD FLOW METER,,A,37.6869012460614,-113.063146157758,Scrape,Yes,https://waterrights.utah.gov/cgi-bin/dvrtview.exe?Modinfo=StationView&STATION_ID=10447,1,DAILY_RECORDS,Mean daily discharge in CFS,Mean daily discharge in CFS,1.0,CFS,6,2020.0,2025.0
CICWCD,,10448,09 SCHMIDT PIT,12890,09 SCHMIDT PIT,Conveyance,1.0,10448,CEDAR VALLEY (SURFACE),Observational,CICWCD FLOW METER,FLOWMETER,A,37.6999828182414,-113.079785379729,Scrape,Yes,https://waterrights.utah.gov/cgi-bin/dvrtview.exe?Modinfo=StationView&STATION_ID=10448,1,DAILY_RECORDS,Mean daily discharge in CFS,Mean daily discharge in CFS,1.0,CFS,4,2020.0,2024.0
CICWCD,,10449,10 WESTERN ROCK,12872,10 WESTERN ROCK,Conveyance,1.0,10449,CEDAR VALLEY (SURFACE),Observational,CICWCD FLOW METER,,A,37.7134069755975,-113.087837008414,Scrape,Yes,https://waterrights.utah.gov/cgi-bin/dvrtview.exe?Modinfo=StationView&STATION_ID=10449,1,DAILY_RECORDS,Mean daily discharge in CFS,Mean daily discharge in CFS,1.0,CFS,5,2021.0,2025.0
CICWCD,,10452,13 AIRPORT PIT,12844,13 AIRPORT PIT,Conveyance,1.0,10452,CEDAR VALLEY (SURFACE),Observational,CICWCD FLOW METER,,A,37.6943986689644,-113.102205087667,Scrape,Yes,https://waterrights.utah.gov/cgi-bin/dvrtview.exe?Modinfo=StationView&STATION_ID=10452,1,DAILY_RECORDS,Mean daily discharge in CFS,Mean daily discharge in CFS,1.0,CFS,4,2020.0,2023.0
CICWCD,,10453,14 KANARRAVILLE,12855,14 KANNARAVILLE,Conveyance,1.0,10453,CEDAR VALLEY (SURFACE),Observational,CICWCD FLOW METER,,A,37.5399371829121,-113.17332881302,Scrape,Yes,https://waterrights.utah.gov/cgi-bin/dvrtview.exe?Modinfo=StationView&STATION_ID=10453,1,DAILY_RECORDS,Mean daily discharge in CFS,Mean daily discharge in CFS,1.0,CFS,3,2023.0,2025.0
SEVIER,,10455,EAST BENCH IRRIGATION CO,10857,East Bench Irrigation Co,Conveyance,1.0,10455,SEVIER RIVER,Observational,,DIGITAL,A,37.8393739184281,-112.403316879933,Scrape,Yes,https://waterrights.utah.gov/cgi-bin/dvrtview.exe?Modinfo=StationView&STATION_ID=10455,1,DAILY_RECORDS,Mean daily discharge in CFS,Mean daily discharge in CFS,1.0,CFS,13,2012.0,2024.0
CICWCD,,10456,15 QUICHIPA MAIN FLOW,13096,15 QUICHIPA MAIN FLOW 13096,Conveyance,1.0,10456,CEDAR VALLEY (SURFACE),Observational,CICWCD FLOW METER,FLOWMETER,A,37.6597165197379,-113.193943997612,Scrape,Yes,https://waterrights.utah.gov/cgi-bin/dvrtview.exe?Modinfo=StationView&STATION_ID=10456,1,DAILY_RECORDS,Mean daily discharge in CFS,Mean daily discharge in CFS,1.0,CFS,6,2020.0,2025.0
CICWCD,,10457,16 QUICHIPA WEIR FLOW,13094,16 QUICHIPA WEIR FLOW 13094,Conveyance,1.0,10457,CEDAR VALLEY (SURFACE),Observational,CICWCD FLOW METER,FLOWMETER,A,37.6600155602776,-113.19517787429,Scrape,Yes,https://waterrights.utah.gov/cgi-bin/dvrtview.exe?Modinfo=StationView&STATION_ID=10457,1,DAILY_RECORDS,Mean daily discharge in CFS,Mean daily discharge in CFS,1.0,CFS,6,2020.0,2025.0
,,10460,RIVERSIDE PARK - PROVO,,,Conveyance,,10460,PROVO RIVER,Observational,,,I,40.2944669578463,-111.662718358399,Manual,Yes,https://waterrights.utah.gov/cgi-bin/dvrtview.exe?Modinfo=StationView&STATION_ID=10460,1,DAILY_RECORDS,Mean daily discharge in CFS,Mean daily discharge in CFS,1.0,CFS,2,2021.0,2022.0
,,10462,STRAWBERRY IMPORT ABOVE ISLAND DAM,,,Conveyance,,10462,HOBBLE CREEK,Observational,,,A,40.1479243782718,-111.564478608941,Scrape,Yes,https://waterrights.utah.gov/cgi-bin/dvrtview.exe?Modinfo=StationView&STATION_ID=10462,1,DAILY_RECORDS,Mean daily discharge in CFS,Mean daily discharge in CFS,1.0,CFS,2,2021.0,2023.0
,,10463,SPRINGVILLE IRR UPPER DAM,,,Conveyance,,10463,HOBBLE CREEK,Observational,,,I,40.1754982926385,-111.497252488515,,No,https://waterrights.utah.gov/cgi-bin/dvrtview.exe?Modinfo=StationView&STATION_ID=10463,1,DAILY_RECORDS,Mean daily discharge in CFS,Mean daily discharge in CFS,1.0,CFS,0,,
,,10464,SPRINGVILLE CITY - BARTHOLOMEW SPRINGS,,,Conveyance,,10464,HOBBLE CREEK,Observational,,,A,40.2216209497812,-111.507645415684,Manual,Yes,https://waterrights.utah.gov/cgi-bin/dvrtview.exe?Modinfo=StationView&STATION_ID=10464,1,DAILY_RECORDS,Mean daily discharge in CFS,Mean daily discharge in CFS,1.0,CFS,2,2021.0,2023.0
,,10465,SPRINGVILLE IRR WHITE EAGLE DIVERSION,,,Conveyance,,10465,HOBBLE CREEK,Observational,,,I,40.210658931364,-111.486103479612,,No,https://waterrights.utah.gov/cgi-bin/dvrtview.exe?Modinfo=StationView&STATION_ID=10465,1,DAILY_RECORDS,Mean daily discharge in CFS,Mean daily discharge in CFS,1.0,CFS,2,2021.0,2023.0
,,10466,SPRINGVILLE IRR THORNHILL DIVERSION,,,Conveyance,,10466,HOBBLE CREEK,Observational,,,I,40.1891192835349,-111.495169147926,,No,https://waterrights.utah.gov/cgi-bin/dvrtview.exe?Modinfo=StationView&STATION_ID=10466,1,DAILY_RECORDS,Mean daily discharge in CFS,Mean daily discharge in CFS,1.0,CFS,2,2021.0,2023.0
,,10467,SPRINGVILLE IRR CRANDALL DIVERSION,,,Conveyance,,10467,HOBBLE CREEK,Observational,,,I,40.1881685503639,-111.495841043984,Manual,No,https://waterrights.utah.gov/cgi-bin/dvrtview.exe?Modinfo=StationView&STATION_ID=10467,1,DAILY_RECORDS,Mean daily discharge in CFS,Mean daily discharge in CFS,1.0,CFS,2,2021.0,2023.0
,,10468,SPRINGVILLE IRR PHILLIPS DIVERSION #1,,,Conveyance,,10468,HOBBLE CREEK,Observational,,,I,40.2206055426474,-111.479105736724,,No,https://waterrights.utah.gov/cgi-bin/dvrtview.exe?Modinfo=StationView&STATION_ID=10468,1,DAILY_RECORDS,Mean daily discharge in CFS,Mean daily discharge in CFS,1.0,CFS,2,2021.0,2023.0
,,10469,SPRINGVILLE IRR PHILLIPS DIVERSION #2,,,Conveyance,,10469,HOBBLE CREEK,Observational,,,I,40.2179884005082,-111.481125565317,,No,https://waterrights.utah.gov/cgi-bin/dvrtview.exe?Modinfo=StationView&STATION_ID=10469,1,DAILY_RECORDS,Mean daily discharge in CFS,Mean daily discharge in CFS,1.0,CFS,2,2021.0,2023.0
,,10471,SPRINGVILLE IRR THOMAS PUMP NORTH,,,Conveyance,,10471,HOBBLE CREEK,Observational,,,I,40.178531661483,-111.497974099572,,No,https://waterrights.utah.gov/cgi-bin/dvrtview.exe?Modinfo=StationView&STATION_ID=10471,1,DAILY_RECORDS,Mean daily discharge in CFS,Mean daily discharge in CFS,1.0,CFS,2,2021.0,2023.0
,,10472,SPRINGVILLE IRR THOMAS PUMP SOUTH,,,Conveyance,,10472,HOBBLE CREEK,Observational,,,I,40.1780765166123,-111.49780966928,,No,https://waterrights.utah.gov/cgi-bin/dvrtview.exe?Modinfo=StationView&STATION_ID=10472,1,DAILY_RECORDS,Mean daily discharge in CFS,Mean daily discharge in CFS,1.0,CFS,2,2021.0,2023.0
,,10473,SPRINGVILLE IRR BAPTISMAL FONT,,,Conveyance,,10473,HOBBLE CREEK,Observational,,,A,40.1753918657251,-111.497252028808,Manual,No,https://waterrights.utah.gov/cgi-bin/dvrtview.exe?Modinfo=StationView&STATION_ID=10473,1,DAILY_RECORDS,Mean daily discharge in CFS,Mean daily discharge in CFS,1.0,CFS,2,2021.0,2023.0
,,10474,SPRINGVILLE IRR GOLF COURSE DIVERSION,,,Conveyance,,10474,HOBBLE CREEK,Observational,,,I,40.1625692252222,-111.499425793532,,Yes,https://waterrights.utah.gov/cgi-bin/dvrtview.exe?Modinfo=StationView&STATION_ID=10474,1,DAILY_RECORDS,Mean daily discharge in CFS,Mean daily discharge in CFS,1.0,CFS,2,2021.0,2023.0
,,10476,SPRINGVILLE IRR SAGE CREEK,,,Conveyance,,10476,HOBBLE CREEK,Observational,,,I,40.1475778402287,-111.576284484061,,No,https://waterrights.utah.gov/cgi-bin/dvrtview.exe?Modinfo=StationView&STATION_ID=10476,1,DAILY_RECORDS,Mean daily discharge in CFS,Mean daily discharge in CFS,1.0,CFS,2,2021.0,2023.0
,,10481,NIELSON DIVERSION TO HOBBLE CREEK RANCH,,,Conveyance,,10481,HOBBLE CREEK,Observational,6IN MONTANA FLUME,,A,40.2517628382223,-111.422030718093,Manual,No,https://waterrights.utah.gov/cgi-bin/dvrtview.exe?Modinfo=StationView&STATION_ID=10481,1,DAILY_RECORDS,Mean daily discharge in CFS,Mean daily discharge in CFS,1.0,CFS,2,2021.0,2023.0
,,10482,WHITTEMORE WATER COMPANY,,,Conveyance,,10482,HOBBLE CREEK,Observational,Flow Meters,,A,40.2490019256963,-111.51653600695,Manual,No,https://waterrights.utah.gov/cgi-bin/dvrtview.exe?Modinfo=StationView&STATION_ID=10482,1,DAILY_RECORDS,Mean daily discharge in CFS,Mean daily discharge in CFS,1.0,CFS,2,2021.0,2023.0
,,10483,HIDDEN CREEK WATER COMPANY,,,Well,,10483,HOBBLE CREEK,Observational,,,A,40.2362652212572,-111.479562268995,Manual,No,https://waterrights.utah.gov/cgi-bin/dvrtview.exe?Modinfo=StationView&STATION_ID=10483,1,DAILY_RECORDS,Mean daily discharge in CFS,Mean daily discharge in CFS,1.0,CFS,2,2021.0,2023.0
,,10489,SPRINGVILLE IRR DIVERSION #1,,,Conveyance,,10489,HOBBLE CREEK,Observational,,,I,40.1500547943675,-111.553294759399,,No,https://waterrights.utah.gov/cgi-bin/dvrtview.exe?Modinfo=StationView&STATION_ID=10489,1,DAILY_RECORDS,Mean daily discharge in CFS,Mean daily discharge in CFS,1.0,CFS,2,2021.0,2023.0
,,10490,MILES DITCH DIVERSION (COLORADO),,,Conveyance,,10490,POT CREEK,Observational,,,A,40.6628563156294,-109.018327503267,Manual,No,https://waterrights.utah.gov/cgi-bin/dvrtview.exe?Modinfo=StationView&STATION_ID=10490,1,DAILY_RECORDS,Mean daily discharge in CFS,Mean daily discharge in CFS,1.0,CFS,2,2019.0,2024.0
,,10491,MCCARRELL,,,Conveyance,,10491,POT CREEK,Observational,,,A,40.6965044622319,-109.122339480617,Manual,No,https://waterrights.utah.gov/cgi-bin/dvrtview.exe?Modinfo=StationView&STATION_ID=10491,1,DAILY_RECORDS,Mean daily discharge in CFS,Mean daily discharge in CFS,1.0,CFS,3,2019.0,2022.0
USGS,,10496,USGS 09261700 BIG BRUSH CREEK ABV RED FLEET RES,09261700,BIG BRUSH ABOVE RED FLEET,Stream,1.0,10496,ASHLEY CREEK,Observational,,DIGITAL,A,40.588813476338,-109.465383480312,Scrape,Yes,https://waterrights.utah.gov/cgi-bin/dvrtview.exe?Modinfo=StationView&STATION_ID=10496,1,DAILY_RECORDS,Mean daily discharge in CFS,Mean daily discharge in CFS,1.0,CFS,5,2021.0,2025.0
USGS,,10497,USGS 09266500 ASHLEY CREEK NEAR VERNAL,09266500,ASHLEY CREEK NEAR VERNAL,Stream,1.0,10497,ASHLEY CREEK,Observational,,DIGITAL,A,40.5774435583107,-109.62204171042,Scrape,Yes,https://waterrights.utah.gov/cgi-bin/dvrtview.exe?Modinfo=StationView&STATION_ID=10497,1,DAILY_RECORDS,Mean daily discharge in CFS,Mean daily discharge in CFS,1.0,CFS,5,2021.0,2025.0
,,10498,THOMAS MOWER PUMP,,,Conveyance,,10498,HOBBLE CREEK,Observational,,,A,40.2345850996394,-111.462597570101,Manual,No,https://waterrights.utah.gov/cgi-bin/dvrtview.exe?Modinfo=StationView&STATION_ID=10498,1,DAILY_RECORDS,Mean daily discharge in CFS,Mean daily discharge in CFS,1.0,CFS,2,2021.0,2023.0
,,10500,LDW RANCH,,,Conveyance,,10500,HOBBLE CREEK,Observational,Parshall Flume,,A,40.1845786450693,-111.49715354121,Manual,No,https://waterrights.utah.gov/cgi-bin/dvrtview.exe?Modinfo=StationView&STATION_ID=10500,1,DAILY_RECORDS,Mean daily discharge in CFS,Mean daily discharge in CFS,1.0,CFS,2,2021.0,2023.0
,,10501,CRANDALL DIVERSION - LAMAR CRANDALL,,,Conveyance,,10501,HOBBLE CREEK,Observational,,,I,40.1881685503639,-111.495841043984,,No,https://waterrights.utah.gov/cgi-bin/dvrtview.exe?Modinfo=StationView&STATION_ID=10501,1,DAILY_RECORDS,Mean daily discharge in CFS,Mean daily discharge in CFS,1.0,CFS,2,2021.0,2023.0
,,10503,FLOW PAST GOLF COURSE DAM,,,Stream,,10503,PRICE RIVER,Observational,Estimate,,A,39.6427730256694,-110.859974299147,Manual,No,https://waterrights.utah.gov/cgi-bin/dvrtview.exe?Modinfo=StationView&STATION_ID=10503,1,DAILY_RECORDS,Mean daily discharge in CFS,Mean daily discharge in CFS,1.0,CFS,11,2014.0,2024.0
,,10506,CAMERON DITCHES,,,Conveyance,,10506,SEVIER RIVER,Observational,,,A,37.6242074137963,-112.594751161313,Manual,No,https://waterrights.utah.gov/cgi-bin/dvrtview.exe?Modinfo=StationView&STATION_ID=10506,1,DAILY_RECORDS,Mean daily discharge in CFS,Mean daily discharge in CFS,1.0,CFS,5,2019.0,2023.0
,,10507,WILSON DITCH,,,Conveyance,,10507,SEVIER RIVER,Observational,,,I,37.6854645798217,-112.399066897892,Manual,No,https://waterrights.utah.gov/cgi-bin/dvrtview.exe?Modinfo=StationView&STATION_ID=10507,1,DAILY_RECORDS,Mean daily discharge in CFS,Mean daily discharge in CFS,1.0,CFS,0,,
,,10508,JAMES ELDER DITCH,,,Conveyance,,10508,SEVIER RIVER,Observational,,,A,37.6241819240024,-112.594777992692,Manual,No,https://waterrights.utah.gov/cgi-bin/dvrtview.exe?Modinfo=StationView&STATION_ID=10508,1,DAILY_RECORDS,Mean daily discharge in CFS,Mean daily discharge in CFS,1.0,CFS,6,2019.0,2024.0
,,10509,WORKMAN DITCH #2,,,Conveyance,,10509,SEVIER RIVER,Observational,,,I,37.6172632067052,-112.525833830717,Manual,No,https://waterrights.utah.gov/cgi-bin/dvrtview.exe?Modinfo=StationView&STATION_ID=10509,1,DAILY_RECORDS,Mean daily discharge in CFS,Mean daily discharge in CFS,1.0,CFS,6,2019.0,2024.0
,,10510,SHOWWALTER DITCH,,,Conveyance,,10510,SEVIER RIVER,Observational,,,I,37.7086646457023,-112.391487078967,Manual,No,https://waterrights.utah.gov/cgi-bin/dvrtview.exe?Modinfo=StationView&STATION_ID=10510,1,DAILY_RECORDS,Mean daily discharge in CFS,Mean daily discharge in CFS,1.0,CFS,6,1956.0,2021.0
,,10511,MITCHELL SLOUGH,,,,,10511,SEVIER RIVER,Observational,,,A,38.2037493001141,-112.25039763876,Manual,No,https://waterrights.utah.gov/cgi-bin/dvrtview.exe?Modinfo=StationView&STATION_ID=10511,1,DAILY_RECORDS,Mean daily discharge in CFS,Mean daily discharge in CFS,1.0,CFS,10,1915.0,2024.0
IDAHO,,10514,04A  WEST CACHE CORNISH PUMP,10092900,,Conveyance,1.0,10514,LOWER BEAR RIVER,Observational,,,A,42.1707759863938,-111.848768143439,Manual,Yes,https://waterrights.utah.gov/cgi-bin/dvrtview.exe?Modinfo=StationView&STATION_ID=10514,1,DAILY_RECORDS,Mean daily discharge in CFS,Mean daily discharge in CFS,1.0,CFS,5,2021.0,2025.0
LITTLE_BEAR,,10516,HYRUM IRRIGATING COMPANY,Hyrum Irrigating Company,Head of Hyrum Canal,Conveyance,1.0,10516,LITTLE BEAR RIVER,Observational,Cutthroat flume,,A,41.5154790720677,-111.813172401855,Direct,Yes,https://waterrights.utah.gov/cgi-bin/dvrtview.exe?Modinfo=StationView&STATION_ID=10516,1,DAILY_RECORDS,Mean daily discharge in CFS,Mean daily discharge in CFS,1.0,CFS,5,2021.0,2025.0
,,10522,HAMILTON DIVERSION,,,Conveyance,,10522,PRICE RIVER,Observational,,,I,39.5315785919537,-110.713804333564,Manual,No,https://waterrights.utah.gov/cgi-bin/dvrtview.exe?Modinfo=StationView&STATION_ID=10522,1,DAILY_RECORDS,Mean daily discharge in CFS,Mean daily discharge in CFS,1.0,CFS,0,,
,,10523,BOB WRIGHT CANYON,,,Stream,,10523,PRICE RIVER,Observational,,,I,39.6348062998237,-111.08107716974,Manual,No,https://waterrights.utah.gov/cgi-bin/dvrtview.exe?Modinfo=StationView&STATION_ID=10523,1,DAILY_RECORDS,Mean daily discharge in CFS,Mean daily discharge in CFS,1.0,CFS,0,,
,,10526,RED FLEET TO UPPER CANAL,,,Conveyance,,10526,ASHLEY CREEK,Observational,,,I,40.5066853116457,-109.594090658622,,,https://waterrights.utah.gov/cgi-bin/dvrtview.exe?Modinfo=StationView&STATION_ID=10526,1,DAILY_RECORDS,Mean daily discharge in CFS,Mean daily discharge in CFS,1.0,CFS,0,,
USGS,,10529,USGS 09270500 DRY FORK AT MOUTH NEAR DRY FORK,09270500,,Stream,1.0,10529,ASHLEY CREEK,Observational,,DIGITAL,I,40.5262026458242,-109.605851867351,,Yes,https://waterrights.utah.gov/cgi-bin/dvrtview.exe?Modinfo=StationView&STATION_ID=10529,1,DAILY_RECORDS,Mean daily discharge in CFS,Mean daily discharge in CFS,1.0,CFS,0,,
WEBER,,10533,GLENWILD CREEK DIVERSION,Glenwild Creek Diversion,Glenwild GC Creek Diversion,Conveyance,1.0,10533,WEBER RIVER,Observational,Flow Meter,,A,40.7286090288723,-111.536486713657,Direct,Yes,https://waterrights.utah.gov/cgi-bin/dvrtview.exe?Modinfo=StationView&STATION_ID=10533,2,DAILY_RECORDS,MEAN daily discharge in CFS,Mean daily discharge in ACFT,1.98347107,CFS,5,2020.0,2024.0
,,10536,BURRVILLE IRRIGATION CO,,,Conveyance,,10536,SEVIER RIVER,Observational,,,I,38.588428992714,-111.872995168808,Manual,No,https://waterrights.utah.gov/cgi-bin/dvrtview.exe?Modinfo=StationView&STATION_ID=10536,1,DAILY_RECORDS,Mean daily discharge in CFS,Mean daily discharge in CFS,1.0,CFS,0,,
,,10537,HALL DIVERSION,,,Conveyance,,10537,HOBBLE CREEK,Observational,,,I,40.2128249855334,-111.500451985925,Manual,No,https://waterrights.utah.gov/cgi-bin/dvrtview.exe?Modinfo=StationView&STATION_ID=10537,1,DAILY_RECORDS,Mean daily discharge in CFS,Mean daily discharge in CFS,1.0,CFS,0,,
,,10538,CUT OFF SAVINGS DITCH SOUTH,,,Conveyance,,10538,LITTLE COTTONWOOD CREEK,Observational,Rated section by SLCPU,,A,40.5962984420357,-111.814755975026,Manual,No,https://waterrights.utah.gov/cgi-bin/dvrtview.exe?Modinfo=StationView&STATION_ID=10538,1,DAILY_RECORDS,Mean daily discharge in CFS,Mean daily discharge in CFS,1.0,CFS,2,2023.0,2024.0
WEBER_BASIN,,10541,WEBER BASIN WILLARD 2 RIVER LEVEL,Willard 2 River Level,,Stream,1.0,10541,WEBER RIVER,Observational,Electronic,,A,41.2494650330478,-112.0132000067,Scrape,Yes,https://waterrights.utah.gov/cgi-bin/dvrtview.exe?Modinfo=StationView&STATION_ID=10541,6,DAILY_RECORDS,Daily gage height in FEET,Daily gage height in FEET,1.0,FEET,4,2022.0,2025.0
WEBER_BASIN,,10546,WEBER BASIN NORTH SUMMIT 18,No. Summit 18 Flow,,Conveyance,1.0,10546,WEBER RIVER,Observational,Electronic,,A,40.7903498738596,-111.404016732099,Scrape,Yes,https://waterrights.utah.gov/cgi-bin/dvrtview.exe?Modinfo=StationView&STATION_ID=10546,1,DAILY_RECORDS,Mean daily discharge in CFS,Mean daily discharge in CFS,1.0,CFS,4,2022.0,2025.0
WEBER_BASIN,,10547,WEBER BASIN NORTH SUMMIT 24,No. Summit 24 Flow,,Conveyance,1.0,10547,WEBER RIVER,Observational,Electronic,,A,40.7904149028214,-111.404079519816,Scrape,Yes,https://waterrights.utah.gov/cgi-bin/dvrtview.exe?Modinfo=StationView&STATION_ID=10547,1,DAILY_RECORDS,Mean daily discharge in CFS,Mean daily discharge in CFS,1.0,CFS,4,2022.0,2025.0
BEAR_UPL,,10552,BEAR R. BELOW ONEIDA,Bear R. Below UP&L a,Bear R. Below UP&L at Oneida,Stream,1.0,10552,BEAR RIVER (UPL),Observational,,,A,42.2674405681748,-111.749938135563,Scrape,Yes,https://waterrights.utah.gov/cgi-bin/dvrtview.exe?Modinfo=StationView&STATION_ID=10552,1,DAILY_RECORDS,Mean daily discharge in CFS,Mean daily discharge in CFS,1.0,CFS,5,2021.0,2025.0
USGS,,10555,FERRON CREEK,09326500,"USGS 09326500 FERRON CREEK (UPPER STATION) NEAR FERRON, UT",Stream,1.0,10555,FERRON CREEK,Observational,,,A,39.1040614590571,-111.216676043774,Scrape,Yes,https://waterrights.utah.gov/cgi-bin/dvrtview.exe?Modinfo=StationView&STATION_ID=10555,1,DAILY_RECORDS,Mean daily discharge in CFS,Mean daily discharge in CFS,1.0,CFS,29,1997.0,2025.0
EMERY,,10558,CVSSD 12-INCH,12776,CVSSD 12-inch #12776,Conveyance,1.0,10558,FERRON CREEK,Observational,,,A,,,Scrape,Yes,https://waterrights.utah.gov/cgi-bin/dvrtview.exe?Modinfo=StationView&STATION_ID=10558,1,DAILY_RECORDS,Mean daily discharge in CFS,Mean daily discharge in CFS,1.0,CFS,8,2018.0,2025.0
EMERY,,10559,CVSSD 24-INCH,12777,CVSSD 24-inch #12777,Conveyance,1.0,10559,FERRON CREEK,Observational,,,A,,,Scrape,Yes,https://waterrights.utah.gov/cgi-bin/dvrtview.exe?Modinfo=StationView&STATION_ID=10559,1,DAILY_RECORDS,Mean daily discharge in CFS,Mean daily discharge in CFS,1.0,CFS,8,2018.0,2025.0
EMERY,,10560,STOCKWATER LINE,12775,Stockwater Line #12775,Conveyance,1.0,10560,FERRON CREEK,Observational,,,A,,,Scrape,Yes,https://waterrights.utah.gov/cgi-bin/dvrtview.exe?Modinfo=StationView&STATION_ID=10560,1,DAILY_RECORDS,Mean daily discharge in CFS,Mean daily discharge in CFS,1.0,CFS,8,2018.0,2025.0
EMERY,,10561,UP&L 24-INCH,12771,UP&L 24-inch #12771,Conveyance,1.0,10561,FERRON CREEK,Observational,,,A,,,Scrape,Yes,https://waterrights.utah.gov/cgi-bin/dvrtview.exe?Modinfo=StationView&STATION_ID=10561,1,DAILY_RECORDS,Mean daily discharge in CFS,Mean daily discharge in CFS,1.0,CFS,8,2018.0,2025.0
EMERY,,10562,NORTH LINE 36-INCH,12772,North Line 36-inch #12772,Conveyance,1.0,10562,FERRON CREEK,Observational,,,A,39.0997251789264,-111.187717231265,Scrape,Yes,https://waterrights.utah.gov/cgi-bin/dvrtview.exe?Modinfo=StationView&STATION_ID=10562,1,DAILY_RECORDS,Mean daily discharge in CFS,Mean daily discharge in CFS,1.0,CFS,8,2018.0,2025.0
EMERY,,10563,SOUTH LINE 36-INCH,12774,South Line 36-inch #12774,Conveyance,1.0,10563,FERRON CREEK,Observational,,,A,39.0995879048998,-111.18777164904,Scrape,Yes,https://waterrights.utah.gov/cgi-bin/dvrtview.exe?Modinfo=StationView&STATION_ID=10563,1,DAILY_RECORDS,Mean daily discharge in CFS,Mean daily discharge in CFS,1.0,CFS,8,2018.0,2025.0
EMERY,,10564,NORTH DITCH,6565,North Ditch #6565,Conveyance,1.0,10564,FERRON CREEK,Observational,,,A,39.098640023549,-111.185883935418,Scrape,Yes,https://waterrights.utah.gov/cgi-bin/dvrtview.exe?Modinfo=StationView&STATION_ID=10564,1,DAILY_RECORDS,Mean daily discharge in CFS,Mean daily discharge in CFS,1.0,CFS,16,2010.0,2025.0
EMERY,,10565,SOUTH DITCH,6611,South Ditch #6611,Conveyance,1.0,10565,FERRON CREEK,Observational,,,A,39.0984095103937,-111.186097203409,Scrape,Yes,https://waterrights.utah.gov/cgi-bin/dvrtview.exe?Modinfo=StationView&STATION_ID=10565,1,DAILY_RECORDS,Mean daily discharge in CFS,Mean daily discharge in CFS,1.0,CFS,16,2010.0,2025.0
EMERY,,10566,MOLEN DITCH,6533,Molen Ditch #6533,Conveyance,1.0,10566,FERRON CREEK,Observational,,,A,39.0902467277552,-111.154184931255,Scrape,Yes,https://waterrights.utah.gov/cgi-bin/dvrtview.exe?Modinfo=StationView&STATION_ID=10566,1,DAILY_RECORDS,Mean daily discharge in CFS,Mean daily discharge in CFS,1.0,CFS,16,2010.0,2025.0
USGS,,10567,MUDDY CREEK,09330500,"USGS 09330500 MUDDY CREEK NEAR EMERY, UT",Stream,1.0,10567,MUDDY CREEK,Observational,,,A,38.9910593941846,-111.253863962636,Scrape,Yes,https://waterrights.utah.gov/cgi-bin/dvrtview.exe?Modinfo=StationView&STATION_ID=10567,1,DAILY_RECORDS,Mean daily discharge in CFS,Mean daily discharge in CFS,1.0,CFS,5,2021.0,2025.0
WEBER,,10574,WEST GRADE CANAL,West Grade Canal,West Grade Canal,Conveyance,1.0,10574,WEBER RIVER,Observational,,,A,40.6972792737816,-111.530571452116,Direct,Yes,https://waterrights.utah.gov/cgi-bin/dvrtview.exe?Modinfo=StationView&STATION_ID=10574,1,DAILY_RECORDS,Mean daily discharge in CFS,Mean daily discharge in CFS,1.0,CFS,4,2022.0,2025.0
IDAHO,,10578,CHRISTENSEN (SPLIT FROM GRIFFITH),10091497,,Conveyance,1.0,10578,LBR - IDAHO,Observational,,,A,,,Scrape,Yes,https://waterrights.utah.gov/cgi-bin/dvrtview.exe?Modinfo=StationView&STATION_ID=10578,1,DAILY_RECORDS,Mean daily discharge in CFS,Mean daily discharge in CFS,1.0,CFS,4,2022.0,2025.0
IDAHO,,10579,GREEN ACRES (SPLIT FROM GRIFFITH),10091499,,Conveyance,1.0,10579,LBR - IDAHO,Observational,,,A,,,Scrape,Yes,https://waterrights.utah.gov/cgi-bin/dvrtview.exe?Modinfo=StationView&STATION_ID=10579,1,DAILY_RECORDS,Mean daily discharge in CFS,Mean daily discharge in CFS,1.0,CFS,4,2022.0,2025.0
,,10580,VINCENT FAMILY FARMS (PUMP),,,Conveyance,,10580,SEVIER RIVER,Observational,,,A,39.5417660113168,-112.315078336497,Manual,Yes,https://waterrights.utah.gov/cgi-bin/dvrtview.exe?Modinfo=StationView&STATION_ID=10580,1,DAILY_RECORDS,Mean daily discharge in CFS,Mean daily discharge in CFS,1.0,CFS,2,2022.0,2023.0
DUCHESNE,,10581,ANDERSON FLUME,8495,*,Conveyance,,10581,LAKE FORK RIVER,Observational,,,A,40.3358014018095,-110.446524755787,Scrape,Yes,https://waterrights.utah.gov/cgi-bin/dvrtview.exe?Modinfo=StationView&STATION_ID=10581,1,DAILY_RECORDS,Mean daily discharge in CFS,Mean daily discharge in CFS,1.0,CFS,16,2010.0,2025.0
DUCHESNE,,10582,BENCH CANAL (ACTIVE),8498,*,Conveyance,,10582,UINTA AND WHITEROCKS RIVERS,Observational,,,A,40.3976353836373,-109.917680931813,Scrape,Yes,https://waterrights.utah.gov/cgi-bin/dvrtview.exe?Modinfo=StationView&STATION_ID=10582,1,DAILY_RECORDS,Mean daily discharge in CFS,Mean daily discharge in CFS,1.0,CFS,16,2010.0,2025.0
DUCHESNE,,10600,LAKE FORK WESTERN (AKA BONETA),8502,*,Conveyance,,10600,LAKE FORK RIVER,Observational,,,A,40.4144437139219,-110.355340199993,Scrape,Yes,https://waterrights.utah.gov/cgi-bin/dvrtview.exe?Modinfo=StationView&STATION_ID=10600,1,DAILY_RECORDS,Mean daily discharge in CFS,Mean daily discharge in CFS,1.0,CFS,16,2010.0,2025.0
DUCHESNE,,10603,BROWNS 15`` PIPE,8507,*,Conveyance,,10603,UINTA AND WHITEROCKS RIVERS,Observational,,,A,40.4247906374615,-110.120440944239,Scrape,Yes,https://waterrights.utah.gov/cgi-bin/dvrtview.exe?Modinfo=StationView&STATION_ID=10603,1,DAILY_RECORDS,Mean daily discharge in CFS,Mean daily discharge in CFS,1.0,CFS,16,2010.0,2025.0
DUCHESNE,,10604,BROWNS DRAW FLUME 9307,9307,*,Conveyance,,10604,UINTA AND WHITEROCKS RIVERS,Observational,,,A,40.4291103206278,-110.154916965783,Scrape,Yes,https://waterrights.utah.gov/cgi-bin/dvrtview.exe?Modinfo=StationView&STATION_ID=10604,1,DAILY_RECORDS,Mean daily discharge in CFS,Mean daily discharge in CFS,1.0,CFS,16,2010.0,2025.0
DUCHESNE,,10608,BSW FEEDER PIPE,10460,*,Conveyance,,10608,LAKE FORK RIVER,Observational,,,A,40.2968554860062,-110.238699384624,Scrape,Yes,https://waterrights.utah.gov/cgi-bin/dvrtview.exe?Modinfo=StationView&STATION_ID=10608,1,DAILY_RECORDS,Mean daily discharge in CFS,Mean daily discharge in CFS,1.0,CFS,14,2012.0,2025.0
DUCHESNE,,10609,BSWFP DIVERSION (BYPASS),11044,*,Conveyance,,10609,LAKE FORK RIVER,Observational,,,I,40.3275725136266,-110.293311320347,Scrape,Yes,https://waterrights.utah.gov/cgi-bin/dvrtview.exe?Modinfo=StationView&STATION_ID=10609,1,DAILY_RECORDS,Mean daily discharge in CFS,Mean daily discharge in CFS,1.0,CFS,12,2014.0,2025.0
DUCHESNE,,10610,CANAL C HEADGATE AND FLUME,8529,*,Conveyance,,10610,LAKE FORK RIVER,Observational,,,A,40.4001857670537,-110.341744358224,Scrape,Yes,https://waterrights.utah.gov/cgi-bin/dvrtview.exe?Modinfo=StationView&STATION_ID=10610,1,DAILY_RECORDS,Mean daily discharge in CFS,Mean daily discharge in CFS,1.0,CFS,16,2010.0,2025.0
DUCHESNE,,10612,CLASS B FLUME,8539,*,Conveyance,,10612,LAKE FORK RIVER,Observational,,,A,40.4158958851374,-110.34927261308,Scrape,Yes,https://waterrights.utah.gov/cgi-bin/dvrtview.exe?Modinfo=StationView&STATION_ID=10612,1,DAILY_RECORDS,Mean daily discharge in CFS,Mean daily discharge in CFS,1.0,CFS,16,2010.0,2025.0
DUCHESNE,,10613,CLASS C,8542,*,Conveyance,,10613,LAKE FORK RIVER,Observational,,,A,40.2719503385817,-110.222790694858,Scrape,Yes,https://waterrights.utah.gov/cgi-bin/dvrtview.exe?Modinfo=StationView&STATION_ID=10613,1,DAILY_RECORDS,Mean daily discharge in CFS,Mean daily discharge in CFS,1.0,CFS,16,2010.0,2025.0
DUCHESNE,,10617,COTTONWOOD CREEK,11542,*,Conveyance,,10617,UINTA AND WHITEROCKS RIVERS,Observational,,,A,40.3140955601429,-110.012564709071,Scrape,Yes,https://waterrights.utah.gov/cgi-bin/dvrtview.exe?Modinfo=StationView&STATION_ID=10617,1,DAILY_RECORDS,Mean daily discharge in CFS,Mean daily discharge in CFS,1.0,CFS,11,2015.0,2025.0
DUCHESNE,,10618,COTTONWOOD SPILL VENT,9316,*,Conveyance,,10618,UINTA AND WHITEROCKS RIVERS,Observational,,,A,40.3832856450264,-110.059179906135,Scrape,Yes,https://waterrights.utah.gov/cgi-bin/dvrtview.exe?Modinfo=StationView&STATION_ID=10618,1,DAILY_RECORDS,Mean daily discharge in CFS,Mean daily discharge in CFS,1.0,CFS,16,2010.0,2025.0
DUCHESNE,,10619,D SPLIT,8559,*,Conveyance,,10619,LAKE FORK RIVER,Observational,,,A,40.2904918050028,-110.223157094471,Scrape,Yes,https://waterrights.utah.gov/cgi-bin/dvrtview.exe?Modinfo=StationView&STATION_ID=10619,1,DAILY_RECORDS,Mean daily discharge in CFS,Mean daily discharge in CFS,1.0,CFS,17,2009.0,2025.0
DUCHESNE,,10620,DRY GULCH FLUME,9312,*,Conveyance,,10620,LAKE FORK RIVER,Observational,,,A,40.4378551207393,-110.165496616936,Scrape,Yes,https://waterrights.utah.gov/cgi-bin/dvrtview.exe?Modinfo=StationView&STATION_ID=10620,1,DAILY_RECORDS,Mean daily discharge in CFS,Mean daily discharge in CFS,1.0,CFS,15,2010.0,2024.0
DUCHESNE,,10625,FARNSWORTH (INACTIVE),8598,*,Conveyance,1.0,10625,LAKE FORK RIVER,Observational,,,I,40.5428363699758,-110.474250293744,Scrape,Yes,https://waterrights.utah.gov/cgi-bin/dvrtview.exe?Modinfo=StationView&STATION_ID=10625,1,DAILY_RECORDS,Mean daily discharge in CFS,Mean daily discharge in CFS,1.0,CFS,19,1999.0,2025.0
DUCHESNE,,10626,FARNSWORTH HEADING FLOW,8599,*,Conveyance,,10626,LAKE FORK RIVER,Observational,,,A,40.5428247371942,-110.474235930369,Scrape,Yes,https://waterrights.utah.gov/cgi-bin/dvrtview.exe?Modinfo=StationView&STATION_ID=10626,1,DAILY_RECORDS,Mean daily discharge in CFS,Mean daily discharge in CFS,1.0,CFS,19,1999.0,2025.0
DUCHESNE,,10627,FARNSWORTH 1&2 FLUME,12494,*,Conveyance,,10627,LAKE FORK RIVER,Observational,,,A,40.4213258340665,-110.412767677856,Scrape,Yes,https://waterrights.utah.gov/cgi-bin/dvrtview.exe?Modinfo=StationView&STATION_ID=10627,1,DAILY_RECORDS,Mean daily discharge in CFS,Mean daily discharge in CFS,1.0,CFS,8,2018.0,2025.0
DUCHESNE,,10628,FARNSWORTH 3 FLUME,12498,*,Conveyance,,10628,LAKE FORK RIVER,Observational,,,A,40.4206105489437,-110.421880642966,Scrape,Yes,https://waterrights.utah.gov/cgi-bin/dvrtview.exe?Modinfo=StationView&STATION_ID=10628,1,DAILY_RECORDS,Mean daily discharge in CFS,Mean daily discharge in CFS,1.0,CFS,8,2018.0,2025.0
DUCHESNE,,10629,FARNSWORTH 3.5 FLUME,12502,*,Conveyance,,10629,LAKE FORK RIVER,Observational,,,A,40.4207935635035,-110.422119368716,Scrape,Yes,https://waterrights.utah.gov/cgi-bin/dvrtview.exe?Modinfo=StationView&STATION_ID=10629,1,DAILY_RECORDS,Mean daily discharge in CFS,Mean daily discharge in CFS,1.0,CFS,8,2018.0,2025.0
DUCHESNE,,10632,Harding 1,11666,*,Conveyance,,10632,TEMP-43,Observational,,,A,,,Scrape,Yes,https://waterrights.utah.gov/cgi-bin/dvrtview.exe?Modinfo=StationView&STATION_ID=10632,1,DAILY_RECORDS,Mean daily discharge in CFS,Mean daily discharge in CFS,1.0,CFS,10,2016.0,2025.0
DUCHESNE,,10633,Harding 2,11670,*,Conveyance,,10633,TEMP-43,Observational,,,A,,,Scrape,Yes,https://waterrights.utah.gov/cgi-bin/dvrtview.exe?Modinfo=StationView&STATION_ID=10633,1,DAILY_RECORDS,Mean daily discharge in CFS,Mean daily discharge in CFS,1.0,CFS,7,2016.0,2024.0
DUCHESNE,,10634,Harding 3,11674,*,Conveyance,,10634,TEMP-43,Observational,,,A,,,Scrape,Yes,https://waterrights.utah.gov/cgi-bin/dvrtview.exe?Modinfo=StationView&STATION_ID=10634,1,DAILY_RECORDS,Mean daily discharge in CFS,Mean daily discharge in CFS,1.0,CFS,9,2016.0,2024.0
DUCHESNE,,10635,HENRY JIM DITCH,8614,*,Conveyance,,10635,UINTA AND WHITEROCKS RIVERS,Observational,3 FOOT PARSHALL FLUME,,A,40.2713763147053,-109.851263733733,Scrape,Yes,https://waterrights.utah.gov/cgi-bin/dvrtview.exe?Modinfo=StationView&STATION_ID=10635,1,DAILY_RECORDS,Mean daily discharge in CFS,Mean daily discharge in CFS,1.0,CFS,16,2010.0,2025.0
DUCHESNE,,10643,LAKE FORK_C,8681,*,Conveyance,,10643,LAKE FORK RIVER,Observational,,,A,40.3446727626777,-110.285263012606,Scrape,Yes,https://waterrights.utah.gov/cgi-bin/dvrtview.exe?Modinfo=StationView&STATION_ID=10643,1,DAILY_RECORDS,Mean daily discharge in CFS,Mean daily discharge in CFS,1.0,CFS,16,2010.0,2025.0
DUCHESNE,,10644,LFC PURDY,11337,*,Conveyance,,10644,LAKE FORK RIVER,Observational,,,A,40.2752206025261,-110.242935902338,Scrape,Yes,https://waterrights.utah.gov/cgi-bin/dvrtview.exe?Modinfo=StationView&STATION_ID=10644,1,DAILY_RECORDS,Mean daily discharge in CFS,Mean daily discharge in CFS,1.0,CFS,11,2015.0,2025.0
DUCHESNE,,10645,LFC REDCAP,11346,*,Conveyance,,10645,LAKE FORK RIVER,Observational,,,A,40.2768159521973,-110.236757015293,Scrape,Yes,https://waterrights.utah.gov/cgi-bin/dvrtview.exe?Modinfo=StationView&STATION_ID=10645,1,DAILY_RECORDS,Mean daily discharge in CFS,Mean daily discharge in CFS,1.0,CFS,11,2015.0,2025.0
DUCHESNE,,10646,LFC UTLAND,11328,*,Conveyance,,10646,LAKE FORK RIVER,Observational,,,A,40.2759198575176,-110.242454535994,Scrape,Yes,https://waterrights.utah.gov/cgi-bin/dvrtview.exe?Modinfo=StationView&STATION_ID=10646,1,DAILY_RECORDS,Mean daily discharge in CFS,Mean daily discharge in CFS,1.0,CFS,11,2015.0,2025.0
DUCHESNE,,10649,LOWER K-2 PIPE,9302,*,Conveyance,,10649,TEMP-43,Observational,,,I,,,Scrape,Yes,https://waterrights.utah.gov/cgi-bin/dvrtview.exe?Modinfo=StationView&STATION_ID=10649,1,DAILY_RECORDS,Mean daily discharge in CFS,Mean daily discharge in CFS,1.0,CFS,12,2000.0,2021.0
DUCHESNE,,10650,LOWER LAKEFORK FLUME,8702,*,Conveyance,,10650,LAKE FORK RIVER,Observational,,,I,40.4169128568063,-110.291407874171,Scrape,Yes,https://waterrights.utah.gov/cgi-bin/dvrtview.exe?Modinfo=StationView&STATION_ID=10650,1,DAILY_RECORDS,Mean daily discharge in CFS,Mean daily discharge in CFS,1.0,CFS,11,2010.0,2020.0
DUCHESNE,,10652,MONARCH 1,13711,*,Conveyance,,10652,UINTA AND WHITEROCKS RIVERS,Observational,,,A,40.4432274435249,-110.150094413494,Scrape,Yes,https://waterrights.utah.gov/cgi-bin/dvrtview.exe?Modinfo=StationView&STATION_ID=10652,1,DAILY_RECORDS,Mean daily discharge in CFS,Mean daily discharge in CFS,1.0,CFS,4,2022.0,2025.0
DUCHESNE,,10653,MONARCH 2,13717,*,Conveyance,,10653,UINTA AND WHITEROCKS RIVERS,Observational,,,A,40.4504833332775,-110.151243735812,Scrape,Yes,https://waterrights.utah.gov/cgi-bin/dvrtview.exe?Modinfo=StationView&STATION_ID=10653,1,DAILY_RECORDS,Mean daily discharge in CFS,Mean daily discharge in CFS,1.0,CFS,4,2022.0,2025.0
DUCHESNE,,10654,MONTES CREEK 8725,8725,*,Conveyance,,10654,UINTA AND WHITEROCKS RIVERS,Observational,,,A,40.3537437012484,-109.956211876544,Scrape,Yes,https://waterrights.utah.gov/cgi-bin/dvrtview.exe?Modinfo=StationView&STATION_ID=10654,1,DAILY_RECORDS,Mean daily discharge in CFS,Mean daily discharge in CFS,1.0,CFS,15,2010.0,2024.0
DUCHESNE,,10661,MURRAY DITCH (9524 SCRAPE),9524,*,Conveyance,,10661,UINTA AND WHITEROCKS RIVERS,Observational,,,A,40.4476598929515,-110.068475814656,Scrape,Yes,https://waterrights.utah.gov/cgi-bin/dvrtview.exe?Modinfo=StationView&STATION_ID=10661,1,DAILY_RECORDS,Mean daily discharge in CFS,Mean daily discharge in CFS,1.0,CFS,16,2010.0,2025.0
DUCHESNE,,10664,OURAY CANAL EXTENSION 8934,8934,*,Conveyance,,10664,UINTA AND WHITEROCKS RIVERS,Observational,,,I,40.3786608105314,-109.771904401475,Scrape,Yes,https://waterrights.utah.gov/cgi-bin/dvrtview.exe?Modinfo=StationView&STATION_ID=10664,1,DAILY_RECORDS,Mean daily discharge in CFS,Mean daily discharge in CFS,1.0,CFS,7,2010.0,2019.0
DUCHESNE,,10665,OURAY PARK 8747,8747,*,Conveyance,,10665,UINTA AND WHITEROCKS RIVERS,Observational,8 FOOT PARSHALL FLUME W/ RECORDER,,A,40.3832140244577,-109.859261843687,Scrape,Yes,https://waterrights.utah.gov/cgi-bin/dvrtview.exe?Modinfo=StationView&STATION_ID=10665,1,DAILY_RECORDS,Mean daily discharge in CFS,Mean daily discharge in CFS,1.0,CFS,16,2010.0,2025.0
DUCHESNE,,10666,PARRY PAGE 2,10281,*,Conveyance,,10666,UINTA AND WHITEROCKS RIVERS,Observational,,,A,40.383162006498,-110.059127999325,Scrape,Yes,https://waterrights.utah.gov/cgi-bin/dvrtview.exe?Modinfo=StationView&STATION_ID=10666,1,DAILY_RECORDS,Mean daily discharge in CFS,Mean daily discharge in CFS,1.0,CFS,15,2011.0,2025.0
DUCHESNE,,10668,PAYNE CANAL 1,8760,*,Conveyance,,10668,LAKE FORK RIVER,Observational,,,A,40.4658871687148,-110.349368618202,Scrape,Yes,https://waterrights.utah.gov/cgi-bin/dvrtview.exe?Modinfo=StationView&STATION_ID=10668,1,DAILY_RECORDS,Mean daily discharge in CFS,Mean daily discharge in CFS,1.0,CFS,16,2010.0,2025.0
DUCHESNE,,10669,PAYNE/YELLOWSTONE FEEDER - YELLOWSTONE FLOW,8761,*,Conveyance,,10669,LAKE FORK RIVER,Observational,,,A,40.4658953257741,-110.349116491853,Scrape,Yes,https://waterrights.utah.gov/cgi-bin/dvrtview.exe?Modinfo=StationView&STATION_ID=10669,1,DAILY_RECORDS,Mean daily discharge in CFS,Mean daily discharge in CFS,1.0,CFS,16,2010.0,2025.0
DUCHESNE,,10670,PURDY,7503,*,Conveyance,,10670,LAKE FORK RIVER,Observational,PARSHALL FLUME,,A,40.2874428233609,-110.248579641549,Scrape,Yes,https://waterrights.utah.gov/cgi-bin/dvrtview.exe?Modinfo=StationView&STATION_ID=10670,1,DAILY_RECORDS,Mean daily discharge in CFS,Mean daily discharge in CFS,1.0,CFS,17,2000.0,2025.0
DUCHESNE,,10671,RAINBOW CANAL,12028,*,Conveyance,,10671,UINTA AND WHITEROCKS RIVERS,Observational,,,A,40.4556835880022,-110.083667638608,Scrape,Yes,https://waterrights.utah.gov/cgi-bin/dvrtview.exe?Modinfo=StationView&STATION_ID=10671,1,DAILY_RECORDS,Mean daily discharge in CFS,Mean daily discharge in CFS,1.0,CFS,9,2016.0,2025.0
DUCHESNE,,10672,RED CAP CANAL (SCRAPE),8793,*,Conveyance,,10672,LAKE FORK RIVER,Observational,7 FOOT PARSHALL FLUME W/ RECORDER,,A,40.2573661060463,-110.226110737355,Scrape,Yes,https://waterrights.utah.gov/cgi-bin/dvrtview.exe?Modinfo=StationView&STATION_ID=10672,1,DAILY_RECORDS,Mean daily discharge in CFS,Mean daily discharge in CFS,1.0,CFS,16,2010.0,2025.0
DUCHESNE,,10673,REDCAP GILBERT METER,10459,*,Conveyance,,10673,LAKE FORK RIVER,Observational,,,A,40.2511306003341,-110.219031058767,Scrape,Yes,https://waterrights.utah.gov/cgi-bin/dvrtview.exe?Modinfo=StationView&STATION_ID=10673,1,DAILY_RECORDS,Mean daily discharge in CFS,Mean daily discharge in CFS,1.0,CFS,14,2012.0,2025.0
DUCHESNE,,10674,ROOSEVELT DITCH (9514),9514,*,Conveyance,,10674,UINTA AND WHITEROCKS RIVERS,Observational,,,A,40.4374169867617,-110.02958224302,Scrape,Yes,https://waterrights.utah.gov/cgi-bin/dvrtview.exe?Modinfo=StationView&STATION_ID=10674,1,DAILY_RECORDS,Mean daily discharge in CFS,Mean daily discharge in CFS,1.0,CFS,15,2010.0,2025.0
DUCHESNE,,10675,RP ROOSEVELT TURNOUT,11825,*,Conveyance,,10675,TEMP-43,Observational,,,A,,,Scrape,Yes,https://waterrights.utah.gov/cgi-bin/dvrtview.exe?Modinfo=StationView&STATION_ID=10675,1,DAILY_RECORDS,Mean daily discharge in CFS,Mean daily discharge in CFS,1.0,CFS,10,2016.0,2025.0
DUCHESNE,,10676,RP STATE ROAD,10758,*,Conveyance,,10676,LAKE FORK RIVER,Observational,,,A,40.3121853486277,-110.010100754254,Scrape,Yes,https://waterrights.utah.gov/cgi-bin/dvrtview.exe?Modinfo=StationView&STATION_ID=10676,1,DAILY_RECORDS,Mean daily discharge in CFS,Mean daily discharge in CFS,1.0,CFS,13,2013.0,2025.0
DUCHESNE,,10678,SAND WASH PIPE LINE,8813,*,Conveyance,,10678,LAKE FORK RIVER,Observational,,,A,40.277814573722,-110.186579898777,Scrape,Yes,https://waterrights.utah.gov/cgi-bin/dvrtview.exe?Modinfo=StationView&STATION_ID=10678,1,DAILY_RECORDS,Mean daily discharge in CFS,Mean daily discharge in CFS,1.0,CFS,17,2009.0,2025.0
DUCHESNE,,10683,SOUTH BONITA,8833,*,Conveyance,,10683,LAKE FORK RIVER,Observational,,,A,40.3791618707404,-110.334013240134,Scrape,Yes,https://waterrights.utah.gov/cgi-bin/dvrtview.exe?Modinfo=StationView&STATION_ID=10683,1,DAILY_RECORDS,Mean daily discharge in CFS,Mean daily discharge in CFS,1.0,CFS,17,2001.0,2025.0
DUCHESNE,,10685,STATE ROAD TURN OUT,9284,*,Conveyance,,10685,UINTA AND WHITEROCKS RIVERS,Observational,,,A,40.410116317264,-110.113810798156,Scrape,Yes,https://waterrights.utah.gov/cgi-bin/dvrtview.exe?Modinfo=StationView&STATION_ID=10685,1,DAILY_RECORDS,Mean daily discharge in CFS,Mean daily discharge in CFS,1.0,CFS,10,2010.0,2022.0
DUCHESNE,,10687,TN DODD 8851,8851,*,Conveyance,,10687,UINTA AND WHITEROCKS RIVERS,Observational,4 FOOT PARSHALL FLUME,,A,40.5136162782787,-110.029573204693,Scrape,Yes,https://waterrights.utah.gov/cgi-bin/dvrtview.exe?Modinfo=StationView&STATION_ID=10687,1,DAILY_RECORDS,Mean daily discharge in CFS,Mean daily discharge in CFS,1.0,CFS,16,2010.0,2025.0
DUCHESNE,,10690,U.S. DEEP CREEK CANAL 8861,8861,*,Conveyance,,10690,UINTA AND WHITEROCKS RIVERS,Observational,6 FOOT PARSHALL FLUME,,A,40.4260624744763,-109.902963748402,Scrape,Yes,https://waterrights.utah.gov/cgi-bin/dvrtview.exe?Modinfo=StationView&STATION_ID=10690,1,DAILY_RECORDS,Mean daily discharge in CFS,Mean daily discharge in CFS,1.0,CFS,16,2010.0,2025.0
DUCHESNE,,10691,U.S. WHITE ROCKS 8865,8865,*,Conveyance,,10691,UINTA AND WHITEROCKS RIVERS,Observational,6 FOOT PARSHALL FLUME W/ RECORDER,,A,40.5506816487896,-109.920650463804,Scrape,Yes,https://waterrights.utah.gov/cgi-bin/dvrtview.exe?Modinfo=StationView&STATION_ID=10691,1,DAILY_RECORDS,Mean daily discharge in CFS,Mean daily discharge in CFS,1.0,CFS,16,2010.0,2025.0
DUCHESNE,,10692,UINTA CANAL 8873,8873,*,Conveyance,,10692,UINTA AND WHITEROCKS RIVERS,Observational,12 FOOT PARSHALL FLUME,,A,40.5055148206975,-110.009090529632,Scrape,Yes,https://waterrights.utah.gov/cgi-bin/dvrtview.exe?Modinfo=StationView&STATION_ID=10692,1,DAILY_RECORDS,Mean daily discharge in CFS,Mean daily discharge in CFS,1.0,CFS,12,1924.0,2025.0
DUCHESNE,,10693,UINTA INDEPENDENT 8878,8878,*,Conveyance,,10693,UINTA AND WHITEROCKS RIVERS,Observational,5 - FOOT PARSHALL FLUME,,A,40.4745737475936,-109.965582984459,Scrape,Yes,https://waterrights.utah.gov/cgi-bin/dvrtview.exe?Modinfo=StationView&STATION_ID=10693,1,DAILY_RECORDS,Mean daily discharge in CFS,Mean daily discharge in CFS,1.0,CFS,16,2010.0,2025.0
DUCHESNE,,10694,UINTAH NO. 1 CANAL 8882,8882,*,Conveyance,,10694,UINTA AND WHITEROCKS RIVERS,Observational,10 FOOT PARSHALL FLUME,,A,40.460753861245,-109.951528060279,Scrape,Yes,https://waterrights.utah.gov/cgi-bin/dvrtview.exe?Modinfo=StationView&STATION_ID=10694,1,DAILY_RECORDS,Mean daily discharge in CFS,Mean daily discharge in CFS,1.0,CFS,16,2010.0,2025.0
DUCHESNE,,10695,UPALCO 18``,8891,*,Conveyance,,10695,LAKE FORK RIVER,Observational,,,I,,,Scrape,Yes,https://waterrights.utah.gov/cgi-bin/dvrtview.exe?Modinfo=StationView&STATION_ID=10695,1,DAILY_RECORDS,Mean daily discharge in CFS,Mean daily discharge in CFS,1.0,CFS,16,2010.0,2025.0
DUCHESNE,,10696,UPALCO 30``,8892,*,Conveyance,,10696,LAKE FORK RIVER,Observational,,,I,,,Scrape,Yes,https://waterrights.utah.gov/cgi-bin/dvrtview.exe?Modinfo=StationView&STATION_ID=10696,1,DAILY_RECORDS,Mean daily discharge in CFS,Mean daily discharge in CFS,1.0,CFS,16,2010.0,2025.0
DUCHESNE,,10702,US FARM CREEK,8923,*,Conveyance,,10702,UINTA AND WHITEROCKS RIVERS,Observational,4 FOOT PARSHALL FLUME - CONCRETE,,A,40.5498606955544,-109.924207531892,Scrape,Yes,https://waterrights.utah.gov/cgi-bin/dvrtview.exe?Modinfo=StationView&STATION_ID=10702,1,DAILY_RECORDS,Mean daily discharge in CFS,Mean daily discharge in CFS,1.0,CFS,16,2010.0,2025.0
DUCHESNE,,10703,USLF_2.5,12519,*,Conveyance,,10703,LAKE FORK RIVER,Observational,,,I,40.417800000002,-110.3261,Scrape,Yes,https://waterrights.utah.gov/cgi-bin/dvrtview.exe?Modinfo=StationView&STATION_ID=10703,1,DAILY_RECORDS,Mean daily discharge in CFS,Mean daily discharge in CFS,1.0,CFS,4,2018.0,2025.0
DUCHESNE,,10704,USLF_3,12515,*,Conveyance,,10704,TEMP-43,Observational,,,I,40.4182670000034,-110.322338,Scrape,Yes,https://waterrights.utah.gov/cgi-bin/dvrtview.exe?Modinfo=StationView&STATION_ID=10704,1,DAILY_RECORDS,Mean daily discharge in CFS,Mean daily discharge in CFS,1.0,CFS,3,2018.0,2020.0
DUCHESNE,,10707,UTELAND,7981,*,Conveyance,,10707,LAKE FORK RIVER,Observational,,,A,40.2875062413034,-110.248489788221,Scrape,Yes,https://waterrights.utah.gov/cgi-bin/dvrtview.exe?Modinfo=StationView&STATION_ID=10707,1,DAILY_RECORDS,Mean daily discharge in CFS,Mean daily discharge in CFS,1.0,CFS,17,2000.0,2025.0
DUCHESNE,,10708,WHITEROCKS EXCHANGE 10329,10329,*,Conveyance,,10708,UINTA AND WHITEROCKS RIVERS,Observational,,,A,,,Scrape,Yes,https://waterrights.utah.gov/cgi-bin/dvrtview.exe?Modinfo=StationView&STATION_ID=10708,1,DAILY_RECORDS,Mean daily discharge in CFS,Mean daily discharge in CFS,1.0,CFS,7,2015.0,2025.0
DUCHESNE,,10709,WHITEROCKS - OURAY CANAL  8929,8929,*,Conveyance,,10709,UINTA AND WHITEROCKS RIVERS,Observational,10 FOOT PARSHALL FLUME,,A,40.4896184912397,-109.911303789549,Scrape,Yes,https://waterrights.utah.gov/cgi-bin/dvrtview.exe?Modinfo=StationView&STATION_ID=10709,1,DAILY_RECORDS,Mean daily discharge in CFS,Mean daily discharge in CFS,1.0,CFS,16,2010.0,2025.0
DUCHESNE,,10710,YELLOWSTONE EXTENSION WEST NEOLA,9522,*,Conveyance,,10710,LAKE FORK RIVER,Observational,,,A,40.4460239875449,-110.060817779017,Scrape,Yes,https://waterrights.utah.gov/cgi-bin/dvrtview.exe?Modinfo=StationView&STATION_ID=10710,1,DAILY_RECORDS,Mean daily discharge in CFS,Mean daily discharge in CFS,1.0,CFS,16,2010.0,2025.0
DUCHESNE,,10712,YFC END,13205,*,Conveyance,,10712,LAKE FORK RIVER,Observational,,,A,40.4644755139872,-110.138491697492,Scrape,Yes,https://waterrights.utah.gov/cgi-bin/dvrtview.exe?Modinfo=StationView&STATION_ID=10712,1,DAILY_RECORDS,Mean daily discharge in CFS,Mean daily discharge in CFS,1.0,CFS,6,2020.0,2025.0
USGS,,10715,"USGS SPANISH FORK AT CASTILLA, UT",10150500,"SPANISH FORK AT CASTILLA, UT",Stream,1.0,10715,SPANISH FORK RIVER,Observational,,,A,40.0493337962888,-111.548147529295,Scrape,Yes,https://waterrights.utah.gov/cgi-bin/dvrtview.exe?Modinfo=StationView&STATION_ID=10715,1,DAILY_RECORDS,Mean daily discharge in CFS,Mean daily discharge in CFS,1.0,CFS,5,2021.0,2025.0
USGS,,10717,"USGS DOLORES RIVER NEAR CISCO, UT",9180000,"USGS DOLORES RIVER NEAR CISCO, UT",Stream,,10717,USGS GAGES,Observational,,,A,38.7977485171747,-109.195158844789,Scrape,Yes,https://waterrights.utah.gov/cgi-bin/dvrtview.exe?Modinfo=StationView&STATION_ID=10717,1,DAILY_RECORDS,Mean daily discharge in CFS,Mean daily discharge in CFS,1.0,CFS,76,1950.0,2025.0
USGS,,10718,"USGS COLORADO RIVER NEAR CISCO, UT",9180500,"USGS COLORADO RIVER NEAR CISCO, UT",Stream,,10718,USGS GAGES,Observational,,,A,38.8113625740608,-109.29297976822,Scrape,Yes,https://waterrights.utah.gov/cgi-bin/dvrtview.exe?Modinfo=StationView&STATION_ID=10718,1,DAILY_RECORDS,Mean daily discharge in CFS,Mean daily discharge in CFS,1.0,CFS,109,1913.0,2025.0
USGS,,10719,"USGS PACK CREEK AT PACK CREEK ROAD BRIDGE NEAR MOAB, UT",9184600,"USGS PACK CREEK AT PACK CREEK ROAD BRIDGE NEAR MOAB, UT",Stream,,10719,USGS GAGES,Observational,,,A,38.4457796258242,-109.385252560967,Scrape,Yes,https://waterrights.utah.gov/cgi-bin/dvrtview.exe?Modinfo=StationView&STATION_ID=10719,1,DAILY_RECORDS,Mean daily discharge in CFS,Mean daily discharge in CFS,1.0,CFS,4,2022.0,2025.0
USGS,,10720,"USGS COLORADO RIVER AT POTASH, UT",9185600,"USGS COLORADO RIVER AT POTASH, UT",Stream,,10720,USGS GAGES,Observational,,,A,38.5055264409989,-109.658032707111,Scrape,Yes,https://waterrights.utah.gov/cgi-bin/dvrtview.exe?Modinfo=StationView&STATION_ID=10720,1,DAILY_RECORDS,Mean daily discharge in CFS,Mean daily discharge in CFS,1.0,CFS,12,2014.0,2025.0
USGS,,10721,"USGS BLACKS FORK NEAR ROBERTSON, WY",9217900,"USGS BLACKS FORK NEAR ROBERTSON, WY",Stream,,10721,USGS GAGES,Observational,,,A,40.9590332237672,-110.57963166052,Scrape,Yes,https://waterrights.utah.gov/cgi-bin/dvrtview.exe?Modinfo=StationView&STATION_ID=10721,1,DAILY_RECORDS,Mean daily discharge in CFS,Mean daily discharge in CFS,1.0,CFS,55,1966.0,2025.0
USGS,,10722,"USGS GREEN RIVER NEAR GREENDALE, UT",9234500,"USGS GREEN RIVER NEAR GREENDALE, UT",Stream,,10722,USGS GAGES,Observational,,,A,40.9083211403365,-109.422347629568,Scrape,Yes,https://waterrights.utah.gov/cgi-bin/dvrtview.exe?Modinfo=StationView&STATION_ID=10722,1,DAILY_RECORDS,Mean daily discharge in CFS,Mean daily discharge in CFS,1.0,CFS,76,1950.0,2025.0
USGS,,10723,"USGS GREEN RIVER NEAR JENSEN, UT",9261000,"USGS GREEN RIVER NEAR JENSEN, UT",Stream,,10723,USGS GAGES,Observational,,,A,40.4096831726667,-109.235041878997,Scrape,Yes,https://waterrights.utah.gov/cgi-bin/dvrtview.exe?Modinfo=StationView&STATION_ID=10723,1,DAILY_RECORDS,Mean daily discharge in CFS,Mean daily discharge in CFS,1.0,CFS,80,1946.0,2025.0
USGS,,10724,"USGS GREEN RIVER AT OURAY, UTAH",9272400,"USGS GREEN RIVER AT OURAY, UTAH",Stream,,10724,USGS GAGES,Observational,,,A,40.0852954803755,-109.67687703792,Scrape,Yes,https://waterrights.utah.gov/cgi-bin/dvrtview.exe?Modinfo=StationView&STATION_ID=10724,1,DAILY_RECORDS,Mean daily discharge in CFS,Mean daily discharge in CFS,1.0,CFS,17,2009.0,2025.0
USGS,,10725,"USGS DUCHESNE RIVER NEAR TABIONA, UT",9277500,"USGS DUCHESNE RIVER NEAR TABIONA, UT",Stream,,10725,DUCHESNE RIVER,Observational,,,A,40.3001556218909,-110.602345532622,Scrape,Yes,https://waterrights.utah.gov/cgi-bin/dvrtview.exe?Modinfo=StationView&STATION_ID=10725,1,DAILY_RECORDS,Mean daily discharge in CFS,Mean daily discharge in CFS,1.0,CFS,108,1918.0,2025.0
USGS,,10726,"USGS ROCK CREEK NEAR MOUNTAIN HOME, UT",9279000,"USGS ROCK CREEK NEAR MOUNTAIN HOME, UT",Stream,,10726,USGS GAGES,Observational,,,A,40.4932419297007,-110.577034769748,Scrape,Yes,https://waterrights.utah.gov/cgi-bin/dvrtview.exe?Modinfo=StationView&STATION_ID=10726,1,DAILY_RECORDS,Mean daily discharge in CFS,Mean daily discharge in CFS,1.0,CFS,89,1937.0,2025.0
USGS,,10727,"USGS STRAWBERRY RIVER AT PINNACLES NEAR FRUITLAND, UT",9285900,"USGS STRAWBERRY RIVER AT PINNACLES NEAR FRUITLAND, UT",Stream,,10727,USGS GAGES,Observational,,,A,40.1270922315338,-110.741952334766,Scrape,Yes,https://waterrights.utah.gov/cgi-bin/dvrtview.exe?Modinfo=StationView&STATION_ID=10727,1,DAILY_RECORDS,Mean daily discharge in CFS,Mean daily discharge in CFS,1.0,CFS,27,1989.0,2025.0
USGS,,10728,"USGS CURRANT CREEK NEAR FRUITLAND, UT",9288000,"USGS CURRANT CREEK NEAR FRUITLAND, UT",Stream,,10728,USGS GAGES,Observational,,,A,40.2006728864159,-110.907691835459,Scrape,Yes,https://waterrights.utah.gov/cgi-bin/dvrtview.exe?Modinfo=StationView&STATION_ID=10728,1,DAILY_RECORDS,Mean daily discharge in CFS,Mean daily discharge in CFS,1.0,CFS,90,1935.0,2025.0
USGS,,10729,"USGS STRAWBERRY RIVER NEAR DUCHESNE, UT",9288180,"USGS STRAWBERRY RIVER NEAR DUCHESNE, UT",Stream,,10729,DUCHESNE RIVER,Observational,,,A,40.1546916842634,-110.554914901074,Scrape,Yes,https://waterrights.utah.gov/cgi-bin/dvrtview.exe?Modinfo=StationView&STATION_ID=10729,1,DAILY_RECORDS,Mean daily discharge in CFS,Mean daily discharge in CFS,1.0,CFS,71,1934.0,2025.0
USGS,,10730,"USGS LAKE FORK RIVER AB MOON LAKE, NR MOUNTAIN HOME, UT",9289500,"USGS LAKE FORK RIVER AB MOON LAKE, NR MOUNTAIN HOME, UT",Stream,,10730,USGS GAGES,Observational,,,A,40.606757023741,-110.526945039182,Scrape,Yes,https://waterrights.utah.gov/cgi-bin/dvrtview.exe?Modinfo=StationView&STATION_ID=10730,1,DAILY_RECORDS,Mean daily discharge in CFS,Mean daily discharge in CFS,1.0,CFS,79,1933.0,2025.0
USGS,,10731,"USGS LAKE FORK RIVER BL MOON LAKE NR MOUNTAIN HOME, UT",9291000,"USGS LAKE FORK RIVER BL MOON LAKE NR MOUNTAIN HOME, UT",Stream,,10731,USGS GAGES,Observational,,,A,40.5563538488321,-110.484545985448,Scrape,Yes,https://waterrights.utah.gov/cgi-bin/dvrtview.exe?Modinfo=StationView&STATION_ID=10731,1,DAILY_RECORDS,Mean daily discharge in CFS,Mean daily discharge in CFS,1.0,CFS,84,1942.0,2025.0
USGS,,10732,"USGS YELLOWSTONE R @ BRIDGE CMPGRND NR ALTONAH, UT",9292000,"USGS YELLOWSTONE R @ BRIDGE CMPGRND NR ALTONAH, UT",Stream,,10732,USGS GAGES,Observational,,,A,40.5463572237733,-110.333655089541,Scrape,Yes,https://waterrights.utah.gov/cgi-bin/dvrtview.exe?Modinfo=StationView&STATION_ID=10732,1,DAILY_RECORDS,Mean daily discharge in CFS,Mean daily discharge in CFS,1.0,CFS,30,1996.0,2025.0
USGS,,10733,"USGS YELLOWSTONE RIVER NEAR ALTONAH, UT",9292500,"USGS YELLOWSTONE RIVER NEAR ALTONAH, UT",Stream,,10733,USGS GAGES,Observational,,,A,40.5119459634854,-110.341591444976,Scrape,Yes,https://waterrights.utah.gov/cgi-bin/dvrtview.exe?Modinfo=StationView&STATION_ID=10733,1,DAILY_RECORDS,Mean daily discharge in CFS,Mean daily discharge in CFS,1.0,CFS,82,1944.0,2025.0
USGS,,10734,"USGS DUCHESNE RIVER AT MYTON, UT",9295000,"USGS DUCHESNE RIVER AT MYTON, UT",Stream,,10734,USGS GAGES,Observational,,,A,40.2001453747719,-110.063688406425,Scrape,Yes,https://waterrights.utah.gov/cgi-bin/dvrtview.exe?Modinfo=StationView&STATION_ID=10734,1,DAILY_RECORDS,Mean daily discharge in CFS,Mean daily discharge in CFS,1.0,CFS,116,1910.0,2025.0
USGS,,10735,"USGS UINTA R BLW POWERPLANT DIVERSION, NR NEOLA, UT",9296800,"USGS UINTA R BLW POWERPLANT DIVERSION, NR NEOLA, UT",Stream,,10735,USGS GAGES,Observational,,,A,40.5912641537215,-110.114523229756,Scrape,Yes,https://waterrights.utah.gov/cgi-bin/dvrtview.exe?Modinfo=StationView&STATION_ID=10735,1,DAILY_RECORDS,Mean daily discharge in CFS,Mean daily discharge in CFS,1.0,CFS,36,1990.0,2025.0
USGS,,10736,"USGS WHITEROCKS RIVER NEAR WHITEROCKS, UT",9299500,"USGS WHITEROCKS RIVER NEAR WHITEROCKS, UT",Stream,,10736,USGS GAGES,Observational,,,A,40.5934613335099,-109.932078366631,Scrape,Yes,https://waterrights.utah.gov/cgi-bin/dvrtview.exe?Modinfo=StationView&STATION_ID=10736,1,DAILY_RECORDS,Mean daily discharge in CFS,Mean daily discharge in CFS,1.0,CFS,110,1909.0,2025.0
USGS,,10737,"USGS WHITE RIVER NEAR WATSON, UTAH",9306500,"USGS WHITE RIVER NEAR WATSON, UTAH",Stream,,10737,USGS GAGES,Observational,,,A,39.9791378496983,-109.178659589414,Scrape,Yes,https://waterrights.utah.gov/cgi-bin/dvrtview.exe?Modinfo=StationView&STATION_ID=10737,1,DAILY_RECORDS,Mean daily discharge in CFS,Mean daily discharge in CFS,1.0,CFS,98,1923.0,2025.0
USGS,,10738,"USGS PRICE RIVER AT WOODSIDE, UT",9314500,"USGS PRICE RIVER AT WOODSIDE, UT",Stream,,10738,USGS GAGES,Observational,,,A,39.2644051995624,-110.342774703648,Scrape,Yes,https://waterrights.utah.gov/cgi-bin/dvrtview.exe?Modinfo=StationView&STATION_ID=10738,1,DAILY_RECORDS,Mean daily discharge in CFS,Mean daily discharge in CFS,1.0,CFS,74,1945.0,2025.0
USGS,,10740,"USGS SAN RAFAEL RIVER NEAR GREEN RIVER, UT",9328500,"USGS SAN RAFAEL RIVER NEAR GREEN RIVER, UT",Stream,,10740,USGS GAGES,Observational,,,A,38.858235300717,-110.36985952625,Scrape,Yes,https://waterrights.utah.gov/cgi-bin/dvrtview.exe?Modinfo=StationView&STATION_ID=10740,1,DAILY_RECORDS,Mean daily discharge in CFS,Mean daily discharge in CFS,1.0,CFS,91,1909.0,2025.0
USGS,,10741,"USGS SAN RAFAEL RIVER AT MOUTH NEAR GREEN RIVER, UT",9328910,"USGS SAN RAFAEL RIVER AT MOUTH NEAR GREEN RIVER, UT",Stream,,10741,USGS GAGES,Observational,,,A,38.757680885592,-110.143468477399,Scrape,Yes,https://waterrights.utah.gov/cgi-bin/dvrtview.exe?Modinfo=StationView&STATION_ID=10741,1,DAILY_RECORDS,Mean daily discharge in CFS,Mean daily discharge in CFS,1.0,CFS,11,2015.0,2025.0
USGS,,10742,USGS GREEN RIVER AT MINERAL BOTTOM NR CYNLNDS NTL PARK,9328920,USGS GREEN RIVER AT MINERAL BOTTOM NR CYNLNDS NTL PARK,Stream,,10742,USGS GAGES,Observational,,,A,38.5243764637194,-109.99485363941,Scrape,Yes,https://waterrights.utah.gov/cgi-bin/dvrtview.exe?Modinfo=StationView&STATION_ID=10742,1,DAILY_RECORDS,Mean daily discharge in CFS,Mean daily discharge in CFS,1.0,CFS,12,2014.0,2025.0
USGS,,10743,"USGS SEVEN MILE CREEK NEAR FISH LAKE, UT",9329050,"USGS SEVEN MILE CREEK NEAR FISH LAKE, UT",Stream,,10743,USGS GAGES,Observational,,,A,38.6277884045799,-111.64779242959,Scrape,Yes,https://waterrights.utah.gov/cgi-bin/dvrtview.exe?Modinfo=StationView&STATION_ID=10743,1,DAILY_RECORDS,Mean daily discharge in CFS,Mean daily discharge in CFS,1.0,CFS,53,1964.0,2025.0
USGS,,10744,USGS DIRTY DEVIL R AB POISON SP WSH NR HANKSVILLE UT,9333500,USGS DIRTY DEVIL R AB POISON SP WSH NR HANKSVILLE UT,Stream,,10744,USGS GAGES,Observational,,,A,38.0942251436341,-110.406666221182,Scrape,Yes,https://waterrights.utah.gov/cgi-bin/dvrtview.exe?Modinfo=StationView&STATION_ID=10744,1,DAILY_RECORDS,Mean daily discharge in CFS,Mean daily discharge in CFS,1.0,CFS,71,1948.0,2025.0
USGS,,10745,"USGS PINE CREEK NEAR ESCALANTE, UT",9337000,"USGS PINE CREEK NEAR ESCALANTE, UT",Stream,,10745,USGS GAGES,Observational,,,A,37.8625177210265,-111.635967857544,Scrape,Yes,https://waterrights.utah.gov/cgi-bin/dvrtview.exe?Modinfo=StationView&STATION_ID=10745,1,DAILY_RECORDS,Mean daily discharge in CFS,Mean daily discharge in CFS,1.0,CFS,75,1950.0,2025.0
USGS,,10746,"USGS ESCALANTE RIVER NEAR ESCALANTE, UT",9337500,"USGS ESCALANTE RIVER NEAR ESCALANTE, UT",Stream,,10746,USGS GAGES,Observational,,,A,37.7780201225067,-111.574486161879,Scrape,Yes,https://waterrights.utah.gov/cgi-bin/dvrtview.exe?Modinfo=StationView&STATION_ID=10746,1,DAILY_RECORDS,Mean daily discharge in CFS,Mean daily discharge in CFS,1.0,CFS,71,1911.0,2025.0
USGS,,10747,"USGS MCELMO CREEK NEAR BLUFF, UTAH",9372200,"USGS MCELMO CREEK NEAR BLUFF, UTAH",Stream,,10747,USGS GAGES,Observational,,,A,37.2197712204727,-109.183930373295,Scrape,Yes,https://waterrights.utah.gov/cgi-bin/dvrtview.exe?Modinfo=StationView&STATION_ID=10747,1,DAILY_RECORDS,Mean daily discharge in CFS,Mean daily discharge in CFS,1.0,CFS,4,2021.0,2024.0
USGS,,10749,"USGS RECAPTURE CREEK NEAR BLANDING, UT",9378630,"USGS RECAPTURE CREEK NEAR BLANDING, UT",Stream,,10749,USGS GAGES,Observational,,,A,37.7555413441684,-109.476498859229,Scrape,Yes,https://waterrights.utah.gov/cgi-bin/dvrtview.exe?Modinfo=StationView&STATION_ID=10749,1,DAILY_RECORDS,Mean daily discharge in CFS,Mean daily discharge in CFS,1.0,CFS,61,1965.0,2025.0
USGS,,10750,"USGS CHINLE CREEK AT MOUTH NEAR BLUFF,  UTAH",9379250,"USGS CHINLE CREEK AT MOUTH NEAR BLUFF,  UTAH",Stream,,10750,USGS GAGES,Observational,,,A,37.1998182485392,-109.710619187833,Scrape,Yes,https://waterrights.utah.gov/cgi-bin/dvrtview.exe?Modinfo=StationView&STATION_ID=10750,1,DAILY_RECORDS,Mean daily discharge in CFS,Mean daily discharge in CFS,1.0,CFS,4,2021.0,2024.0
USGS,,10751,"USGS SAN JUAN RIVER NEAR BLUFF, UT",9379500,"USGS SAN JUAN RIVER NEAR BLUFF, UT",Stream,,10751,USGS GAGES,Observational,,,A,37.150520329646,-109.866771236895,Scrape,Yes,https://waterrights.utah.gov/cgi-bin/dvrtview.exe?Modinfo=StationView&STATION_ID=10751,1,DAILY_RECORDS,Mean daily discharge in CFS,Mean daily discharge in CFS,1.0,CFS,103,1914.0,2025.0
USGS,,10752,"USGS PARIA RIVER NEAR KANAB, UTAH",9381800,"USGS PARIA RIVER NEAR KANAB, UTAH",Stream,,10752,USGS GAGES,Observational,,,A,37.1074530343527,-111.905931834546,Scrape,Yes,https://waterrights.utah.gov/cgi-bin/dvrtview.exe?Modinfo=StationView&STATION_ID=10752,1,DAILY_RECORDS,Mean daily discharge in CFS,Mean daily discharge in CFS,1.0,CFS,24,2002.0,2025.0
USGS,,10753,"USGS KANAB CREEK NEAR KANAB, UT",9403600,"USGS KANAB CREEK NEAR KANAB, UT",Stream,,10753,USGS GAGES,Observational,,,A,37.1005385342733,-112.547974436165,Scrape,Yes,https://waterrights.utah.gov/cgi-bin/dvrtview.exe?Modinfo=StationView&STATION_ID=10753,1,DAILY_RECORDS,Mean daily discharge in CFS,Mean daily discharge in CFS,1.0,CFS,47,1979.0,2025.0
USGS,,10754,"USGS EAST FORK VIRGIN RIVER NEAR SPRINGDALE, UT",9404900,"USGS EAST FORK VIRGIN RIVER NEAR SPRINGDALE, UT",Stream,,10754,EAST FORK VIRGIN RIVER,Observational,,,A,37.1639227453376,-112.958496876751,Scrape,Yes,https://waterrights.utah.gov/cgi-bin/dvrtview.exe?Modinfo=StationView&STATION_ID=10754,1,DAILY_RECORDS,Mean daily discharge in CFS,Mean daily discharge in CFS,1.0,CFS,35,1991.0,2025.0
USGS,,10755,"USGS NORTH FORK VIRGIN RIVER NEAR SPRINGDALE, UT",9405500,"USGS NORTH FORK VIRGIN RIVER NEAR SPRINGDALE, UT",Stream,,10755,USGS GAGES,Observational,,,A,37.2096894079537,-112.978439832358,Scrape,Yes,https://waterrights.utah.gov/cgi-bin/dvrtview.exe?Modinfo=StationView&STATION_ID=10755,1,DAILY_RECORDS,Mean daily discharge in CFS,Mean daily discharge in CFS,1.0,CFS,102,1923.0,2025.0
USGS,,10756,"USGS VIRGIN RIVER AT VIRGIN, UT",9406000,"USGS VIRGIN RIVER AT VIRGIN, UT",Stream,,10756,USGS GAGES,Observational,,,A,37.2037891973209,-113.180743268077,Scrape,Yes,https://waterrights.utah.gov/cgi-bin/dvrtview.exe?Modinfo=StationView&STATION_ID=10756,1,DAILY_RECORDS,Mean daily discharge in CFS,Mean daily discharge in CFS,1.0,CFS,111,1909.0,2025.0
USGS,,10757,"USGS VIRGIN RIVER ABOVE LA VERKIN CREEK NR LA VERKIN, UT",9406100,"USGS VIRGIN RIVER AB LA VERKIN CREEK NR LA VERKIN, UT",Stream,,10757,USGS GAGES,Observational,,,A,37.1970744015963,-113.285010637497,Scrape,Yes,https://waterrights.utah.gov/cgi-bin/dvrtview.exe?Modinfo=StationView&STATION_ID=10757,1,DAILY_RECORDS,Mean daily discharge in CFS,Mean daily discharge in CFS,1.0,CFS,21,2005.0,2025.0
USGS,,10758,"USGS LEEDS CREEK NEAR LEEDS, UT",9408000,"USGS LEEDS CREEK NEAR LEEDS, UT",Stream,,10758,USGS GAGES,Observational,,,A,37.2676533467346,-113.370579246878,Scrape,Yes,https://waterrights.utah.gov/cgi-bin/dvrtview.exe?Modinfo=StationView&STATION_ID=10758,1,DAILY_RECORDS,Mean daily discharge in CFS,Mean daily discharge in CFS,1.0,CFS,62,1964.0,2025.0
USGS,,10759,"USGS VIRGIN RIVER ABOVE QUAIL CREEK NEAR HURRICANE, UT",9408135,"USGS VIRGIN RIVER AB QUAIL CREEK NEAR HURRICANE, UT",Stream,,10759,USGS GAGES,Observational,,,A,37.1920473530561,-113.353218023063,Scrape,Yes,https://waterrights.utah.gov/cgi-bin/dvrtview.exe?Modinfo=StationView&STATION_ID=10759,1,DAILY_RECORDS,Mean daily discharge in CFS,Mean daily discharge in CFS,1.0,CFS,26,1989.0,2025.0
USGS,,10760,"USGS VIRGIN RIVER NEAR HURRICANE, UT",9408150,"USGS VIRGIN RIVER NEAR HURRICANE, UT",Stream,,10760,USGS GAGES,Observational,,,A,37.1627181866184,-113.395144548836,Scrape,Yes,https://waterrights.utah.gov/cgi-bin/dvrtview.exe?Modinfo=StationView&STATION_ID=10760,1,DAILY_RECORDS,Mean daily discharge in CFS,Mean daily discharge in CFS,1.0,CFS,59,1967.0,2025.0
USGS,,10761,"USGS FORT PEARCE WASH NEAR ST. GEORGE, UT",9408195,"USGS FORT PEARCE WASH NEAR ST. GEORGE, UT",Stream,,10761,USGS GAGES,Observational,,,A,37.0017488321605,-113.468641417114,Scrape,Yes,https://waterrights.utah.gov/cgi-bin/dvrtview.exe?Modinfo=StationView&STATION_ID=10761,1,DAILY_RECORDS,Mean daily discharge in CFS,Mean daily discharge in CFS,1.0,CFS,31,1984.0,2025.0
USGS,,10762,"USGS SANTA CLARA RIVER ABV BAKER RES, NR CENTRAL, UT",9409100,"USGS SANTA CLARA RIVER ABV BAKER RES, NR CENTRAL, UT",Stream,,10762,USGS GAGES,Observational,,,A,37.3846997820351,-113.631928468273,Scrape,Yes,https://waterrights.utah.gov/cgi-bin/dvrtview.exe?Modinfo=StationView&STATION_ID=10762,1,DAILY_RECORDS,Mean daily discharge in CFS,Mean daily discharge in CFS,1.0,CFS,37,1989.0,2025.0
USGS,,10763,"USGS SANTA CLARA RIV BLW WINSOR DAM, NR SANTA CLARA, UT",9410100,"USGS SANTA CLARA RIV BLW WINSOR DAM, NR SANTA CLARA, UT",Stream,,10763,USGS GAGES,Observational,,,A,37.1899282363506,-113.768229062498,Scrape,Yes,https://waterrights.utah.gov/cgi-bin/dvrtview.exe?Modinfo=StationView&STATION_ID=10763,1,DAILY_RECORDS,Mean daily discharge in CFS,Mean daily discharge in CFS,1.0,CFS,43,1971.0,2025.0
USGS,,10764,"USGS SANTA CLARA RIVER AT ST. GEORGE, UT",9413000,"USGS SANTA CLARA RIVER AT ST. GEORGE, UT",Stream,,10764,USGS GAGES,Observational,,,A,37.0755832277571,-113.592983874924,Scrape,Yes,https://waterrights.utah.gov/cgi-bin/dvrtview.exe?Modinfo=StationView&STATION_ID=10764,1,DAILY_RECORDS,Mean daily discharge in CFS,Mean daily discharge in CFS,1.0,CFS,49,1950.0,2025.0
USGS,,10765,"USGS VIRGIN RIVER NEAR BLOOMINGTON, UT",9413200,"USGS VIRGIN RIVER NEAR BLOOMINGTON, UT",Stream,,10765,USGS GAGES,Observational,,,A,37.0698938129778,-113.583756764811,Scrape,Yes,https://waterrights.utah.gov/cgi-bin/dvrtview.exe?Modinfo=StationView&STATION_ID=10765,1,DAILY_RECORDS,Mean daily discharge in CFS,Mean daily discharge in CFS,1.0,CFS,49,1977.0,2025.0
USGS,,10766,"USGS VIRGIN RIVER NEAR ST. GEORGE, UT",9413500,"USGS VIRGIN RIVER NEAR ST. GEORGE, UT",Stream,,10766,USGS GAGES,Observational,,,A,37.01488353921,-113.680467174098,Scrape,Yes,https://waterrights.utah.gov/cgi-bin/dvrtview.exe?Modinfo=StationView&STATION_ID=10766,1,DAILY_RECORDS,Mean daily discharge in CFS,Mean daily discharge in CFS,1.0,CFS,42,1950.0,2025.0
USGS,,10767,"USGS BEAVER DAM WASH NEAR ENTERPRISE, UT",9413900,"USGS BEAVER DAM WASH NEAR ENTERPRISE, UT",Stream,,10767,USGS GAGES,Observational,,,A,37.4698437065206,-114.046668978514,Scrape,Yes,https://waterrights.utah.gov/cgi-bin/dvrtview.exe?Modinfo=StationView&STATION_ID=10767,1,DAILY_RECORDS,Mean daily discharge in CFS,Mean daily discharge in CFS,1.0,CFS,34,1991.0,2024.0
USGS,,10768,USGS BEAR RIVER NEAR UTAH-WYOMING STATE LINE,10011500,USGS BEAR RIVER NEAR UTAH-WYOMING STATE LINE,Stream,,10768,USGS GAGES,Observational,,,A,40.9652502122877,-110.853228208612,Scrape,Yes,https://waterrights.utah.gov/cgi-bin/dvrtview.exe?Modinfo=StationView&STATION_ID=10768,1,DAILY_RECORDS,Mean daily discharge in CFS,Mean daily discharge in CFS,1.0,CFS,84,1942.0,2025.0
USGS,,10769,"USGS BIG CREEK NEAR RANDOLPH, UT",10023000,"USGS BIG CREEK NEAR RANDOLPH, UT",Stream,,10769,USGS GAGES,Observational,,,A,41.6099395594904,-111.254011586602,Scrape,Yes,https://waterrights.utah.gov/cgi-bin/dvrtview.exe?Modinfo=StationView&STATION_ID=10769,1,DAILY_RECORDS,Mean daily discharge in CFS,Mean daily discharge in CFS,1.0,CFS,69,1939.0,2025.0
USGS,,10770,"USGS BLACKSMITH FORK AB UP AND L CO.`S DAM NR HYRUM, UT",10113500,"USGS BLACKSMITH FORK AB UP and L CO.`S DAM NR HYRUM, UT",Stream,,10770,USGS GAGES,Observational,,,A,41.6230987420281,-111.738543717173,Scrape,Yes,https://waterrights.utah.gov/cgi-bin/dvrtview.exe?Modinfo=StationView&STATION_ID=10770,1,DAILY_RECORDS,Mean daily discharge in CFS,Mean daily discharge in CFS,1.0,CFS,110,1913.0,2025.0
USGS,,10771,"USGS FARMINGTON CR ABV DIV NR FARMINGTON, UTAH",10142000,"USGS FARMINGTON CR ABV DIV NR FARMINGTON, UTAH",Stream,,10771,USGS GAGES,Observational,,,A,41.0014313140347,-111.873022001707,Scrape,Yes,https://waterrights.utah.gov/cgi-bin/dvrtview.exe?Modinfo=StationView&STATION_ID=10771,1,DAILY_RECORDS,Mean daily discharge in CFS,Mean daily discharge in CFS,1.0,CFS,47,1949.0,2025.0
USGS,,10772,"USGS SALT CRK BL NEPHI POWERPLANT DIV NR NEPHI, UT",10145400,"USGS SALT CRK BL NEPHI POWERPLANT DIV NR NEPHI, UT",Stream,,10772,USGS GAGES,Observational,,,A,39.7172665769575,-111.733557613176,Scrape,Yes,https://waterrights.utah.gov/cgi-bin/dvrtview.exe?Modinfo=StationView&STATION_ID=10772,1,DAILY_RECORDS,Mean daily discharge in CFS,Mean daily discharge in CFS,1.0,CFS,33,1993.0,2025.0
USGS,,10773,"USGS SALT CREEK AT NEPHI, UT",10146000,"USGS SALT CREEK AT NEPHI, UT",Stream,,10773,USGS GAGES,Observational,,,A,39.7131142242823,-111.804349646901,Scrape,Yes,https://waterrights.utah.gov/cgi-bin/dvrtview.exe?Modinfo=StationView&STATION_ID=10773,1,DAILY_RECORDS,Mean daily discharge in CFS,Mean daily discharge in CFS,1.0,CFS,64,1950.0,2025.0
USGS,,10774,"USGS CURRANT CREEK NEAR MONA, UT",10146400,"USGS CURRANT CREEK NEAR MONA, UT",Stream,,10774,USGS GAGES,Observational,,,A,39.8022527159654,-111.866248989221,Scrape,Yes,https://waterrights.utah.gov/cgi-bin/dvrtview.exe?Modinfo=StationView&STATION_ID=10774,1,DAILY_RECORDS,Mean daily discharge in CFS,Mean daily discharge in CFS,1.0,CFS,48,1978.0,2025.0
USGS,,10775,USGS SUMMIT CREEK ABV SUMMIT CR CANAL NR SANTAQUIN UT,10147100,USGS SUMMIT CREEK ABV SUMMIT CR CANAL NR SANTAQUIN UT,Stream,,10775,USGS GAGES,Observational,,,A,39.9443880684119,-111.774990028867,Scrape,Yes,https://waterrights.utah.gov/cgi-bin/dvrtview.exe?Modinfo=StationView&STATION_ID=10775,1,DAILY_RECORDS,Mean daily discharge in CFS,Mean daily discharge in CFS,1.0,CFS,11,2015.0,2025.0
USGS,,10776,"USGS SIXTH WATER CRK AB SYAR TUN NR SPRINGVILLE, UT",10149000,"USGS SIXTH WATER CRK AB SYAR TUN NR SPRINGVILLE, UT",Stream,,10776,USGS GAGES,Observational,,,A,40.1179983253284,-111.314537629251,Scrape,Yes,https://waterrights.utah.gov/cgi-bin/dvrtview.exe?Modinfo=StationView&STATION_ID=10776,1,DAILY_RECORDS,Mean daily discharge in CFS,Mean daily discharge in CFS,1.0,CFS,28,1998.0,2025.0
USGS,,10777,"USGS DIAMOND FORK ABV RED HOLLOW NR THISTLE, UT",10149400,"USGS DIAMOND FORK ABV RED HOLLOW NR THISTLE, UT",Stream,,10777,USGS GAGES,Observational,,,A,40.0764214343331,-111.383204077602,Scrape,Yes,https://waterrights.utah.gov/cgi-bin/dvrtview.exe?Modinfo=StationView&STATION_ID=10777,1,DAILY_RECORDS,Mean daily discharge in CFS,Mean daily discharge in CFS,1.0,CFS,25,2001.0,2025.0
USGS,,10778,"USGS HOBBLE CREEK AT 1650 WEST AT SPRINGVILLE, UTAH",10153100,"USGS HOBBLE CREEK AT 1650 WEST AT SPRINGVILLE, UTAH",Stream,,10778,USGS GAGES,Observational,,,A,40.1787900475083,-111.639326473213,Scrape,Yes,https://waterrights.utah.gov/cgi-bin/dvrtview.exe?Modinfo=StationView&STATION_ID=10778,1,DAILY_RECORDS,Mean daily discharge in CFS,Mean daily discharge in CFS,1.0,CFS,18,2008.0,2025.0
USGS,,10779,"USGS PROVO RIVER NEAR HAILSTONE, UT",10155000,"USGS PROVO RIVER NEAR HAILSTONE, UT",Stream,,10779,PROVO RIVER,Observational,,,A,40.6051051863999,-111.314025357649,Scrape,Yes,https://waterrights.utah.gov/cgi-bin/dvrtview.exe?Modinfo=StationView&STATION_ID=10779,1,DAILY_RECORDS,Mean daily discharge in CFS,Mean daily discharge in CFS,1.0,CFS,77,1949.0,2025.0
USGS,,10780,"USGS PROVO RIV AT RIV ROAD BRIDGE NR HEBER CITY, UT",10155200,"USGS PROVO RIV AT RIV ROAD BRIDGE NR HEBER CITY, UT",Stream,,10780,PROVO RIVER,Observational,,,A,40.5542268908512,-111.433312196564,Scrape,Yes,https://waterrights.utah.gov/cgi-bin/dvrtview.exe?Modinfo=StationView&STATION_ID=10780,1,DAILY_RECORDS,Mean daily discharge in CFS,Mean daily discharge in CFS,1.0,CFS,25,2001.0,2025.0
USGS,,10781,"USGS PROVO RIVER NEAR CHARLESTON, UT",10155500,"USGS PROVO RIVER NEAR CHARLESTON, UT",Stream,,10781,PROVO RIVER,Observational,,,A,40.4847820922167,-111.463131414755,Scrape,Yes,https://waterrights.utah.gov/cgi-bin/dvrtview.exe?Modinfo=StationView&STATION_ID=10781,1,DAILY_RECORDS,Mean daily discharge in CFS,Mean daily discharge in CFS,1.0,CFS,48,1938.0,2025.0
USGS,,10782,"USGS SNAKE CREEK NEAR CHARLESTON, UT",10156000,"USGS SNAKE CREEK NEAR CHARLESTON, UT",Stream,,10782,PROVO RIVER,Observational,,,A,40.4850934981285,-111.467209526313,Scrape,Yes,https://waterrights.utah.gov/cgi-bin/dvrtview.exe?Modinfo=StationView&STATION_ID=10782,1,DAILY_RECORDS,Mean daily discharge in CFS,Mean daily discharge in CFS,1.0,CFS,46,1938.0,2025.0
USGS,,10783,"USGS DANIELS CREEK AT CHARLESTON, UT",10157500,"USGS DANIELS CREEK AT CHARLESTON, UT",Stream,,10783,PROVO RIVER,Observational,,,A,40.4620719126012,-111.462318501238,Scrape,Yes,https://waterrights.utah.gov/cgi-bin/dvrtview.exe?Modinfo=StationView&STATION_ID=10783,1,DAILY_RECORDS,Mean daily discharge in CFS,Mean daily discharge in CFS,1.0,CFS,33,1993.0,2025.0
USGS,,10784,"USGS AMERICAN FK AB UPPER POWERPLANT NR AMERICAN FK, UT",10164500,"USGS AMERICAN FK AB UPPER POWERPLANT NR AMERICAN FK, UT",Stream,,10784,USGS GAGES,Observational,,,A,40.4478052878661,-111.682151715577,Scrape,Yes,https://waterrights.utah.gov/cgi-bin/dvrtview.exe?Modinfo=StationView&STATION_ID=10784,1,DAILY_RECORDS,Mean daily discharge in CFS,Mean daily discharge in CFS,1.0,CFS,94,1927.0,2025.0
USGS,,10785,"USGS DRY CREEK AT 300 N, AT ALPINE, UT",10165600,"USGS DRY CREEK AT 300 N, AT ALPINE, UT",Stream,,10785,USGS GAGES,Observational,,,A,40.4571437826746,-111.768530693528,Scrape,Yes,https://waterrights.utah.gov/cgi-bin/dvrtview.exe?Modinfo=StationView&STATION_ID=10785,1,DAILY_RECORDS,Mean daily discharge in CFS,Mean daily discharge in CFS,1.0,CFS,7,2019.0,2025.0
USGS,,10786,"USGS WEST CANYON CREEK NEAR CEDAR FORT, UT",10166430,"USGS WEST CANYON CREEK NEAR CEDAR FORT, UT",Stream,,10786,USGS GAGES,Observational,,,A,40.4052196688542,-112.100484169479,Scrape,Yes,https://waterrights.utah.gov/cgi-bin/dvrtview.exe?Modinfo=StationView&STATION_ID=10786,1,DAILY_RECORDS,Mean daily discharge in CFS,Mean daily discharge in CFS,1.0,CFS,51,1965.0,2025.0
USGS,,10787,USGS LITTLE COTTONWOOD CREEK @ JORDAN RIVER NR SLC,10168000,USGS LITTLE COTTONWOOD CREEK @ JORDAN RIVER NR SLC,Stream,,10787,USGS GAGES,Observational,,,A,40.6642303180658,-111.898827896598,Scrape,Yes,https://waterrights.utah.gov/cgi-bin/dvrtview.exe?Modinfo=StationView&STATION_ID=10787,1,DAILY_RECORDS,Mean daily discharge in CFS,Mean daily discharge in CFS,1.0,CFS,40,1980.0,2025.0
USGS,,10788,"USGS COM FLW JORDAN RIVER & SURPLUS CANAL @ SLC, UT",10170490,"USGS COM FLW JORDAN RIVER & SURPLUS CANAL @ SLC, UT",Stream,,10788,USGS GAGES,Observational,,,A,40.726884729368,-111.926591961646,Scrape,Yes,https://waterrights.utah.gov/cgi-bin/dvrtview.exe?Modinfo=StationView&STATION_ID=10788,1,DAILY_RECORDS,Mean daily discharge in CFS,Mean daily discharge in CFS,1.0,CFS,84,1942.0,2025.0
USGS,,10789,"USGS RED BUTTE CREEK AT FORT DOUGLAS, NEAR SLC, UT",10172200,"USGS RED BUTTE CREEK AT FORT DOUGLAS, NEAR SLC, UT",Stream,,10789,USGS GAGES,Observational,,,A,40.7798264465063,-111.805947532195,Scrape,Yes,https://waterrights.utah.gov/cgi-bin/dvrtview.exe?Modinfo=StationView&STATION_ID=10789,1,DAILY_RECORDS,Mean daily discharge in CFS,Mean daily discharge in CFS,1.0,CFS,63,1963.0,2025.0
USGS,,10790,"USGS VERNON CREEK NEAR VERNON, UT",10172700,"USGS VERNON CREEK NEAR VERNON, UT",Stream,,10790,USGS GAGES,Observational,,,A,39.9793820199668,-112.380236817369,Scrape,Yes,https://waterrights.utah.gov/cgi-bin/dvrtview.exe?Modinfo=StationView&STATION_ID=10790,1,DAILY_RECORDS,Mean daily discharge in CFS,Mean daily discharge in CFS,1.0,CFS,68,1958.0,2025.0
USGS,,10791,"USGS FAUST CREEK NEAR VERNON, UT",10172727,"USGS FAUST CREEK NEAR VERNON, UT",Stream,,10791,USGS GAGES,Observational,,,A,40.1604949216796,-112.431052135302,Scrape,Yes,https://waterrights.utah.gov/cgi-bin/dvrtview.exe?Modinfo=StationView&STATION_ID=10791,1,DAILY_RECORDS,Mean daily discharge in CFS,Mean daily discharge in CFS,1.0,CFS,30,1991.0,2025.0
USGS,,10792,"USGS SOUTH WILLOW CREEK NEAR GRANTSVILLE, UT",10172800,"USGS SOUTH WILLOW CREEK NEAR GRANTSVILLE, UT",Stream,,10792,USGS GAGES,Observational,,,A,40.4957743817342,-112.574230103985,Scrape,Yes,https://waterrights.utah.gov/cgi-bin/dvrtview.exe?Modinfo=StationView&STATION_ID=10792,1,DAILY_RECORDS,Mean daily discharge in CFS,Mean daily discharge in CFS,1.0,CFS,63,1963.0,2025.0
USGS,,10793,"USGS TROUT CREEK NEAR CALLAO, UT",10172870,"USGS TROUT CREEK NEAR CALLAO, UT",Stream,,10793,USGS GAGES,Observational,,,A,39.7442711442584,-113.889928926836,Scrape,Yes,https://waterrights.utah.gov/cgi-bin/dvrtview.exe?Modinfo=StationView&STATION_ID=10793,1,DAILY_RECORDS,Mean daily discharge in CFS,Mean daily discharge in CFS,1.0,CFS,62,1958.0,2025.0
USGS,,10794,"USGS DUNN CREEK NEAR PARK VALLEY, UT",10172952,"USGS DUNN CREEK NEAR PARK VALLEY, UT",Stream,,10794,USGS GAGES,Observational,,,A,41.8585243209173,-113.327207021163,Scrape,Yes,https://waterrights.utah.gov/cgi-bin/dvrtview.exe?Modinfo=StationView&STATION_ID=10794,1,DAILY_RECORDS,Mean daily discharge in CFS,Mean daily discharge in CFS,1.0,CFS,53,1971.0,2025.0
USGS,,10795,"USGS MAMMOTH CREEK ABV WEST HATCH DITCH, NEAR HATCH, UT",10173450,"USGS MAMMOTH CREEK ABV WEST HATCH DITCH, NEAR HATCH, UT",Stream,,10795,SEVIER RIVER,Observational,,,A,37.6227154196393,-112.516828339923,Scrape,Yes,https://waterrights.utah.gov/cgi-bin/dvrtview.exe?Modinfo=StationView&STATION_ID=10795,1,DAILY_RECORDS,Mean daily discharge in CFS,Mean daily discharge in CFS,1.0,CFS,62,1964.0,2025.0
USGS,,10796,"USGS SALINA CREEK NEAR EMERY, UT",10205030,"USGS SALINA CREEK NEAR EMERY, UT",Stream,,10796,USGS GAGES,Observational,,,A,38.9116222857468,-111.53022605967,Scrape,Yes,https://waterrights.utah.gov/cgi-bin/dvrtview.exe?Modinfo=StationView&STATION_ID=10796,1,DAILY_RECORDS,Mean daily discharge in CFS,Mean daily discharge in CFS,1.0,CFS,63,1963.0,2025.0
USGS,,10797,"USGS MANTI CREEK BLW DUGWAY CREEK, NR MANTI, UT",10215900,"USGS MANTI CREEK BLW DUGWAY CREEK, NR MANTI, UT",Stream,,10797,USGS GAGES,Observational,,,A,39.2590979269911,-111.579933009523,Scrape,Yes,https://waterrights.utah.gov/cgi-bin/dvrtview.exe?Modinfo=StationView&STATION_ID=10797,1,DAILY_RECORDS,Mean daily discharge in CFS,Mean daily discharge in CFS,1.0,CFS,59,1964.0,2025.0
USGS,,10798,"USGS SEVIER RIV BLW SAN PITCH RIV NR GUNNISON, UT",10217000,"USGS SEVIER RIV BLW SAN PITCH RIV NR GUNNISON, UT",Stream,1.0,10798,SEVIER RIVER,Observational,,DIGITAL,A,39.1552244927163,-111.87775926687,Scrape,Yes,https://waterrights.utah.gov/cgi-bin/dvrtview.exe?Modinfo=StationView&STATION_ID=10798,1,DAILY_RECORDS,Mean daily discharge in CFS,Mean daily discharge in CFS,1.0,CFS,109,1917.0,2025.0
USGS,,10799,"USGS SEVIER RIVER NEAR LYNNDYL, UT",10224000,"USGS SEVIER RIVER NEAR LYNNDYL, UT",Stream,1.0,10799,SEVIER RIVER,Observational,,DIGITAL,A,39.4818378257967,-112.393803430094,Scrape,Yes,https://waterrights.utah.gov/cgi-bin/dvrtview.exe?Modinfo=StationView&STATION_ID=10799,1,DAILY_RECORDS,Mean daily discharge in CFS,Mean daily discharge in CFS,1.0,CFS,90,1914.0,2025.0
USGS,,10800,"USGS  (C- 2- 4)15CAC-S1 MILL SPRING NR ERDA, UT",403835112171801,"USGS  (C- 2- 4)15cac-S1 MILL SPRING NR ERDA, UT",Stream,,10800,USGS GAGES,Observational,,,A,40.6429935070062,-112.289102399866,Scrape,Yes,https://waterrights.utah.gov/cgi-bin/dvrtview.exe?Modinfo=StationView&STATION_ID=10800,1,DAILY_RECORDS,Mean daily discharge in CFS,Mean daily discharge in CFS,1.0,CFS,26,2000.0,2025.0
SEVIER,,10812,SEVIER RIVER NEAR ELSINORE,4068,Sevier River near Elsinore,Stream,1.0,10812,SEVIER RIVER,Observational,,DIGITAL,A,38.661539830845,-112.166659210409,Scrape,Yes,https://waterrights.utah.gov/cgi-bin/dvrtview.exe?Modinfo=StationView&STATION_ID=10812,1,DAILY_RECORDS,Mean daily discharge in CFS,Mean daily discharge in CFS,1.0,CFS,4,2022.0,2025.0
SLCO,,10839,EMIGRATION CREEK AT WESTMINSTER,112,Emigration Creek @ Westminster,Stream,1.0,10839,SLCO FLOOD CONTROL,Observational,Stage Height Sensor; Rated Section,,A,40.73041206051,-111.856428651131,Scrape,Yes,https://waterrights.utah.gov/cgi-bin/dvrtview.exe?Modinfo=StationView&STATION_ID=10839,1,DAILY_RECORDS,Mean daily discharge in CFS,Mean daily discharge in CFS,1.0,CFS,2,2023.0,2024.0
SLCO,,10840,JORDAN RIVER AT 4800 SOUTH,113,Jordan River @ 4800 S,Stream,1.0,10840,UTAH LAKE/JORDAN RIVER,Observational,Stage Height Sensor; Rated Section,,A,40.6668161567366,-111.908495881925,Scrape,Yes,https://waterrights.utah.gov/cgi-bin/dvrtview.exe?Modinfo=StationView&STATION_ID=10840,1,DAILY_RECORDS,Mean daily discharge in CFS,Mean daily discharge in CFS,1.0,CFS,3,2022.0,2024.0
SLCO,,10841,PARLEYS CREEK AT HIDDEN HOLLOW,114,Parleys Creek @ Hidden Hollow,Stream,1.0,10841,SLCO FLOOD CONTROL,Observational,Stage Height Sensor; Rated Section,,A,40.7242857097919,-111.85644837933,Scrape,Yes,https://waterrights.utah.gov/cgi-bin/dvrtview.exe?Modinfo=StationView&STATION_ID=10841,1,DAILY_RECORDS,Mean daily discharge in CFS,Mean daily discharge in CFS,1.0,CFS,2,2023.0,2024.0
SLCO,,10842,PARLEYS CREEK AT CANYON MOUTH,77,Parleys Creek @ Canyon Mouth,Stream,1.0,10842,SLCO FLOOD CONTROL,Observational,Stage Height Sensor; Rated Section,,A,40.709730779414,-111.797801060213,Scrape,Yes,https://waterrights.utah.gov/cgi-bin/dvrtview.exe?Modinfo=StationView&STATION_ID=10842,1,DAILY_RECORDS,Mean daily discharge in CFS,Mean daily discharge in CFS,1.0,CFS,2,2023.0,2024.0
SLCO,,10843,RED BUTTE CREEK AT MILLER PARK,88,Red Butte Creek @ Miller Park,Stream,1.0,10843,SLCO FLOOD CONTROL,Observational,Stage Height Sensor; Rated Section,,A,40.7483718780541,-111.843606424869,Scrape,Yes,https://waterrights.utah.gov/cgi-bin/dvrtview.exe?Modinfo=StationView&STATION_ID=10843,1,DAILY_RECORDS,Mean daily discharge in CFS,Mean daily discharge in CFS,1.0,CFS,2,2023.0,2024.0
,,10844,MILL DITCH,,,Conveyance,,10844,UPPER BEAR,Observational,RAMP FLUME,,I,40.961663128022,-110.824991724934,Direct,Yes,https://waterrights.utah.gov/cgi-bin/dvrtview.exe?Modinfo=StationView&STATION_ID=10844,1,DAILY_RECORDS,Mean daily discharge in CFS,Mean daily discharge in CFS,1.0,CFS,0,,
,,10846,FARMERS BYPASS,,,Conveyance,,10846,LITTLE COTTONWOOD CREEK,Observational,,,A,40.579519491696,-111.798867590966,Manual,No,https://waterrights.utah.gov/cgi-bin/dvrtview.exe?Modinfo=StationView&STATION_ID=10846,1,DAILY_RECORDS,Mean daily discharge in CFS,Mean daily discharge in CFS,1.0,CFS,1,2023.0,2023.0
WEBER,,10847,BEAVER CREEK AT ROCKY POINT,BEAVER CREEK AT ROCKY POINT,,Stream,1.0,10847,WEBER RIVER,Observational,Rated Section,STAGE,A,40.680744389695,-111.319475932505,Direct,Yes,https://waterrights.utah.gov/cgi-bin/dvrtview.exe?Modinfo=StationView&STATION_ID=10847,1,DAILY_RECORDS,Mean daily discharge in CFS,Mean daily discharge in CFS,1.0,CFS,3,2023.0,2025.0
,,10849,0800 DEEP CK CONFLUENCE - DUANE HUBER - MOSBY ANNUAL,,,Conveyance,,10849,DEEP CREEK,Observational,Prop meter in pipeline,,A,40.5064881041182,-109.78238555794,Manual,No,https://waterrights.utah.gov/cgi-bin/dvrtview.exe?Modinfo=StationView&STATION_ID=10849,11,ANNUAL_RECORDS,Annual Diversion in ACFT,Annual Diversion in ACFT,1.0,ACFT,0,,
,,10851,1103 DEEP CK - COOK - MOSBY ANNUAL,,,Conveyance,,10851,DEEP CREEK,Observational,submerged orifice,,A,40.4786899522722,-109.788120014837,Manual,No,https://waterrights.utah.gov/cgi-bin/dvrtview.exe?Modinfo=StationView&STATION_ID=10851,11,ANNUAL_RECORDS,Annual Diversion in ACFT,Annual Diversion in ACFT,1.0,ACFT,0,,
,,10854,1401 MARVIN HUBER - TOTAL ANNUAL,,,Conveyance,,10854,DEEP CREEK,Observational,Flume (3 ft parshall),,A,40.4002535115503,-109.773958342182,Manual,No,https://waterrights.utah.gov/cgi-bin/dvrtview.exe?Modinfo=StationView&STATION_ID=10854,11,ANNUAL_RECORDS,Annual Diversion in ACFT,Annual Diversion in ACFT,1.0,ACFT,0,,
,,10855,1403 MARTIN HUBER - TOTAL ANNUAL,,,Conveyance,,10855,DEEP CREEK,Observational,flume,,A,40.4002436764125,-109.773949235005,Manual,No,https://waterrights.utah.gov/cgi-bin/dvrtview.exe?Modinfo=StationView&STATION_ID=10855,11,ANNUAL_RECORDS,Annual Diversion in ACFT,Annual Diversion in ACFT,1.0,ACFT,0,,
,,10857,1409 DUANE HUBER LOWER - MOSBY ANNUAL,,,Conveyance,,10857,DEEP CREEK,Observational,LOWER HUBER FLUME,,A,40.3965991325401,-109.771983562828,Manual,No,https://waterrights.utah.gov/cgi-bin/dvrtview.exe?Modinfo=StationView&STATION_ID=10857,11,ANNUAL_RECORDS,Annual Diversion in ACFT,Annual Diversion in ACFT,1.0,ACFT,0,,
,,10858,0502 MOSBY CREEK - JENSEN - MOSBY ANNUAL,,,Conveyance,,10858,DEEP CREEK,Observational,,,A,40.5557787405101,-109.829753894161,Manual,No,https://waterrights.utah.gov/cgi-bin/dvrtview.exe?Modinfo=StationView&STATION_ID=10858,11,ANNUAL_RECORDS,Annual Diversion in ACFT,Annual Diversion in ACFT,1.0,ACFT,0,,
,,10860,1406 WHITEROCKS SHARE EXPORT - MOSBY ANNUAL,,,Conveyance,,10860,DEEP CREEK,Observational,FLUME Maintenance Required,,A,40.4003599715903,-109.774054581482,Manual,No,https://waterrights.utah.gov/cgi-bin/dvrtview.exe?Modinfo=StationView&STATION_ID=10860,11,ANNUAL_RECORDS,Annual Diversion in ACFT,Annual Diversion in ACFT,1.0,ACFT,0,,
,,10862,MURDOCK DAM BYPASS PIPE,,,Conveyance,,10862,PROVO RIVER,Observational,MEASURED WITH A FLOW METER BY COMMI,,I,,,Manual,No,https://waterrights.utah.gov/cgi-bin/dvrtview.exe?Modinfo=StationView&STATION_ID=10862,1,DAILY_RECORDS,Mean daily discharge in CFS,Mean daily discharge in CFS,1.0,CFS,0,,
,,10863,THISTLE CREEK AND SOLDIER CREEK INTO SFR,,,Stream,,10863,SPANISH FORK RIVER,Observational,,,A,40.0014025148604,-111.497899251362,Manual,No,https://waterrights.utah.gov/cgi-bin/dvrtview.exe?Modinfo=StationView&STATION_ID=10863,1,DAILY_RECORDS,Mean daily discharge in CFS,Mean daily discharge in CFS,1.0,CFS,1,2022.0,2022.0
STRAWBERRY,,10869,LAKE SHORE GATE AT CITY DAM,10419,Lake Shore Irrigation,Conveyance,1.0,10869,SPANISH FORK RIVER,Observational,,FLOWMETER,A,40.0805037831014,-111.606218879469,Direct,Yes,https://waterrights.utah.gov/cgi-bin/dvrtview.exe?Modinfo=StationView&STATION_ID=10869,1,DAILY_RECORDS,Mean daily discharge in CFS,Mean daily discharge in CFS,1.0,CFS,5,2021.0,2025.0
,,10944,SPRING CITY TUNNEL,,,Conveyance,1.0,10944,SAN PITCH RIVER,Observational,,DIGITAL,I,39.4203751978187,-111.349430762519,Manual,Yes,https://waterrights.utah.gov/cgi-bin/dvrtview.exe?Modinfo=StationView&STATION_ID=10944,1,DAILY_RECORDS,Mean daily discharge in CFS,Mean daily discharge in CFS,1.0,CFS,0,,
CU_SCADA,,10946,MURDOCK OVERFLOW,OREM\OD\MD\FLOW,WATER OVERFLOWING MURDOCK DAM - DOES NOT INCLUDE BYPASS PIPE,Stream,1.0,10946,PROVO RIVER,Observational,RATED OGEE SECTION,DIGITAL,A,40.3248818134096,-111.643359280384,Scrape,Yes,https://waterrights.utah.gov/cgi-bin/dvrtview.exe?Modinfo=StationView&STATION_ID=10946,1,DAILY_RECORDS,Mean daily discharge in CFS,Mean daily discharge in CFS,1.0,CFS,2,2024.0,2025.0
,,10948,CCCIC - CE KOFFORD,,,,,10948,COTTONWOOD CREEK,Observational,9 inch parshall flume,,A,39.4361114275375,-111.242027510788,Manual,No,https://waterrights.utah.gov/cgi-bin/dvrtview.exe?Modinfo=StationView&STATION_ID=10948,1,DAILY_RECORDS,Mean daily discharge in CFS,Mean daily discharge in CFS,1.0,CFS,0,,
,,10949,COVERED BRIDGE CANYON PROPERTY OWNERS` ASSN (MONTHLY),,,Conveyance,,10949,SPANISH FORK RIVER,Observational,,,A,40.0414373569597,-111.543865542599,Manual,No,https://waterrights.utah.gov/cgi-bin/dvrtview.exe?Modinfo=StationView&STATION_ID=10949,5,MONTHLY_RECORDS,Monthly Discharge in ACFT,Monthly Discharge in ACFT,1.0,ACFT,0,,
,,10953,MURDOCK DAM SPILL,,,Stream,,10953,PROVO RIVER,Observational,Ogee weir,,I,,,Scrape,Yes,https://waterrights.utah.gov/cgi-bin/dvrtview.exe?Modinfo=StationView&STATION_ID=10953,1,DAILY_RECORDS,Mean daily discharge in CFS,Mean daily discharge in CFS,1.0,CFS,0,,
EMERY,,10954,SWASEY DIVERSION CC&H CANAL TOTAL FLOW,5812,,Conveyance,1.0,10954,COTTONWOOD CREEK,Observational,8 FOOT PARSHALL FLUME,,A,39.2566331442928,-111.107447268571,Scrape,Yes,https://waterrights.utah.gov/cgi-bin/dvrtview.exe?Modinfo=StationView&STATION_ID=10954,1,DAILY_RECORDS,Mean daily discharge in CFS,Mean daily discharge in CFS,1.0,CFS,6,2020.0,2025.0
DUCHESNE,,10962,CEDARVIEW CANAL (NEW),12032,Cedarview,,1.0,10962,UINTA AND WHITEROCKS RIVERS,Observational,,,A,40.5203793861792,-110.044097370456,Scrape,Yes,https://waterrights.utah.gov/cgi-bin/dvrtview.exe?Modinfo=StationView&STATION_ID=10962,1,DAILY_RECORDS,Mean daily discharge in CFS,Mean daily discharge in CFS,1.0,CFS,3,2023.0,2025.0
DUCHESNE,,10963,DITCH A 13925,13925,A Ditch,Conveyance,1.0,10963,UINTA AND WHITEROCKS RIVERS,Observational,3 FT PARSHALL FLUME - STEEL,,A,40.4365537362772,-109.93192954009,Scrape,Yes,https://waterrights.utah.gov/cgi-bin/dvrtview.exe?Modinfo=StationView&STATION_ID=10963,1,DAILY_RECORDS,Mean daily discharge in CFS,Mean daily discharge in CFS,1.0,CFS,3,2023.0,2025.0
DUCHESNE,,10964,DITCH B 13917,13917,B Ditch,Conveyance,1.0,10964,UINTA AND WHITEROCKS RIVERS,Observational,3 FT PARSHALL - STEEL,,A,40.4205747572597,-109.923263094119,Scrape,Yes,https://waterrights.utah.gov/cgi-bin/dvrtview.exe?Modinfo=StationView&STATION_ID=10964,1,DAILY_RECORDS,Mean daily discharge in CFS,Mean daily discharge in CFS,1.0,CFS,3,2023.0,2025.0
DUCHESNE,,10965,DITCH C 13921,13921,C Ditch,Conveyance,1.0,10965,UINTA AND WHITEROCKS RIVERS,Observational,3 FT PARSHALL FLUME - STEEL,,A,40.4063751408127,-109.92148134117,Scrape,Yes,https://waterrights.utah.gov/cgi-bin/dvrtview.exe?Modinfo=StationView&STATION_ID=10965,1,DAILY_RECORDS,Mean daily discharge in CFS,Mean daily discharge in CFS,1.0,CFS,3,2023.0,2025.0
DUCHESNE,,10966,DITCH D 13928,13928,D Ditch,Conveyance,1.0,10966,UINTA AND WHITEROCKS RIVERS,Observational,3 FT PARSHALL FLUME - STEEL,,A,40.4339618305054,-109.931297972827,Scrape,Yes,https://waterrights.utah.gov/cgi-bin/dvrtview.exe?Modinfo=StationView&STATION_ID=10966,1,DAILY_RECORDS,Mean daily discharge in CFS,Mean daily discharge in CFS,1.0,CFS,3,2023.0,2025.0
DUCHESNE,,10967,HARMS DITCH 13913,13913,Harmes Ditch,Conveyance,1.0,10967,UINTA AND WHITEROCKS RIVERS,Observational,3 FOOT PARSHALL FLUME - STEEL,,A,40.4275159965324,-109.925676321856,Scrape,Yes,https://waterrights.utah.gov/cgi-bin/dvrtview.exe?Modinfo=StationView&STATION_ID=10967,1,DAILY_RECORDS,Mean daily discharge in CFS,Mean daily discharge in CFS,1.0,CFS,3,2023.0,2025.0
USGS,,10968,PRICE RIVER AT WOODSIDE (USGS),9314500,USGS PRICE RIVER AT WOODSIDE,Stream,1.0,10968,PRICE RIVER,Observational,RATED SECTION,,A,39.2630073128812,-110.347305420417,Scrape,Yes,https://waterrights.utah.gov/cgi-bin/dvrtview.exe?Modinfo=StationView&STATION_ID=10968,1,DAILY_RECORDS,Mean daily discharge in CFS,Mean daily discharge in CFS,1.0,CFS,2,2024.0,2025.0
LOWER_BEAR_DL,,10970,BEAR RIVER BIRD REFUGE L-LINE,Bear River Bird Refuge L-Line,Bear River Bird Refuge L-Line,Conveyance,1.0,10970,LOWER BEAR RIVER - BOX ELDER,Observational,Laserflow meter,FLOWMETER,A,41.4774758426336,-112.34012782734,,Yes,https://waterrights.utah.gov/cgi-bin/dvrtview.exe?Modinfo=StationView&STATION_ID=10970,1,DAILY_RECORDS,Mean daily discharge in CFS,Mean daily discharge in CFS,1.0,CFS,2,2024.0,2025.0
,,10976,PINE VALLEY,,,Conveyance,,10976,PROVO RIVER,Observational,,,I,,,Manual,No,https://waterrights.utah.gov/cgi-bin/dvrtview.exe?Modinfo=StationView&STATION_ID=10976,1,DAILY_RECORDS,Mean daily discharge in CFS,Mean daily discharge in CFS,1.0,CFS,0,,
,,10978,BAR X BENCH,,,Conveyance,,10978,PROVO RIVER,Observational,MANUAL READ BY COMMISSIONER WITH DRO,,A,40.5828174174905,-111.127474898793,Manual,No,https://waterrights.utah.gov/cgi-bin/dvrtview.exe?Modinfo=StationView&STATION_ID=10978,1,DAILY_RECORDS,Mean daily discharge in CFS,Mean daily discharge in CFS,1.0,CFS,0,,
,,10979,BAR X NOBLETS,,,Conveyance,,10979,PROVO RIVER,Observational,,,I,,,Manual,No,https://waterrights.utah.gov/cgi-bin/dvrtview.exe?Modinfo=StationView&STATION_ID=10979,1,DAILY_RECORDS,Mean daily discharge in CFS,Mean daily discharge in CFS,1.0,CFS,0,,
,,10980,BAR X MEADOW,,,Conveyance,,10980,PROVO RIVER,Observational,,,A,40.5559809390867,-111.12981167696,Manual,No,https://waterrights.utah.gov/cgi-bin/dvrtview.exe?Modinfo=StationView&STATION_ID=10980,1,DAILY_RECORDS,Mean daily discharge in CFS,Mean daily discharge in CFS,1.0,CFS,0,,
,,10982,MOON DITCH,,,Conveyance,,10982,PROVO RIVER,Observational,,,A,40.574722666326,-111.213712131138,Manual,No,https://waterrights.utah.gov/cgi-bin/dvrtview.exe?Modinfo=StationView&STATION_ID=10982,1,DAILY_RECORDS,Mean daily discharge in CFS,Mean daily discharge in CFS,1.0,CFS,0,,
,,10983,CUTLER/LARSEN 1,,,Conveyance,,10983,PROVO RIVER,Observational,MANUAL READ BY COMMISSIONER,,I,,,Manual,No,https://waterrights.utah.gov/cgi-bin/dvrtview.exe?Modinfo=StationView&STATION_ID=10983,1,DAILY_RECORDS,Mean daily discharge in CFS,Mean daily discharge in CFS,1.0,CFS,0,,
,,10984,CUTLER LARSEN 2,,,Conveyance,,10984,PROVO RIVER,Observational,MANUAL READ BY COMMISSIONER,,A,40.5786948048086,-111.234204522406,Manual,No,https://waterrights.utah.gov/cgi-bin/dvrtview.exe?Modinfo=StationView&STATION_ID=10984,1,DAILY_RECORDS,Mean daily discharge in CFS,Mean daily discharge in CFS,1.0,CFS,0,,
EMERY,,10988,COTTONWOOD STEEL PIPELINE,6317,,Conveyance,1.0,10988,SOUTH EAST REGION,Observational,,FLOWMETER,A,39.234835510397,-111.086891243314,Scrape,Yes,https://waterrights.utah.gov/cgi-bin/dvrtview.exe?Modinfo=StationView&STATION_ID=10988,1,DAILY_RECORDS,Mean daily discharge in CFS,Mean daily discharge in CFS,1.0,CFS,17,2009.0,2025.0
EMERY,,10989,MILLSITE PIPELINE,6529,,Conveyance,1.0,10989,FERRON CREEK,Observational,,FLOWMETER,A,39.0998932501039,-111.186935509365,Scrape,Yes,https://waterrights.utah.gov/cgi-bin/dvrtview.exe?Modinfo=StationView&STATION_ID=10989,1,DAILY_RECORDS,Mean daily discharge in CFS,Mean daily discharge in CFS,1.0,CFS,17,2009.0,2025.0
EMERY,,10990,COTTONWOOD FIBERGLASS PIPELINE,6314,,Conveyance,1.0,10990,SOUTH EAST REGION,Observational,,,A,,,Scrape,Yes,https://waterrights.utah.gov/cgi-bin/dvrtview.exe?Modinfo=StationView&STATION_ID=10990,1,DAILY_RECORDS,Mean daily discharge in CFS,Mean daily discharge in CFS,1.0,CFS,17,2009.0,2025.0
EMERY,,10991,"FERRON CREEK NEAR FERRON, UTAH (USGS)",6217,,Stream,1.0,10991,SOUTH EAST REGION,Observational,,,I,39.1049912713111,-111.22898038933,Scrape,Yes,https://waterrights.utah.gov/cgi-bin/dvrtview.exe?Modinfo=StationView&STATION_ID=10991,1,DAILY_RECORDS,Mean daily discharge in CFS,Mean daily discharge in CFS,1.0,CFS,0,,
EMERY,,10998,UPPER HUNTINGTON STREAM,13456,,Stream,1.0,10998,SOUTH EAST REGION,Observational,,,A,,,Scrape,Yes,https://waterrights.utah.gov/cgi-bin/dvrtview.exe?Modinfo=StationView&STATION_ID=10998,1,DAILY_RECORDS,Mean daily discharge in CFS,Mean daily discharge in CFS,1.0,CFS,8,2018.0,2025.0
EMERY,,11000,ELECTRIC WEIR,13656,,Stream,1.0,11000,SOUTH EAST REGION,Observational,,,A,,,Scrape,Yes,https://waterrights.utah.gov/cgi-bin/dvrtview.exe?Modinfo=StationView&STATION_ID=11000,1,DAILY_RECORDS,Mean daily discharge in CFS,Mean daily discharge in CFS,1.0,CFS,4,2022.0,2025.0
,,11002,LOGAN RIVER AT MAIN STREET,,,Stream,,11002,LOGAN RIVER,Observational,,,I,,,Manual,Yes,https://waterrights.utah.gov/cgi-bin/dvrtview.exe?Modinfo=StationView&STATION_ID=11002,1,DAILY_RECORDS,Mean daily discharge in CFS,Mean daily discharge in CFS,1.0,CFS,0,,
,,11003,LOGAN RIVER AT WATER LAB,,,Stream,,11003,LOGAN RIVER,Observational,,,I,,,Manual,Yes,https://waterrights.utah.gov/cgi-bin/dvrtview.exe?Modinfo=StationView&STATION_ID=11003,1,DAILY_RECORDS,Mean daily discharge in CFS,Mean daily discharge in CFS,1.0,CFS,0,,
EMERY,,11004,MOHRLAND PIPELINE,12886,,Conveyance,1.0,11004,SOUTH EAST REGION,Observational,,,A,,,Scrape,Yes,https://waterrights.utah.gov/cgi-bin/dvrtview.exe?Modinfo=StationView&STATION_ID=11004,3,DAILY_RECORDS,Mean daily discharge in CFS,Mean daily discharge in GPM,448.8,CFS,7,2019.0,2025.0
EMERY,,11009,END OF HUNTINGTON CANAL,6386,,Conveyance,1.0,11009,SOUTH EAST REGION,Observational,,,A,,,Scrape,Yes,https://waterrights.utah.gov/cgi-bin/dvrtview.exe?Modinfo=StationView&STATION_ID=11009,1,DAILY_RECORDS,Mean daily discharge in CFS,Mean daily discharge in CFS,1.0,CFS,16,2010.0,2025.0
EMERY,,11010,MUDDY CREEK NEAR EMERY (USGS),6225,,Stream,1.0,11010,SOUTH EAST REGION,Observational,,,I,,,Scrape,Yes,https://waterrights.utah.gov/cgi-bin/dvrtview.exe?Modinfo=StationView&STATION_ID=11010,1,DAILY_RECORDS,Mean daily discharge in CFS,Mean daily discharge in CFS,1.0,CFS,0,,
EMERY,,11011,EMERY CANAL UPPER PIPELINE (206 CFS),10736,,Stream,1.0,11011,SOUTH EAST REGION,Observational,,,A,,,Scrape,Yes,https://waterrights.utah.gov/cgi-bin/dvrtview.exe?Modinfo=StationView&STATION_ID=11011,1,DAILY_RECORDS,Mean daily discharge in CFS,Mean daily discharge in CFS,1.0,CFS,13,2013.0,2025.0
EMERY,,11014,HCSL,5225,,Conveyance,1.0,11014,SOUTH EAST REGION,Observational,,,A,,,Scrape,Yes,https://waterrights.utah.gov/cgi-bin/dvrtview.exe?Modinfo=StationView&STATION_ID=11014,1,DAILY_RECORDS,Mean daily discharge in CFS,Mean daily discharge in CFS,1.0,CFS,16,2010.0,2025.0
EMERY,,11015,GREEN RIVER,6214,,Stream,1.0,11015,SOUTH EAST REGION,Observational,,,I,,,Scrape,Yes,https://waterrights.utah.gov/cgi-bin/dvrtview.exe?Modinfo=StationView&STATION_ID=11015,1,DAILY_RECORDS,Mean daily discharge in CFS,Mean daily discharge in CFS,1.0,CFS,0,,
EMERY,,11016,SAN RAFAEL RIVER,6221,,Stream,1.0,11016,SOUTH EAST REGION,Observational,,,I,,,Scrape,Yes,https://waterrights.utah.gov/cgi-bin/dvrtview.exe?Modinfo=StationView&STATION_ID=11016,1,DAILY_RECORDS,Mean daily discharge in CFS,Mean daily discharge in CFS,1.0,CFS,0,,
EMERY,,11023,MOORE DIVERSION (PIPE 6 CFS),11687,,Stream,1.0,11023,SOUTH EAST REGION,Observational,,,A,,,Scrape,Yes,https://waterrights.utah.gov/cgi-bin/dvrtview.exe?Modinfo=StationView&STATION_ID=11023,1,DAILY_RECORDS,Mean daily discharge in CFS,Mean daily discharge in CFS,1.0,CFS,8,2016.0,2023.0
EMERY,,11025,MOORE DIVERSION (PIPE 1 CFS),11682,,Conveyance,1.0,11025,SOUTH EAST REGION,Observational,,,A,,,Scrape,Yes,https://waterrights.utah.gov/cgi-bin/dvrtview.exe?Modinfo=StationView&STATION_ID=11025,1,DAILY_RECORDS,Mean daily discharge in CFS,Mean daily discharge in CFS,1.0,CFS,8,2016.0,2023.0
EMERY,,11026,MOORE DIVERSION (PIPE 2 CFS),11683,,Conveyance,1.0,11026,SOUTH EAST REGION,Observational,,,A,,,Scrape,Yes,https://waterrights.utah.gov/cgi-bin/dvrtview.exe?Modinfo=StationView&STATION_ID=11026,1,DAILY_RECORDS,Mean daily discharge in CFS,Mean daily discharge in CFS,1.0,CFS,8,2016.0,2023.0
EMERY,,11027,MOORE DIVERSION (PIPE 3 CFS),11684,,,1.0,11027,SOUTH EAST REGION,Observational,,,A,,,Scrape,Yes,https://waterrights.utah.gov/cgi-bin/dvrtview.exe?Modinfo=StationView&STATION_ID=11027,1,DAILY_RECORDS,Mean daily discharge in CFS,Mean daily discharge in CFS,1.0,CFS,8,2016.0,2023.0
EMERY,,11028,MOORE DIVERSION (PIPE 4 CFS),11685,,Conveyance,1.0,11028,SOUTH EAST REGION,Observational,,,A,,,Scrape,Yes,https://waterrights.utah.gov/cgi-bin/dvrtview.exe?Modinfo=StationView&STATION_ID=11028,1,DAILY_RECORDS,Mean daily discharge in CFS,Mean daily discharge in CFS,1.0,CFS,8,2016.0,2023.0
EMERY,,11029,MOORE DIVERSION (PIPE 5 CFS),11686,,Conveyance,1.0,11029,SOUTH EAST REGION,Observational,,,A,,,Scrape,Yes,https://waterrights.utah.gov/cgi-bin/dvrtview.exe?Modinfo=StationView&STATION_ID=11029,1,DAILY_RECORDS,Mean daily discharge in CFS,Mean daily discharge in CFS,1.0,CFS,8,2016.0,2023.0
,,11030,DESERET IRRIGATION CO (PUMP DITCH) (MONTHLY RECORDS),,,Conveyance,,11030,SEVIER RIVER,Observational,Ramp Flume 2 foot,,I,39.3407357356181,-112.624724665947,Scrape,Yes,https://waterrights.utah.gov/cgi-bin/dvrtview.exe?Modinfo=StationView&STATION_ID=11030,5,MONTHLY_RECORDS,Monthly Discharge in ACFT,Monthly Discharge in ACFT,1.0,ACFT,0,,
,,11031,DMAD WELL #2 (MONTHLY RECORDS),,,Well,,11031,SEVIER RIVER,Observational,,,I,39.4022472454317,-112.502432633222,Manual,No,https://waterrights.utah.gov/cgi-bin/dvrtview.exe?Modinfo=StationView&STATION_ID=11031,5,MONTHLY_RECORDS,Monthly Discharge in ACFT,Monthly Discharge in ACFT,1.0,ACFT,0,,
,,11032,DMAD WELL 3 (MONTHLY RECORDS),,,Well,,11032,SEVIER RIVER,Observational,,,I,,,Manual,No,https://waterrights.utah.gov/cgi-bin/dvrtview.exe?Modinfo=StationView&STATION_ID=11032,5,MONTHLY_RECORDS,Monthly Discharge in ACFT,Monthly Discharge in ACFT,1.0,ACFT,0,,
,,11033,DMAD WELLS 5 - 9 (MONTHLY RECORDS),,,Well,,11033,SEVIER RIVER,Observational,,,I,,,Manual,No,https://waterrights.utah.gov/cgi-bin/dvrtview.exe?Modinfo=StationView&STATION_ID=11033,5,MONTHLY_RECORDS,Monthly Discharge in ACFT,Monthly Discharge in ACFT,1.0,ACFT,0,,
SPRINGVILLE_IRR,,11036,SPRINGVILLE IRR DITCH 1,DITCH 1,Radio ADD: 102 CH:1,Conveyance,1.0,11036,HOBBLE CREEK,Observational,Ramp Flume with Potentiometer,,A,40.1500854435753,-111.564112023792,Direct,Yes,https://waterrights.utah.gov/cgi-bin/dvrtview.exe?Modinfo=StationView&STATION_ID=11036,1,DAILY_RECORDS,Mean daily discharge in CFS,Mean daily discharge in CFS,1.0,CFS,2,2024.0,2025.0
,,11037,IPP CENTRAL UTAH PUMPING (MONTHLY RECORDS),,,Conveyance,,11037,SEVIER RIVER,Observational,,,I,,,Manual,No,https://waterrights.utah.gov/cgi-bin/dvrtview.exe?Modinfo=StationView&STATION_ID=11037,5,MONTHLY_RECORDS,Monthly Discharge in ACFT,Monthly Discharge in ACFT,1.0,ACFT,0,,
,,11038,IPP DMAD PUMPING (MONTHLY RECORDS),,,Conveyance,,11038,SEVIER RIVER,Observational,,,I,,,Manual,No,https://waterrights.utah.gov/cgi-bin/dvrtview.exe?Modinfo=StationView&STATION_ID=11038,5,MONTHLY_RECORDS,Monthly Discharge in ACFT,Monthly Discharge in ACFT,1.0,ACFT,0,,
,,11056,VINCENT FAMILY FARMS (MONTHLY RECORDS),,,Conveyance,,11056,SEVIER RIVER,Observational,,,I,,,Scrape,Yes,https://waterrights.utah.gov/cgi-bin/dvrtview.exe?Modinfo=StationView&STATION_ID=11056,5,MONTHLY_RECORDS,Monthly Discharge in ACFT,Monthly Discharge in ACFT,1.0,ACFT,0,,
,,11063,SEVIER RIVER NEAR DELTA (MONTHLY RECORDS),,,Stream,,11063,SEVIER RIVER,Observational,,,I,39.3744150785664,-112.599143060118,Scrape,Yes,https://waterrights.utah.gov/cgi-bin/dvrtview.exe?Modinfo=StationView&STATION_ID=11063,5,MONTHLY_RECORDS,Monthly Discharge in ACFT,Monthly Discharge in ACFT,1.0,ACFT,0,,
,,11095,GALE RASMUSSEN (ANNUAL RECORDS),,,Conveyance,,11095,POT CREEK,Observational,,,I,,,Manual,No,https://waterrights.utah.gov/cgi-bin/dvrtview.exe?Modinfo=StationView&STATION_ID=11095,11,ANNUAL_RECORDS,Annual Diversion in ACFT,Annual Diversion in ACFT,1.0,ACFT,0,,
,,11096,0300 WEST MOSBY CREEK - WILKERSON/NILSEN - TOTAL ANNUAL,,,Conveyance,,11096,DEEP CREEK,Observational,Dynasonic Flow Meter with telemetry,,A,40.5704582829519,-109.843832715905,Manual,No,https://waterrights.utah.gov/cgi-bin/dvrtview.exe?Modinfo=StationView&STATION_ID=11096,11,ANNUAL_RECORDS,Annual Diversion in ACFT,Annual Diversion in ACFT,1.0,ACFT,0,,
,,11112,GUNLOCK TOWN (ANNUAL RECORDS),,,Conveyance,,11112,SANTA CLARA RIVER,Observational,,,I,,,Manual,No,https://waterrights.utah.gov/cgi-bin/dvrtview.exe?Modinfo=StationView&STATION_ID=11112,11,ANNUAL_RECORDS,Annual Diversion in ACFT,Annual Diversion in ACFT,1.0,ACFT,0,,
,,11115,MURRAY DITCH,,,,,11115,UINTA AND WHITEROCKS RIVERS,Observational,,,A,,,,,https://waterrights.utah.gov/cgi-bin/dvrtview.exe?Modinfo=StationView&STATION_ID=11115,1,DAILY_RECORDS,Mean daily discharge in CFS,Mean daily discharge in CFS,1.0,CFS,5,2019.0,2023.0
,,11116,WHITEROCKS IRRIGATION,,,,,11116,UINTA AND WHITEROCKS RIVERS,Observational,,,A,,,,,https://waterrights.utah.gov/cgi-bin/dvrtview.exe?Modinfo=StationView&STATION_ID=11116,1,DAILY_RECORDS,Mean daily discharge in CFS,Mean daily discharge in CFS,1.0,CFS,5,2019.0,2023.0
,,11117,YF BROWNS,,,,,11117,UINTA AND WHITEROCKS RIVERS,Observational,,,A,,,,,https://waterrights.utah.gov/cgi-bin/dvrtview.exe?Modinfo=StationView&STATION_ID=11117,1,DAILY_RECORDS,Mean daily discharge in CFS,Mean daily discharge in CFS,1.0,CFS,1,2023.0,2023.0
,,11118,BROWNS DRAW FLUME,,,,,11118,UINTA AND WHITEROCKS RIVERS,Observational,,,A,,,,,https://waterrights.utah.gov/cgi-bin/dvrtview.exe?Modinfo=StationView&STATION_ID=11118,1,DAILY_RECORDS,Mean daily discharge in CFS,Mean daily discharge in CFS,1.0,CFS,3,2019.0,2021.0
,,11126,SUMSION LEFT HAND FORK DIVERSION,,,Conveyance,,11126,HOBBLE CREEK,Observational,,,A,40.2423648802761,-111.457245100647,Manual,No,https://waterrights.utah.gov/cgi-bin/dvrtview.exe?Modinfo=StationView&STATION_ID=11126,1,DAILY_RECORDS,Mean daily discharge in CFS,Mean daily discharge in CFS,1.0,CFS,0,,
,,11127,BARKER SPRINGS,,,Conveyance,,11127,HOBBLE CREEK,Observational,,,A,40.2063435733332,-111.497503094998,Manual,No,https://waterrights.utah.gov/cgi-bin/dvrtview.exe?Modinfo=StationView&STATION_ID=11127,1,DAILY_RECORDS,Mean daily discharge in CFS,Mean daily discharge in CFS,1.0,CFS,0,,
,,11128,ROTARY PUMP,,,Conveyance,,11128,HOBBLE CREEK,Observational,,,A,40.1672262417796,-111.498620185762,Manual,No,https://waterrights.utah.gov/cgi-bin/dvrtview.exe?Modinfo=StationView&STATION_ID=11128,1,DAILY_RECORDS,Mean daily discharge in CFS,Mean daily discharge in CFS,1.0,CFS,0,,
,,11136,FARNSWORTH CANAL (CR RECORDS),,,Conveyance,,11136,LAKE FORK RIVER,Observational,,,I,,,Manual,,https://waterrights.utah.gov/cgi-bin/dvrtview.exe?Modinfo=StationView&STATION_ID=11136,1,DAILY_RECORDS,Mean daily discharge in CFS,Mean daily discharge in CFS,1.0,CFS,5,2019.0,2023.0
,,11137,CLASS C (CR RECORDS),,,Conveyance,,11137,LAKE FORK RIVER,Observational,,,I,,,Manual,,https://waterrights.utah.gov/cgi-bin/dvrtview.exe?Modinfo=StationView&STATION_ID=11137,1,DAILY_RECORDS,Mean daily discharge in CFS,Mean daily discharge in CFS,1.0,CFS,5,2019.0,2023.0
,,11138,"UPALCO PIPELINES, CLASS C PIPELINE, CLASS D PIPELINE, AND LAKE FORK IRR.",,,,,11138,LAKE FORK RIVER,Observational,,,I,,,,,https://waterrights.utah.gov/cgi-bin/dvrtview.exe?Modinfo=StationView&STATION_ID=11138,1,DAILY_RECORDS,Mean daily discharge in CFS,Mean daily discharge in CFS,1.0,CFS,5,2019.0,2023.0
,,11140,SANDWASH CREEK (CR RECORDS),,,Stream,,11140,LAKE FORK RIVER,Observational,,,I,,,Scrape,,https://waterrights.utah.gov/cgi-bin/dvrtview.exe?Modinfo=StationView&STATION_ID=11140,1,DAILY_RECORDS,Mean daily discharge in CFS,Mean daily discharge in CFS,1.0,CFS,5,2019.0,2023.0
,,11154,EAST BENCH CANAL-DELIVERY (CR RECORDS),,,Conveyance,,11154,SPANISH FORK RIVER,Observational,Gage and Rating Table,,I,40.072354578429,-111.578852296035,Manual,,https://waterrights.utah.gov/cgi-bin/dvrtview.exe?Modinfo=StationView&STATION_ID=11154,1,DAILY_RECORDS,Mean daily discharge in CFS,Mean daily discharge in CFS,1.0,CFS,2,2022.0,2023.0
,,11155,HIGHLINE CANAL- DELIVERY (CR RECORDS),,,Conveyance,,11155,SPANISH FORK RIVER,Observational,RAMP FLUME,,I,40.079170859451,-111.604040485925,Manual,,https://waterrights.utah.gov/cgi-bin/dvrtview.exe?Modinfo=StationView&STATION_ID=11155,1,DAILY_RECORDS,Mean daily discharge in CFS,Mean daily discharge in CFS,1.0,CFS,2,2022.0,2023.0
,,11156,LAKE SHORE CANAL-DELIVERY (CR RECORDS),,,Conveyance,,11156,SPANISH FORK RIVER,Observational,MACE AGRIFLOW METER IN PIPE,,I,40.1125184055521,-111.698799539252,Manual,,https://waterrights.utah.gov/cgi-bin/dvrtview.exe?Modinfo=StationView&STATION_ID=11156,1,DAILY_RECORDS,Mean daily discharge in CFS,Mean daily discharge in CFS,1.0,CFS,2,2022.0,2023.0
,,11157,MILL RACE AT WIKIUP (CR RECORDS),,,Conveyance,,11157,SPANISH FORK RIVER,Observational,10 FT RAMP FLUME,,I,40.104153420325,-111.655844498704,Manual,,https://waterrights.utah.gov/cgi-bin/dvrtview.exe?Modinfo=StationView&STATION_ID=11157,1,DAILY_RECORDS,Mean daily discharge in CFS,Mean daily discharge in CFS,1.0,CFS,3,2021.0,2023.0
,,11167,DMAD WELL #6,,,Well,,11167,SEVIER RIVER,Observational,,,A,39.4682169777752,-112.414614227966,Manual,No,https://waterrights.utah.gov/cgi-bin/dvrtview.exe?Modinfo=StationView&STATION_ID=11167,1,DAILY_RECORDS,Mean daily discharge in CFS,Mean daily discharge in CFS,1.0,CFS,0,,
,,11168,DMAD WELL #7,,,Well,,11168,SEVIER RIVER,Observational,,,A,39.4496767252511,-112.407862797297,Manual,No,https://waterrights.utah.gov/cgi-bin/dvrtview.exe?Modinfo=StationView&STATION_ID=11168,1,DAILY_RECORDS,Mean daily discharge in CFS,Mean daily discharge in CFS,1.0,CFS,0,,
,,11170,DMAD WELL #9,,,Well,,11170,SEVIER RIVER,Observational,,,A,39.4116836606241,-112.459420214533,Manual,No,https://waterrights.utah.gov/cgi-bin/dvrtview.exe?Modinfo=StationView&STATION_ID=11170,1,DAILY_RECORDS,Mean daily discharge in CFS,Mean daily discharge in CFS,1.0,CFS,0,,
,,11171,DMAD WELL #4,,,Well,,11171,SEVIER RIVER,Observational,,,A,39.4949790110351,-112.378185951441,Manual,No,https://waterrights.utah.gov/cgi-bin/dvrtview.exe?Modinfo=StationView&STATION_ID=11171,1,DAILY_RECORDS,Mean daily discharge in CFS,Mean daily discharge in CFS,1.0,CFS,0,,
ProvoPW,,11172,01.02.02 SPRING CREEK DISCHARGE TO UTAH LAKE,SpringCreekWebData_files/sheet040.html,Gets data from https://www.provopw.org/resources/reports/water/canal/SpringCreekWebData.html,Stream,1.0,11172,UTAH LAKE/JORDAN RIVER,Observational,Flume on Spring Creek,,A,40.1839545939242,-111.615347885166,Scrape,Yes,https://waterrights.utah.gov/cgi-bin/dvrtview.exe?Modinfo=StationView&STATION_ID=11172,1,DAILY_RECORDS,Mean daily discharge in CFS,Mean daily discharge in CFS,1.0,CFS,20,2006.0,2025.0
,,11174,BURNT FORK NEAR BURNTFORK,,,Stream,,11174,HENRYS FORK,Observational,Transducer,,A,40.9467944548383,-110.059487980789,Direct,Yes,https://waterrights.utah.gov/cgi-bin/dvrtview.exe?Modinfo=StationView&STATION_ID=11174,1,DAILY_RECORDS,Mean daily discharge in CFS,Mean daily discharge in CFS,1.0,CFS,13,2007.0,2022.0
,,11221,HENRY`S FORK DITCH,,,Conveyance,,11221,HENRYS FORK,Observational,3` Parshall Flume,,A,40.9916220526481,-110.291594921928,Manual,No,https://waterrights.utah.gov/cgi-bin/dvrtview.exe?Modinfo=StationView&STATION_ID=11221,1,DAILY_RECORDS,Mean daily discharge in CFS,Mean daily discharge in CFS,1.0,CFS,6,1989.0,2022.0
PRICE_DL,,11243,SACCO`S DIVERSION,Sacco's Diversion,,Conveyance,1.0,11243,PRICE RIVER,Observational,Parshall Flume,FLOWMETER,A,39.4402675306473,-110.663832613906,Direct,Yes,https://waterrights.utah.gov/cgi-bin/dvrtview.exe?Modinfo=StationView&STATION_ID=11243,1,DAILY_RECORDS,Mean daily discharge in CFS,Mean daily discharge in CFS,1.0,CFS,1,2024.0,2024.0
,,11246,SPRINGVILLE IRR GOLF COURSE PUMP #1,,,Conveyance,,11246,HOBBLE CREEK,Observational,Totalizer Meter,,A,40.161386382866,-111.508763951689,Manual,No,https://waterrights.utah.gov/cgi-bin/dvrtview.exe?Modinfo=StationView&STATION_ID=11246,1,DAILY_RECORDS,Mean daily discharge in CFS,Mean daily discharge in CFS,1.0,CFS,0,,
,,11247,SPRINGVILLE IRR GOLF COURSE PUMP #2,,,Conveyance,,11247,HOBBLE CREEK,Observational,Totalizer Meter,,A,40.1613851996978,-111.508838427076,Manual,No,https://waterrights.utah.gov/cgi-bin/dvrtview.exe?Modinfo=StationView&STATION_ID=11247,1,DAILY_RECORDS,Mean daily discharge in CFS,Mean daily discharge in CFS,1.0,CFS,0,,
,,11248,SPRINGVILLE IRR PI 36,,,Conveyance,,11248,HOBBLE CREEK,Observational,Totalizer Meter,,A,40.1495632725642,-111.559265960949,Manual,No,https://waterrights.utah.gov/cgi-bin/dvrtview.exe?Modinfo=StationView&STATION_ID=11248,1,DAILY_RECORDS,Mean daily discharge in CFS,Mean daily discharge in CFS,1.0,CFS,0,,
UINTA_RIVER_DL,,11249,UINTA RIVER POWERPLANT CANAL,Uinta River Powerplant Canal,MLEA Powerplant Main Diversion,Hydropower,1.0,11249,UINTA AND WHITEROCKS RIVERS,Observational,8-ft Long Throated Ramp Flume,STAGE,A,40.597385383807,-110.117064211012,Direct,Yes,https://waterrights.utah.gov/cgi-bin/dvrtview.exe?Modinfo=StationView&STATION_ID=11249,1,DAILY_RECORDS,Mean daily discharge in CFS,Mean daily discharge in CFS,1.0,CFS,2,2024.0,2025.0
PRICE_DL,,11250,MARSING WASH CULVERT,MARSING WASH CULVERT,,Stream,1.0,11250,PRICE RIVER,Observational,Area - velocity meter,FLOWMETER,A,39.4395788358199,-110.664196803753,Direct,Yes,https://waterrights.utah.gov/cgi-bin/dvrtview.exe?Modinfo=StationView&STATION_ID=11250,1,DAILY_RECORDS,Mean daily discharge in CFS,Mean daily discharge in CFS,1.0,CFS,0,,
,,11251,HOBBLE CREEK BELOW SWENSON DAM,,,Stream,,11251,HOBBLE CREEK,Observational,FLUME,,A,40.157958262318,-111.598240767499,Scrape,Yes,https://waterrights.utah.gov/cgi-bin/dvrtview.exe?Modinfo=StationView&STATION_ID=11251,1,DAILY_RECORDS,Mean daily discharge in CFS,Mean daily discharge in CFS,1.0,CFS,0,,
DUCHESNE,,11257,MONTEZ CREEK CANAL,14171,,Conveyance,1.0,11257,UINTA AND WHITEROCKS RIVERS,Observational,,,A,40.4286696230654,-110.008972185293,Scrape,Yes,https://waterrights.utah.gov/cgi-bin/dvrtview.exe?Modinfo=StationView&STATION_ID=11257,1,DAILY_RECORDS,Mean daily discharge in CFS,Mean daily discharge in CFS,1.0,CFS,3,2023.0,2025.0
,,11261,NOBBLETS DITCH,,,Conveyance,,11261,PROVO RIVER,Observational,,,A,40.557951377473,-111.116119696535,Manual,No,https://waterrights.utah.gov/cgi-bin/dvrtview.exe?Modinfo=StationView&STATION_ID=11261,1,DAILY_RECORDS,Mean daily discharge in CFS,Mean daily discharge in CFS,1.0,CFS,0,,
,,11262,BAR X DIAMOND BAR ROAD,,,Conveyance,,11262,PROVO RIVER,Observational,,,A,40.557118964494,-111.137377316892,Manual,No,https://waterrights.utah.gov/cgi-bin/dvrtview.exe?Modinfo=StationView&STATION_ID=11262,1,DAILY_RECORDS,Mean daily discharge in CFS,Mean daily discharge in CFS,1.0,CFS,0,,
,,11263,NORTH PINE VALLEY,,,Conveyance,,11263,PROVO RIVER,Observational,,,A,40.5879576999593,-111.112919111429,Manual,No,https://waterrights.utah.gov/cgi-bin/dvrtview.exe?Modinfo=StationView&STATION_ID=11263,1,DAILY_RECORDS,Mean daily discharge in CFS,Mean daily discharge in CFS,1.0,CFS,0,,
DUCHESNE,,11264,E BIFURCATION RIVER FLOW,14166,,Stream,1.0,11264,UINTA AND WHITEROCKS RIVERS,Observational,,,A,40.471999953347,-109.956468736652,Scrape,Yes,https://waterrights.utah.gov/cgi-bin/dvrtview.exe?Modinfo=StationView&STATION_ID=11264,1,DAILY_RECORDS,Mean daily discharge in CFS,Mean daily discharge in CFS,1.0,CFS,2,2024.0,2025.0
DUCHESNE,,11265,E BIFURCATION CANAL FLOW,14165,,Stream,1.0,11265,UINTA AND WHITEROCKS RIVERS,Observational,,,A,40.4716519811092,-109.956708529598,Scrape,Yes,https://waterrights.utah.gov/cgi-bin/dvrtview.exe?Modinfo=StationView&STATION_ID=11265,1,DAILY_RECORDS,Mean daily discharge in CFS,Mean daily discharge in CFS,1.0,CFS,2,2024.0,2025.0
DUCHESNE,,11266,UINTA RIVER WEST CHANNEL 7786,7786,,Stream,1.0,11266,UINTA AND WHITEROCKS RIVERS,Observational,,,A,40.4613406958005,-109.951544789457,Scrape,Yes,https://waterrights.utah.gov/cgi-bin/dvrtview.exe?Modinfo=StationView&STATION_ID=11266,1,DAILY_RECORDS,Mean daily discharge in CFS,Mean daily discharge in CFS,1.0,CFS,3,2023.0,2025.0
,,11274,NORTH FORK SSD,,,,,11274,PROVO RIVER,Observational,Flow meters on Springs,,A,40.3905806936623,-111.576675872413,Manual,No,https://waterrights.utah.gov/cgi-bin/dvrtview.exe?Modinfo=StationView&STATION_ID=11274,1,DAILY_RECORDS,Mean daily discharge in CFS,Mean daily discharge in CFS,1.0,CFS,0,,
,,11276,SUNDANCE,,,Conveyance,,11276,PROVO RIVER,Observational,Flow meters on Springs,,A,40.3905937377658,-111.576668867084,Manual,No,https://waterrights.utah.gov/cgi-bin/dvrtview.exe?Modinfo=StationView&STATION_ID=11276,1,DAILY_RECORDS,Mean daily discharge in CFS,Mean daily discharge in CFS,1.0,CFS,0,,
,,11277,REDFORD RANCH,,,Conveyance,,11277,PROVO RIVER,Observational,Flow meters on Springs,,A,40.3906054270257,-111.576684236839,Manual,No,https://waterrights.utah.gov/cgi-bin/dvrtview.exe?Modinfo=StationView&STATION_ID=11277,1,DAILY_RECORDS,Mean daily discharge in CFS,Mean daily discharge in CFS,1.0,CFS,0,,
SEVIER_DL,,11279,RUBY`S INN,Ruby's Inn,Meter at Ruby's Inn coming off Tropic Eastfork Pipeline,Conveyance,1.0,11279,SEVIER RIVER,Observational,Mccrometer Procomm GO,FLOWMETER,A,37.6759203087998,-112.160438644367,Direct,Yes,https://waterrights.utah.gov/cgi-bin/dvrtview.exe?Modinfo=StationView&STATION_ID=11279,1,DAILY_RECORDS,Mean daily discharge in CFS,Mean daily discharge in CFS,1.0,CFS,2,2024.0,2025.0
EMERY,,11283,FLOW - POVERTY FLAT PIPELINE,13681,,Conveyance,1.0,11283,COTTONWOOD CREEK,Observational,Inline meter,DIGITAL,A,39.276117597381,-111.180313146401,Scrape,Yes,https://waterrights.utah.gov/cgi-bin/dvrtview.exe?Modinfo=StationView&STATION_ID=11283,1,DAILY_RECORDS,Mean daily discharge in CFS,Mean daily discharge in CFS,1.0,CFS,2,2024.0,2025.0
EMERY,,11285,FLOW-UPPER MAMMOTH PIPELINE,11522,CCCIC - UPPER MAMMOTH PIPELINE,Conveyance,1.0,11285,COTTONWOOD CREEK,Observational,,DIGITAL,A,39.234832074498,-111.086774003437,Scrape,Yes,https://waterrights.utah.gov/cgi-bin/dvrtview.exe?Modinfo=StationView&STATION_ID=11285,1,DAILY_RECORDS,Mean daily discharge in CFS,Mean daily discharge in CFS,1.0,CFS,1,2025.0,2025.0
,,11288,GSL FLOW (WR 59-5272),,,,,11288,LOWER JORDAN RIVER,Observational,,,A,,,,No,https://waterrights.utah.gov/cgi-bin/dvrtview.exe?Modinfo=StationView&STATION_ID=11288,1,DAILY_RECORDS,Mean daily discharge in CFS,Mean daily discharge in CFS,1.0,CFS,1,2024.0,2024.0
,,11294,HUNTINGTON CREEK BELOW POWER PLANT (MONTHLY),,,Stream,,11294,HUNTINGTON CREEK,Observational,,,I,39.3910201762238,-111.092563079426,,,https://waterrights.utah.gov/cgi-bin/dvrtview.exe?Modinfo=StationView&STATION_ID=11294,5,MONTHLY_RECORDS,Monthly Discharge in ACFT,Monthly Discharge in ACFT,1.0,ACFT,0,,
,,11295,CASTLE VALLEY MINING - DISCHARGE (MONTHLY),,,,,11295,HUNTINGTON CREEK,Observational,,,I,39.413215807102,-111.083511790164,,,https://waterrights.utah.gov/cgi-bin/dvrtview.exe?Modinfo=StationView&STATION_ID=11295,5,MONTHLY_RECORDS,Monthly Discharge in ACFT,Monthly Discharge in ACFT,1.0,ACFT,0,,
,,11307,SHOAL CREEK V SHAPE WEIR,,,Stream,,11307,BERYL-ENTERPRISE ESCALANTE VALLEY,Observational,V shape Weir,,A,37.5793977210711,-113.817731739373,Manual,No,https://waterrights.utah.gov/cgi-bin/dvrtview.exe?Modinfo=StationView&STATION_ID=11307,1,DAILY_RECORDS,Mean daily discharge in CFS,Mean daily discharge in CFS,1.0,CFS,1,2024.0,2024.0
USGS,,11311,"PRICE RIVER BELOW GOLF COURSE NEAR HELPER, UT (USGS)",09313520,,Stream,1.0,11311,PRICE RIVER,Observational,USGS bubbler,,A,39.6374288678319,-110.85769301003,Scrape,Yes,https://waterrights.utah.gov/cgi-bin/dvrtview.exe?Modinfo=StationView&STATION_ID=11311,1,DAILY_RECORDS,Mean daily discharge in CFS,Mean daily discharge in CFS,1.0,CFS,1,2025.0,2025.0
,,11321,ROCK DITCH,,,Conveyance,,11321,PROVO RIVER,Observational,,,A,40.5654480496676,-111.427001314674,Direct,Yes,https://waterrights.utah.gov/cgi-bin/dvrtview.exe?Modinfo=StationView&STATION_ID=11321,1,DAILY_RECORDS,Mean daily discharge in CFS,Mean daily discharge in CFS,1.0,CFS,0,,
,,11323,JSSD WTP DIVERSION BELOW JORDANELLE,,,Conveyance,,11323,PROVO RIVER,Observational,METER,,A,,,Direct,Yes,https://waterrights.utah.gov/cgi-bin/dvrtview.exe?Modinfo=StationView&STATION_ID=11323,1,DAILY_RECORDS,Mean daily discharge in CFS,Mean daily discharge in CFS,1.0,CFS,0,,
USGS,,11324,"USGS SOUTH FK OGDEN R BL CAUSEY RES NR HUNTSVILLE, UT",10137300,"This station is part of the USBR-USGS GSL Basin Agreement added on March 4, 2025 by Adel Abdallah",Stream,1.0,11324,USGS GAGES,Observational,,,A,41.2961466162327,-111.591405029968,Scrape,Yes,https://waterrights.utah.gov/cgi-bin/dvrtview.exe?Modinfo=StationView&STATION_ID=11324,1,DAILY_RECORDS,Mean daily discharge in CFS,Mean daily discharge in CFS,1.0,CFS,2,2024.0,2025.0
USGS,,11325,"USGS WEBER RIVER AT MORGAN, UT",10133550,gage installs part of the USBR-USGS GSL Basin AgreementPB:3/6/25,Stream,1.0,11325,USGS GAGES,Observational,,,A,41.040354975369,-111.66547725244,Scrape,Yes,https://waterrights.utah.gov/cgi-bin/dvrtview.exe?Modinfo=StationView&STATION_ID=11325,1,DAILY_RECORDS,Mean daily discharge in CFS,Mean daily discharge in CFS,1.0,CFS,2,2024.0,2025.0
USGS,,11326,"USGS LOST CREEK AT DEVILS SLIDE, UT",10133000,gage installs that are part of the USBR-USGS GSL Basin Agreement. Added by Preston Benko on 03/05/25.,Stream,1.0,11326,USGS GAGES,Observational,,,A,41.0606327490647,-111.534543979447,Scrape,Yes,https://waterrights.utah.gov/cgi-bin/dvrtview.exe?Modinfo=StationView&STATION_ID=11326,1,DAILY_RECORDS,Mean daily discharge in CFS,Mean daily discharge in CFS,1.0,CFS,1,2025.0,2025.0
USGS,,11327,"USGS NORTH FORK WEBER RIVER NEAR HOOPER, UT",10141200,gage installs that are part of the USBR-USGS GSL Basin Agreement. Added by Preston Benko on 03/05/25.,Stream,1.0,11327,USGS GAGES,Observational,,,A,41.2213494541805,-112.181335421148,Scrape,Yes,https://waterrights.utah.gov/cgi-bin/dvrtview.exe?Modinfo=StationView&STATION_ID=11327,1,DAILY_RECORDS,Mean daily discharge in CFS,Mean daily discharge in CFS,1.0,CFS,2,2024.0,2025.0
USGS,,11328,"USGS SOUTH FORK WEBER RIVER NEAR HOOPER, UT",10141100,gage installs that are part of the USBR-USGS GSL Basin Agreement. Added by Preston Benko on 03/05/25.,Stream,1.0,11328,USGS GAGES,Observational,,,A,41.1785938960865,-112.176377128102,Scrape,Yes,https://waterrights.utah.gov/cgi-bin/dvrtview.exe?Modinfo=StationView&STATION_ID=11328,1,DAILY_RECORDS,Mean daily discharge in CFS,Mean daily discharge in CFS,1.0,CFS,1,2025.0,2025.0
USGS,,11329,"USGS HOWARD SLOUGH AT HOWARD SLOUGH WMA, NR HOOPER, UT",10141410,gage install that are part of the USBR-USGS GSL Basin Agreement. Added by Preston Benko on 03/06/25.,Stream,1.0,11329,USGS GAGES,Observational,,,A,41.1294550038902,-112.145207637816,Scrape,Yes,https://waterrights.utah.gov/cgi-bin/dvrtview.exe?Modinfo=StationView&STATION_ID=11329,6,DAILY_RECORDS,Daily gage height in FEET,Daily gage height in FEET,1.0,FEET,2,2024.0,2025.0
USGS,,11330,"USGS KAYS CREEK NEAR LAYTON, UT",10141450,gage install that are part of the USBR-USGS GSL Basin Agreement. Added by Preston Benko on 03/06/25.,Stream,1.0,11330,USGS GAGES,Observational,,,A,41.0408799992996,-111.996657686888,Scrape,Yes,https://waterrights.utah.gov/cgi-bin/dvrtview.exe?Modinfo=StationView&STATION_ID=11330,1,DAILY_RECORDS,Mean daily discharge in CFS,Mean daily discharge in CFS,1.0,CFS,1,2025.0,2025.0
USGS,,11331,"USGS JORDAN RIVER @ CUDAHY LANE NR SALT LAKE CITY, UT",10172600,gage install that are part of the USBR-USGS GSL Basin Agreement. Added by Preston Benko on 03/06/25.,Stream,1.0,11331,USGS GAGES,Observational,,,A,40.847338362582,-111.954016117937,Scrape,Yes,https://waterrights.utah.gov/cgi-bin/dvrtview.exe?Modinfo=StationView&STATION_ID=11331,1,DAILY_RECORDS,Mean daily discharge in CFS,Mean daily discharge in CFS,1.0,CFS,1,2025.0,2025.0
USGS,,11332,USGS LEE CREEK NEAR MAGNA UT,10172640,gage install that are part of the USBR-USGS GSL Basin Agreement. Added by Preston Benko on 03/06/25.,Stream,1.0,11332,USGS GAGES,Observational,,,A,40.7808467183599,-112.138582689634,Scrape,Yes,https://waterrights.utah.gov/cgi-bin/dvrtview.exe?Modinfo=StationView&STATION_ID=11332,1,DAILY_RECORDS,Mean daily discharge in CFS,Mean daily discharge in CFS,1.0,CFS,1,2025.0,2025.0
UINTAH,,11333,BURTON DITCH PIPELINE,10502,Burton Ditch flow,Conveyance,1.0,11333,BRUSH CREEK,Observational,Meter,FLOWMETER,A,40.4194289951029,-109.369833133778,Scrape,Yes,https://waterrights.utah.gov/cgi-bin/dvrtview.exe?Modinfo=StationView&STATION_ID=11333,1,DAILY_RECORDS,Mean daily discharge in CFS,Mean daily discharge in CFS,1.0,CFS,1,2025.0,2025.0
LOWER_BEAR_DL,,11335,CHESAPEAKE CLUB,Chesapeake Club,"Bigfoot Sensor on 18"" pipe from Chesapeake Club Pump",,1.0,11335,LOWER BEAR RIVER - BOX ELDER,Observational,Bigfoot Velocity and Depth Sensor,,A,41.5061907628121,-112.140689292256,Direct,Yes,https://waterrights.utah.gov/cgi-bin/dvrtview.exe?Modinfo=StationView&STATION_ID=11335,1,DAILY_RECORDS,Mean daily discharge in CFS,Mean daily discharge in CFS,1.0,CFS,1,2025.0,2025.0
LOGAN_DL,,11365,LITTLE LOGAN RETURN TO BEAR,LITTLE LOGAN RETURN TO BEAR,IN CULVERT AT WILLOWCREEK DEVELOP,Stream,1.0,11365,LOGAN RIVER,Observational,AREA VELOCITY METER,DIGITAL,A,41.712829611577,-111.870445541959,Direct,Yes,https://waterrights.utah.gov/cgi-bin/dvrtview.exe?Modinfo=StationView&STATION_ID=11365,1,DAILY_RECORDS,Mean daily discharge in CFS,Mean daily discharge in CFS,1.0,CFS,1,2025.0,2025.0
CU_SCADA,,11400,WEST FORK PIPELINE FLOW - SACS,VD78FLOW_PUB,West Fork Pipeline Flow - SACS,Conveyance,1.0,11400,DUCHESNE RIVER,Observational,,DIGITAL,A,40.4500804282009,-111.002371355973,Scrape,,https://waterrights.utah.gov/cgi-bin/dvrtview.exe?Modinfo=StationView&STATION_ID=11400,1,DAILY_RECORDS,Mean daily discharge in CFS,Mean daily discharge in CFS,1.0,CFS,1,2025.0,2025.0
,,11411,155 RASMUSSEN RICHARD (ANNUAL),,,Conveyance,,11411,DUCHESNE RIVER (HISTORICAL DATA),Observational,,,I,,,Manual,,https://waterrights.utah.gov/cgi-bin/dvrtview.exe?Modinfo=StationView&STATION_ID=11411,11,ANNUAL_RECORDS,Annual Diversion in ACFT,Annual Diversion in ACFT,1.0,ACFT,0,,
