COLLECTION_SYSTEM,collection_sys_description,MasterStationID,MasterStationName,CollectionStationName,COMMENTS,SiteType,ANALOG_CHANNEL,STATION_ID,SYSTEM_NAME,DatasetType,MEASURING_DEVICE,DEVICE_TYPE,STATUS,LAT,LON,DataEntryMethod,Telemetry,StationPage,UNITS_ID,RECORD_TYPE,UNITS_DESC_BASE,UNITS_DESC_ENTRY,UNITS_MULTIPLIER,UNITS_DESC_REALTIME,NoOfYears,StartYr,EndYr
UJORDAN,Beaver Creek,6,07.02 SOUTH JORDAN CANAL (TOTAL),3,South Jordan Canal,Conveyance,1,6,UTAH LAKE/JORDAN RIVER,Observational,12-ft Concrete Ramp Flume,DIGITAL,A,40.4622195675896,-111.933414612206,Direct,Yes,https://waterrights.utah.gov/cgi-bin/dvrtview.exe?Modinfo=StationView&STATION_ID=6,1,DAILY_RECORDS,Mean daily discharge in CFS,Mean daily discharge in CFS,1,CFS,75,1951,2025
LOGAN,Fairview,17,LOGAN AND NORTHERN AND LOGAN HOLLOW (BELOW FIRST DAM),Logan_North_Hollow,Total Diversion in pipeline at River below First Dam,Conveyance,1,17,LOGAN RIVER,Observational,Pipeline Flow Meter and telemetry,DIGITAL,A,41.7397775350262,-111.791493644345,Manual,Yes,https://waterrights.utah.gov/cgi-bin/dvrtview.exe?Modinfo=StationView&STATION_ID=17,1,DAILY_RECORDS,Mean daily discharge in CFS,Mean daily discharge in CFS,1,CFS,47,1973,2023
LOGAN_DL,Green River,18,PROVIDENCE-LOGAN IRRIGATION COMPANY,PROVIDENCE-LOGAN IRRIGATION COMPANY,Radio 301_1 PakBus 1,Conveyance,1,18,LOGAN RIVER,Observational,3 foot parshall flume with recorder,DIGITAL,A,41.7394697645847,-111.800499887852,Direct,Yes,https://waterrights.utah.gov/cgi-bin/dvrtview.exe?Modinfo=StationView&STATION_ID=18,1,DAILY_RECORDS,Mean daily discharge in CFS,Mean daily discharge in CFS,1,CFS,50,1973,2025
LOGAN_DL,Hanksville,19,NORTHWEST FIELD CANAL,NORTHWEST FIELD CANAL,Southwest Field calls for tables from Northwest Field Datalogger,Conveyance,1,19,LOGAN RIVER,Observational,12 foot ramp flume with recorder,DIGITAL,A,41.7270743500635,-111.843647620328,Direct,Yes,https://waterrights.utah.gov/cgi-bin/dvrtview.exe?Modinfo=StationView&STATION_ID=19,1,DAILY_RECORDS,Mean daily discharge in CFS,Mean daily discharge in CFS,1,CFS,51,1973,2024
LBEAR,Jordan River Dataloggers,21,BENSON IRRIGATION COMPANY,A5,Benson Irrigation,Conveyance,1,21,LOGAN RIVER,Observational,6 foot parshall flume/shaft encodr,DIGITAL,A,41.773950501898,-111.848876516074,Direct,Yes,https://waterrights.utah.gov/cgi-bin/dvrtview.exe?Modinfo=StationView&STATION_ID=21,1,DAILY_RECORDS,Mean daily discharge in CFS,Mean daily discharge in CFS,1,CFS,52,1973,2025
LOGAN_DL,Logan River Dataloggers,26,HYDE PARK AND LOGAN NORTHFIELD,HYDE PARK AND LOGAN NORTHFIELD,HYDE PARK AND LOGAN NORTHFIELD,Conveyance,1,26,LOGAN RIVER,Observational,7 foot Parshall Flume with recorder,NULL,A,41.7315415274294,-111.83039386276,Direct,Yes,https://waterrights.utah.gov/cgi-bin/dvrtview.exe?Modinfo=StationView&STATION_ID=26,1,DAILY_RECORDS,Mean daily discharge in CFS,Mean daily discharge in CFS,1,CFS,52,1973,2025
PRICE_DL,Mill Creek 2,29,CARBON CANAL,Carbon Canal,Canal Flume,Conveyance,1,29,PRICE RIVER,Observational,10 foot parshall flume,DIGITAL,A,39.63848204702,-110.861618413856,Direct,Yes,https://waterrights.utah.gov/cgi-bin/dvrtview.exe?Modinfo=StationView&STATION_ID=29,1,DAILY_RECORDS,Mean daily discharge in CFS,Mean daily discharge in CFS,1,CFS,76,1950,2025
PRICE_DL,Mill Creek Dataloggers,30,PRICE-WELLINGTON CANAL,Price-Wellington Canal,Price-Wellington Canal,Conveyance,1,30,PRICE RIVER,Observational,"10` parshall flume (512299, 4387532)",DIGITAL,A,39.6392393814586,-110.857361367002,Direct,Yes,https://waterrights.utah.gov/cgi-bin/dvrtview.exe?Modinfo=StationView&STATION_ID=30,1,DAILY_RECORDS,Mean daily discharge in CFS,Mean daily discharge in CFS,1,CFS,76,1950,2025
PRICE_DL,Jordan River (North),33,BRYNER-PLOUTZ DITCH,Bryner-Ploutz Ditch,Bryner-Ploutz Ditch,Conveyance,7,33,PRICE RIVER,Observational,Ultrasonic,FLOWMETER,A,39.702248503317,-110.86628213333,Direct,Yes,https://waterrights.utah.gov/cgi-bin/dvrtview.exe?Modinfo=StationView&STATION_ID=33,1,DAILY_RECORDS,Mean daily discharge in CFS,Mean daily discharge in CFS,1,CFS,76,1950,2025
PRICE_DL,Jordan River (Cudahey),35,GAY DITCH,Gay Ditch,Gay Ditch,Conveyance,1,35,PRICE RIVER,Observational,9 inch parshall flume,DIGITAL,A,39.675409139846,-110.860520871812,Direct,Yes,https://waterrights.utah.gov/cgi-bin/dvrtview.exe?Modinfo=StationView&STATION_ID=35,1,DAILY_RECORDS,Mean daily discharge in CFS,Mean daily discharge in CFS,1,CFS,76,1950,2025
PRICE_DL,Ogden River Dataloggers,36,OBERTO DITCH,Oberto Ditch,Radio - ADD: 202 CH: 3,Conveyance,1,36,PRICE RIVER,Observational,Greyline Ultrasonic Pipe Meter,NULL,A,39.6774023827247,-110.860282569507,Direct,Yes,https://waterrights.utah.gov/cgi-bin/dvrtview.exe?Modinfo=StationView&STATION_ID=36,1,DAILY_RECORDS,Mean daily discharge in CFS,Mean daily discharge in CFS,1,CFS,53,1950,2025
LOGAN_DL,Strawberry Water Users Association,53,SOUTHWEST FIELD CANAL,SOUTHWEST FIELD CANAL,Radio - USU ADD:301 CH:1 PakBus 3,Conveyance,1,53,LOGAN RIVER,Observational,48.75-inch Ramp Flume with datalog,NULL,A,41.7238080397897,-111.845283574538,Manual,No,https://waterrights.utah.gov/cgi-bin/dvrtview.exe?Modinfo=StationView&STATION_ID=53,1,DAILY_RECORDS,Mean daily discharge in CFS,Mean daily discharge in CFS,1,CFS,52,1973,2025
LOGAN_DL,Uintah Water Conservancy District,54,PROVIDENCE PIONEER CANAL,PROVIDENCE PIONEER CANAL,Radio - USU ADD:301 CH:1 PakBus 4,Conveyance,1,54,LOGAN RIVER,Observational,18 inch Parshall Flume with recorder,NULL,A,41.7246985729303,-111.825988296478,Manual,No,https://waterrights.utah.gov/cgi-bin/dvrtview.exe?Modinfo=StationView&STATION_ID=54,1,DAILY_RECORDS,Mean daily discharge in CFS,Mean daily discharge in CFS,1,CFS,42,1979,2025
LOGAN_DL,USGS Gage,56,8TH WARD CANAL (CROCKETT CANAL),8TH WARD CANAL (CROCKETT CANAL),Radio - USU ADD:301 CH:1 PakBus 2,Conveyance,1,56,LOGAN RIVER,Observational,10 ft. Parshall Flume with recorder,DIGITAL,A,41.7341480783901,-111.811970761296,Direct,Yes,https://waterrights.utah.gov/cgi-bin/dvrtview.exe?Modinfo=StationView&STATION_ID=56,1,DAILY_RECORDS,Mean daily discharge in CFS,Mean daily discharge in CFS,1,CFS,51,1973,2025
CU_SCADA,NULL,87,TIMPANOGOS CANAL (UTAH COUNTY),TCTOTFLOW_HIST,Timpanogas and East Union Diversion (Utah County) (GPM),Conveyance,1,87,PROVO RIVER,Observational,4 foot Parshall Flume,STAGE,A,40.595033720976,-111.424908393163,Scrape,Yes,https://waterrights.utah.gov/cgi-bin/dvrtview.exe?Modinfo=StationView&STATION_ID=87,1,DAILY_RECORDS,Mean daily discharge in CFS,Mean daily discharge in CFS,1,CFS,59,1954,2024
CU_SCADA,NULL,91,PROVO BENCH CANAL,OREM\BR\ANALOG\PR_BENCH_CANAL_FLOW,Provo Bench Canal Diversion Rate,Conveyance,1,91,PROVO RIVER,Observational,14.25 foot rect. suppressed weir,DIGITAL,A,40.293088169835,-111.670056604125,Scrape,Yes,https://waterrights.utah.gov/cgi-bin/dvrtview.exe?Modinfo=StationView&STATION_ID=91,1,DAILY_RECORDS,Mean daily discharge in CFS,Mean daily discharge in CFS,1,CFS,55,1952,2025
PROVO,NULL,99,FORT FIELD CANAL,Fort Field Canal,2 ft Parshall Flume Submerged.  Pulsar flow sensor installed downstream of flume.,Conveyance,1,99,PROVO RIVER,Observational,Flow Meter (2 ft Flume Submerged),NULL,A,40.2341761679419,-111.693215043407,Scrape,Yes,https://waterrights.utah.gov/cgi-bin/dvrtview.exe?Modinfo=StationView&STATION_ID=99,1,DAILY_RECORDS,Mean daily discharge in CFS,Mean daily discharge in CFS,1,CFS,53,1953,2025
CU_SCADA,NULL,100,WASATCH & EXTENSION CANAL (TOTAL),SCADA.WRWCFLOW.F_CV,Wasatch Canal - Diversion,Conveyance,1,100,PROVO RIVER,Observational,18 foot rectangular suppressed weir,DIGITAL,I,40.5649600622851,-111.426894955923,Scrape,Yes,https://waterrights.utah.gov/cgi-bin/dvrtview.exe?Modinfo=StationView&STATION_ID=100,1,DAILY_RECORDS,Mean daily discharge in CFS,Mean daily discharge in CFS,1,CFS,62,1950,2022
CU_SCADA,NULL,101,MIDWAY RIVER DITCH (TOTAL),OREM\OD\PL\FLOW,Midway Ditch - Diversion,Conveyance,1,101,PROVO RIVER,Observational,8 foot rectangular suppressed weir,DIGITAL,A,40.5541111515648,-111.433567267063,Scrape,Yes,https://waterrights.utah.gov/cgi-bin/dvrtview.exe?Modinfo=StationView&STATION_ID=101,1,DAILY_RECORDS,Mean daily discharge in CFS,Mean daily discharge in CFS,1,CFS,69,1950,2025
CU_SCADA,NULL,103,WASHINGTON/SOUTH KAMAS CANAL (TOTAL),HPWSKFLOW_HIST,Washington/South Kamas Canal total,Conveyance,1,103,PROVO RIVER,Observational,14 foot rectangular suppressed weir,DIGITAL,A,40.5819024144017,-111.225813381051,Scrape,Yes,https://waterrights.utah.gov/cgi-bin/dvrtview.exe?Modinfo=StationView&STATION_ID=103,1,DAILY_RECORDS,Mean daily discharge in CFS,Mean daily discharge in CFS,1,CFS,65,1950,2025
PROVO,NULL,113,SUNRISE CANAL FROM PROVO RIVER,Sunrise Irrigation,,Conveyance,1,113,PROVO RIVER,Observational,2 foot Parshall Flume,NULL,A,40.559109675163,-111.191039218451,Direct,Yes,https://waterrights.utah.gov/cgi-bin/dvrtview.exe?Modinfo=StationView&STATION_ID=113,1,DAILY_RECORDS,Mean daily discharge in CFS,Mean daily discharge in CFS,1,CFS,62,1950,2025
PROVO,NULL,115,PHILLIPS DITCH,Phillips Ditch,Float Sensor for 3.0 FT Ramp Flume,Conveyance,1,115,PROVO RIVER,Observational,3.0 FT Ramp Flume w/ Float Sensor,NULL,A,40.5737235047186,-111.208832019847,Direct,Yes,https://waterrights.utah.gov/cgi-bin/dvrtview.exe?Modinfo=StationView&STATION_ID=115,1,DAILY_RECORDS,Mean daily discharge in CFS,Mean daily discharge in CFS,1,CFS,15,1989,2025
LBEAR,NULL,181,23  PAUL CARDON,Af,"23 - Radio - 202, UP&L",Conveyance,1,181,LOWER BEAR RIVER,Observational,Ultrasonic Flow Sensor,FLOWMETER,A,41.819903167078,-111.947655793085,Direct,Yes,https://waterrights.utah.gov/cgi-bin/dvrtview.exe?Modinfo=StationView&STATION_ID=181,1,DAILY_RECORDS,Mean daily discharge in CFS,Mean daily discharge in CFS,1,CFS,36,1989,2024
WEBER,NULL,248,LOWER MARION DITCH,Lower Marion Ditch,Ultrasonic Meter on Pipeline,Conveyance,1,248,WEBER RIVER,Observational,Ultrasonic Flow Meter,NULL,A,40.7209827416394,-111.261750878339,Direct,Yes,https://waterrights.utah.gov/cgi-bin/dvrtview.exe?Modinfo=StationView&STATION_ID=248,2,DAILY_RECORDS,MEAN daily discharge in CFS,Mean daily discharge in ACFT,1.98347107,CFS,77,1948,2025
WEBER,NULL,250,BOULDERVILLE DITCHES,Boulderville,,Conveyance,1,250,WEBER RIVER,Observational,5-FT CONCRETE PARSHALL FLUME,NULL,A,40.7231015481912,-111.262870310238,Direct,Yes,https://waterrights.utah.gov/cgi-bin/dvrtview.exe?Modinfo=StationView&STATION_ID=250,2,DAILY_RECORDS,MEAN daily discharge in CFS,Mean daily discharge in ACFT,1.98347107,CFS,77,1948,2025
WEBER,NULL,251,PEOA SOUTH BENCH CANAL,Peoa-South,,Conveyance,1,251,WEBER RIVER,Observational,5 FOOT CONCRETE PARSHALL FLUME,NULL,A,40.7206739898307,-111.26817476409,Direct,Yes,https://waterrights.utah.gov/cgi-bin/dvrtview.exe?Modinfo=StationView&STATION_ID=251,2,DAILY_RECORDS,MEAN daily discharge in CFS,Mean daily discharge in ACFT,1.98347107,CFS,67,1957,2024
WEBER_BASIN,NULL,268,EAST WANSHIP DITCH,East Wanship 16 Flow,,Conveyance,1,268,WEBER RIVER,Observational,SPARLING METER,NULL,A,40.7904713381865,-111.403972344373,Scrape,Yes,https://waterrights.utah.gov/cgi-bin/dvrtview.exe?Modinfo=StationView&STATION_ID=268,1,DAILY_RECORDS,Mean daily discharge in CFS,Mean daily discharge in CFS,1,CFS,44,1948,2025
WEBER_BASIN,NULL,270,WEST WANSHIP DITCH,Wanship West Wanship 14  Flow Meter,,Conveyance,1,270,WEBER RIVER,Observational,SPARLING METER,NULL,A,40.7904257943455,-111.404133480897,Scrape,Yes,https://waterrights.utah.gov/cgi-bin/dvrtview.exe?Modinfo=StationView&STATION_ID=270,1,DAILY_RECORDS,Mean daily discharge in CFS,Mean daily discharge in CFS,1,CFS,48,1948,2025
WEBER,NULL,368,EAST PORTERVILLE CANAL,East Porterville,East Porterville Canal,Conveyance,1,368,WEBER RIVER,Observational,4 FOOT PARSHALL FLUME,NULL,A,40.9526518575639,-111.658083721773,Direct,Yes,https://waterrights.utah.gov/cgi-bin/dvrtview.exe?Modinfo=StationView&STATION_ID=368,2,DAILY_RECORDS,MEAN daily discharge in CFS,Mean daily discharge in ACFT,1.98347107,CFS,77,1948,2025
WEBER,NULL,434,HOOPER CANAL,Hooper Canal,Hooper Canal Diversion from the Willard Canal,Conveyance,1,434,WEBER RIVER,Observational,10 FOOT PARSHALL FLUME,NULL,A,41.2301134995281,-112.017108038684,Direct,Yes,https://waterrights.utah.gov/cgi-bin/dvrtview.exe?Modinfo=StationView&STATION_ID=434,2,DAILY_RECORDS,MEAN daily discharge in CFS,Mean daily discharge in ACFT,1.98347107,CFS,77,1948,2025
SEVIER,NULL,472,WEST HATCH DITCH,9149,West Hatch Ditch,Conveyance,1,472,SEVIER RIVER,Observational,3 foot Parshall Flume,NULL,A,37.6271863360745,-112.487602459016,Scrape,Yes,https://waterrights.utah.gov/cgi-bin/dvrtview.exe?Modinfo=StationView&STATION_ID=472,1,DAILY_RECORDS,Mean daily discharge in CFS,Mean daily discharge in CFS,1,CFS,74,1951,2025
SEVIER,NULL,492,EAST HATCH DITCH,9128,East Hatch Ditch,Conveyance,1,492,SEVIER RIVER,Observational,2 foot Parshall Flume,NULL,A,37.6355071538086,-112.432958557459,Scrape,Yes,https://waterrights.utah.gov/cgi-bin/dvrtview.exe?Modinfo=StationView&STATION_ID=492,1,DAILY_RECORDS,Mean daily discharge in CFS,Mean daily discharge in CFS,1,CFS,74,1951,2025
CU_SCADA,NULL,494,CUWCD MIDWAY UPPER DAM (OVERFLOW OR BY-PASS),SCADA.UMFLOW.F_CV,Upper Midway - SCADA River Gauge,Stream,1,494,PROVO RIVER,Observational,,DIGITAL,A,40.5541240448038,-111.433192205987,Scrape,Yes,https://waterrights.utah.gov/cgi-bin/dvrtview.exe?Modinfo=StationView&STATION_ID=494,1,DAILY_RECORDS,Mean daily discharge in CFS,Mean daily discharge in CFS,1,CFS,71,1950,2025
CU_SCADA,NULL,501,530 STRAWBERRY AQUEDUCT INFLOW,OCFLOW_HIST,Strawberry Aqueduct Inflow,Conveyance,3,501,DUCHESNE RIVER,Observational,10` Parshall Flume,DIGITAL,A,40.2158966517815,-111.106086957941,Scrape,Yes,https://waterrights.utah.gov/cgi-bin/dvrtview.exe?Modinfo=StationView&STATION_ID=501,1,DAILY_RECORDS,Mean daily discharge in CFS,Mean daily discharge in CFS,1,CFS,49,1953,2025
DUCHESNE,NULL,509,070 RHOADES CANAL,8428,Rhoades Canal,Conveyance,2,509,DUCHESNE RIVER,Observational,Estimate,DIGITAL,A,40.47764471053,-110.826801545279,Scrape,Yes,https://waterrights.utah.gov/cgi-bin/dvrtview.exe?Modinfo=StationView&STATION_ID=509,1,DAILY_RECORDS,Mean daily discharge in CFS,Mean daily discharge in CFS,1,CFS,76,1949,2025
DUCHESNE,NULL,510,160 FARM CREEK CANAL,8592,Farm Creek Canal,Conveyance,3,510,DUCHESNE RIVER,Observational,Recorder,FLOWMETER,A,40.4015580625681,-110.763290284013,Scrape,Yes,https://waterrights.utah.gov/cgi-bin/dvrtview.exe?Modinfo=StationView&STATION_ID=510,1,DAILY_RECORDS,Mean daily discharge in CFS,Mean daily discharge in CFS,1,CFS,77,1949,2025
DUCHESNE,NULL,512,190 JASPER PIKE CANAL,8200,JASPER PIKE WATER FLOW 8200,Conveyance,3,512,DUCHESNE RIVER,Observational,Recorder,DIGITAL,A,40.3855207866676,-110.74440652145,Scrape,Yes,https://waterrights.utah.gov/cgi-bin/dvrtview.exe?Modinfo=StationView&STATION_ID=512,1,DAILY_RECORDS,Mean daily discharge in CFS,Mean daily discharge in CFS,1,CFS,86,1935,2025
DUCHESNE,NULL,513,360 PIONEER CANAL,8768,Pioneeer at Head,Conveyance,4,513,DUCHESNE RIVER,Observational,Recorder,DIGITAL,A,40.2839801973989,-110.46338576675,Scrape,Yes,https://waterrights.utah.gov/cgi-bin/dvrtview.exe?Modinfo=StationView&STATION_ID=513,1,DAILY_RECORDS,Mean daily discharge in CFS,Mean daily discharge in CFS,1,CFS,68,1953,2025
DUCHESNE,NULL,516,420 DUCHESNE FEEDER CANAL,8078,DUCHESNE FEEDER CANAL,Conveyance,1,516,DUCHESNE RIVER,Observational,CR-10 DATA LOGGER & AUTOMATIC GATE,DIGITAL,A,40.1713339015753,-110.303019780477,Scrape,Yes,https://waterrights.utah.gov/cgi-bin/dvrtview.exe?Modinfo=StationView&STATION_ID=516,1,DAILY_RECORDS,Mean daily discharge in CFS,Mean daily discharge in CFS,1,CFS,84,1942,2025
DWCCC,NULL,518,DWCCC AT HEADWORKS,Headworks ADFM Flow,,Conveyance,1,518,WEBER RIVER,Observational,,NULL,A,41.1376105945986,-111.887445138087,Scrape,Yes,https://waterrights.utah.gov/cgi-bin/dvrtview.exe?Modinfo=StationView&STATION_ID=518,2,DAILY_RECORDS,MEAN daily discharge in CFS,Mean daily discharge in ACFT,1.98347107,CFS,51,1975,2025
DUCHESNE,NULL,522,423 U. S. DRY GULCH,8718,423 U. S. DRY GULCH,Conveyance,2,522,DUCHESNE RIVER,Observational,,FLOWMETER,A,40.178781715577,-110.164521063933,Scrape,Yes,https://waterrights.utah.gov/cgi-bin/dvrtview.exe?Modinfo=StationView&STATION_ID=522,1,DAILY_RECORDS,Mean daily discharge in CFS,Mean daily discharge in CFS,1,CFS,67,1942,2025
DUCHESNE,NULL,524,425 PAHCEASE CANAL,8717,Pahcease,Conveyance,2,524,DUCHESNE RIVER,Observational,Recorder,FLOWMETER,I,NULL,NULL,Scrape,Yes,https://waterrights.utah.gov/cgi-bin/dvrtview.exe?Modinfo=StationView&STATION_ID=524,1,DAILY_RECORDS,Mean daily discharge in CFS,Mean daily discharge in CFS,1,CFS,55,1935,2025
DUCHESNE,NULL,525,430 GRAY MOUNTAIN CANAL,8149,GRAY MOUNTAIN CANAL,Conveyance,1,525,DUCHESNE RIVER,Observational,Real time Gauge ht. & flow,DIGITAL,A,40.163982437717,-110.276240613563,Scrape,Yes,https://waterrights.utah.gov/cgi-bin/dvrtview.exe?Modinfo=StationView&STATION_ID=525,1,DAILY_RECORDS,Mean daily discharge in CFS,Mean daily discharge in CFS,1,CFS,88,1935,2025
DUCHESNE,NULL,526,440 UINTAH BASIN IRRIGATION COMPANY,13662,UBIC (Pleasant Valley),Conveyance,1,526,DUCHESNE RIVER,Observational,"Flow Meter in Pipe, Ultrasnc Doppler",DIGITAL,A,40.1504028236134,-110.160365759723,Scrape,Yes,https://waterrights.utah.gov/cgi-bin/dvrtview.exe?Modinfo=StationView&STATION_ID=526,1,DAILY_RECORDS,Mean daily discharge in CFS,Mean daily discharge in CFS,1,CFS,76,1948,2024
DUCHESNE,NULL,528,460_MYTON_TOWNSITE_CANAL,8737,MYTON TOWNSITE CANAL,Conveyance,4,528,DUCHESNE RIVER,Observational,Recorder Concrete Ramp Flume,DIGITAL,A,40.2040284473534,-110.103979327928,Scrape,Yes,https://waterrights.utah.gov/cgi-bin/dvrtview.exe?Modinfo=StationView&STATION_ID=528,1,DAILY_RECORDS,Mean daily discharge in CFS,Mean daily discharge in CFS,1,CFS,87,1935,2025
DUCHESNE,NULL,529,480 OURAY SCHOOL CANAL,8753,OURAY SCHOOL CANAL,Conveyance,4,529,DUCHESNE RIVER,Observational,Recorder,DIGITAL,A,40.2018205839441,-109.906823927998,Scrape,Yes,https://waterrights.utah.gov/cgi-bin/dvrtview.exe?Modinfo=StationView&STATION_ID=529,1,DAILY_RECORDS,Mean daily discharge in CFS,Mean daily discharge in CFS,1,CFS,87,1935,2025
USGS,NULL,533,USGS OGDEN RIVER AT OGDEN UTAH,10140700,"USGS Ogden River nr Gibson Avenue at Ogden, UT",Stream,1,533,WEBER RIVER,Observational,USGS gage station,NULL,A,41.2318415304406,-111.984436860224,Scrape,Yes,https://waterrights.utah.gov/cgi-bin/dvrtview.exe?Modinfo=StationView&STATION_ID=533,1,DAILY_RECORDS,Mean daily discharge in CFS,Mean daily discharge in CFS,1,CFS,62,1959,2025
USGS,NULL,534,USGS CHALK CREEK AT COALVILLE UTAH,10131000,"Chalk Creek at Coalville, UT",Stream,1,534,WEBER RIVER,Observational,RATED SECTION,NULL,A,40.9204870515621,-111.401311964364,Scrape,Yes,https://waterrights.utah.gov/cgi-bin/dvrtview.exe?Modinfo=StationView&STATION_ID=534,1,DAILY_RECORDS,Mean daily discharge in CFS,Mean daily discharge in CFS,1,CFS,71,1947,2025
USGS,NULL,539,USGS EAST CANYON CREEK NEAR MORGAN UTAH,10134500,"USGS East Canyon Creek Near Morgan, UT",Stream,1,539,WEBER RIVER,Observational,RATE LYMAN RECTANGULAR WEIR,NULL,A,40.9225751886969,-111.607099702549,Scrape,Yes,https://waterrights.utah.gov/cgi-bin/dvrtview.exe?Modinfo=StationView&STATION_ID=539,1,DAILY_RECORDS,Mean daily discharge in CFS,Mean daily discharge in CFS,1,CFS,71,1947,2025
DUCHESNE,NULL,555,490 LELAND CANAL,8686,LELAND CANAL,Conveyance,5,555,DUCHESNE RIVER,Observational,3`Parshall Flume,DIGITAL,A,40.2085192328065,-109.799487293301,Scrape,Yes,https://waterrights.utah.gov/cgi-bin/dvrtview.exe?Modinfo=StationView&STATION_ID=555,1,DAILY_RECORDS,Mean daily discharge in CFS,Mean daily discharge in CFS,1,CFS,34,1935,2025
WEBER_BASIN,NULL,580,WEBER BASIN GATEWAY CANAL STODDARD DIVERSON,Stoddard Flow,,Conveyance,1,580,WEBER RIVER,Observational,USBR and/or WBWCD Gage,NULL,A,41.0745844743385,-111.737199902995,Scrape,Yes,https://waterrights.utah.gov/cgi-bin/dvrtview.exe?Modinfo=StationView&STATION_ID=580,1,DAILY_RECORDS,Mean daily discharge in CFS,Mean daily discharge in CFS,1,CFS,37,1957,2025
SEVIER,NULL,710,LONG & EAST BENCH CANAL,9141,Long and East Bench Canal,Conveyance,1,710,SEVIER RIVER,Observational,7 FT PARSHALL FLUME,DIGITAL,A,37.8189526061017,-112.395874446557,Scrape,Yes,https://waterrights.utah.gov/cgi-bin/dvrtview.exe?Modinfo=StationView&STATION_ID=710,1,DAILY_RECORDS,Mean daily discharge in CFS,Mean daily discharge in CFS,1,CFS,93,1933,2025
SEVIER,NULL,711,EAST PANGUITCH CANAL,9132,East Panguitch Canal,Conveyance,1,711,SEVIER RIVER,Observational,4 foot Parshall Flume,NULL,A,37.8237147837875,-112.404376847007,Scrape,Yes,https://waterrights.utah.gov/cgi-bin/dvrtview.exe?Modinfo=StationView&STATION_ID=711,1,DAILY_RECORDS,Mean daily discharge in CFS,Mean daily discharge in CFS,1,CFS,98,1915,2024
SEVIER,NULL,712,LEFEVRE-BARTON-TEBBS DITCH,9118,Bartin  LeFevre Tebbs Canal,Conveyance,1,712,SEVIER RIVER,Observational,,DIGITAL,A,37.8778718594718,-112.429668185376,Scrape,Yes,https://waterrights.utah.gov/cgi-bin/dvrtview.exe?Modinfo=StationView&STATION_ID=712,1,DAILY_RECORDS,Mean daily discharge in CFS,Mean daily discharge in CFS,1,CFS,95,1915,2025
SEVIER,NULL,713,MCEWAN CANAL,9145,McEwan Canal,Conveyance,1,713,SEVIER RIVER,Observational,20 CFS RAMP FLUME,DIGITAL,A,37.8772074751272,-112.4262783551,Scrape,Yes,https://waterrights.utah.gov/cgi-bin/dvrtview.exe?Modinfo=StationView&STATION_ID=713,1,DAILY_RECORDS,Mean daily discharge in CFS,Mean daily discharge in CFS,1,CFS,96,1915,2024
SEVIER,NULL,714,BEAR CREEK CANAL,9124,Bear Creek Canal,Conveyance,1,714,SEVIER RIVER,Observational,10 CFS RAMP FLUME,DIGITAL,A,37.9611688637724,-112.412087489887,Scrape,Yes,https://waterrights.utah.gov/cgi-bin/dvrtview.exe?Modinfo=StationView&STATION_ID=714,1,DAILY_RECORDS,Mean daily discharge in CFS,Mean daily discharge in CFS,1,CFS,72,1951,2024
SEVIER,NULL,719,FOX CANAL (AKA LOSS CANAL),3906,Loss Creek Canal,Conveyance,1,719,SEVIER RIVER,Observational,6 FOOT PARSHALL,DIGITAL,A,38.1484617137964,-112.291478621521,Scrape,Yes,https://waterrights.utah.gov/cgi-bin/dvrtview.exe?Modinfo=StationView&STATION_ID=719,1,DAILY_RECORDS,Mean daily discharge in CFS,Mean daily discharge in CFS,1,CFS,96,1915,2025
SEVIER,NULL,720,WEST CANAL - CIRCLEVILLE,4139,West Canal,Conveyance,1,720,SEVIER RIVER,Observational,6 ft Parshall flume,DIGITAL,A,38.151370064786,-112.29060355679,Scrape,Yes,https://waterrights.utah.gov/cgi-bin/dvrtview.exe?Modinfo=StationView&STATION_ID=720,1,DAILY_RECORDS,Mean daily discharge in CFS,Mean daily discharge in CFS,1,CFS,97,1915,2025
SEVIER,NULL,721,OLD KINGSTON CANAL,3943,Old Kingston Canal,Conveyance,1,721,SEVIER RIVER,Observational,6 FOOT PARSHALL,DIGITAL,A,38.1509507482092,-112.289420565106,Scrape,Yes,https://waterrights.utah.gov/cgi-bin/dvrtview.exe?Modinfo=StationView&STATION_ID=721,1,DAILY_RECORDS,Mean daily discharge in CFS,Mean daily discharge in CFS,1,CFS,96,1915,2025
SEVIER,NULL,722,DALTON-THOMPSON CANAL,3780,Dalton Thompsen,Conveyance,1,722,SEVIER RIVER,Observational,4 foot Parshall Flume,DIGITAL,A,38.1662213834927,-112.269529341157,Scrape,Yes,https://waterrights.utah.gov/cgi-bin/dvrtview.exe?Modinfo=StationView&STATION_ID=722,1,DAILY_RECORDS,Mean daily discharge in CFS,Mean daily discharge in CFS,1,CFS,92,1920,2025
SEVIER,NULL,723,JUNCTION CANAL,3887,JUNCTION CANAL,Conveyance,1,723,SEVIER RIVER,Observational,Rated Orfice installed 2019,DIGITAL,A,38.1983160427497,-112.22909270067,Scrape,Yes,https://waterrights.utah.gov/cgi-bin/dvrtview.exe?Modinfo=StationView&STATION_ID=723,1,DAILY_RECORDS,Mean daily discharge in CFS,Mean daily discharge in CFS,1,CFS,89,1932,2024
SEVIER,NULL,724,JUNCTION MIDDLE DITCH,3891,JUNCTION MIDDLE DITCH,Conveyance,1,724,SEVIER RIVER,Observational,1.5 foot Parshall Flume,DIGITAL,A,38.2085170686971,-112.210053053173,Scrape,Yes,https://waterrights.utah.gov/cgi-bin/dvrtview.exe?Modinfo=StationView&STATION_ID=724,1,DAILY_RECORDS,Mean daily discharge in CFS,Mean daily discharge in CFS,1,CFS,95,1915,2025
SEVIER,NULL,726,KINGSTON - ALLEN DITCH,3656,"Allen Ditch, also called KINGSTON #1",Conveyance,1,726,SEVIER RIVER,Observational,,DIGITAL,A,38.206031979973,-112.182591622946,Scrape,Yes,https://waterrights.utah.gov/cgi-bin/dvrtview.exe?Modinfo=StationView&STATION_ID=726,1,DAILY_RECORDS,Mean daily discharge in CFS,Mean daily discharge in CFS,1,CFS,71,1951,2025
SEVIER,NULL,727,KINGSTON MAIN CANAL (KINGSTON #2),3895,Kingston Canal (North and West),Conveyance,1,727,SEVIER RIVER,Observational,8 foot contracted rectangular weir,DIGITAL,A,38.2065313635445,-112.182440077948,Scrape,Yes,https://waterrights.utah.gov/cgi-bin/dvrtview.exe?Modinfo=StationView&STATION_ID=727,1,DAILY_RECORDS,Mean daily discharge in CFS,Mean daily discharge in CFS,1,CFS,65,1915,2025
SEVIER,NULL,730,CLEAR CREEK CANAL,3762,Clear Creek Canal,Conveyance,1,730,SEVIER RIVER,Observational,,DIGITAL,A,38.5850306866653,-112.266697755712,Scrape,Yes,https://waterrights.utah.gov/cgi-bin/dvrtview.exe?Modinfo=StationView&STATION_ID=730,1,DAILY_RECORDS,Mean daily discharge in CFS,Mean daily discharge in CFS,1,CFS,95,1915,2025
SEVIER,NULL,731,MONROE SOUTH BEND CANAL,3921,Monroe and South Bend Canals,Conveyance,1,731,SEVIER RIVER,Observational,,DIGITAL,A,38.5975385241832,-112.229828797308,Scrape,Yes,https://waterrights.utah.gov/cgi-bin/dvrtview.exe?Modinfo=StationView&STATION_ID=731,1,DAILY_RECORDS,Mean daily discharge in CFS,Mean daily discharge in CFS,1,CFS,98,1915,2025
SEVIER,NULL,732,SEVIER VALLEY AND PIUTE CANAL,9156,Sevier Valley and Piute Canals,Conveyance,1,732,SEVIER RIVER,Observational,,DIGITAL,A,38.6035203729314,-112.22291268111,Scrape,Yes,https://waterrights.utah.gov/cgi-bin/dvrtview.exe?Modinfo=StationView&STATION_ID=732,1,DAILY_RECORDS,Mean daily discharge in CFS,Mean daily discharge in CFS,1,CFS,94,1921,2025
SEVIER,NULL,733,JOSEPH CANAL,3875,Joseph Canal Head,Conveyance,1,733,SEVIER RIVER,Observational,,DIGITAL,A,38.6037463186194,-112.22212348329,Scrape,Yes,https://waterrights.utah.gov/cgi-bin/dvrtview.exe?Modinfo=StationView&STATION_ID=733,1,DAILY_RECORDS,Mean daily discharge in CFS,Mean daily discharge in CFS,1,CFS,99,1915,2025
SEVIER,NULL,736,MONROE CANAL,3915,Monroe Canal Flume,Conveyance,1,736,SEVIER RIVER,Observational,,DIGITAL,A,38.6462512430985,-112.185262598904,Scrape,Yes,https://waterrights.utah.gov/cgi-bin/dvrtview.exe?Modinfo=StationView&STATION_ID=736,1,DAILY_RECORDS,Mean daily discharge in CFS,Mean daily discharge in CFS,1,CFS,100,1915,2025
SEVIER,NULL,737,ELSINORE CANAL,3819,Elsinore Canal,Conveyance,1,737,SEVIER RIVER,Observational,,DIGITAL,A,38.6539552490168,-112.17720139923,Scrape,Yes,https://waterrights.utah.gov/cgi-bin/dvrtview.exe?Modinfo=StationView&STATION_ID=737,1,DAILY_RECORDS,Mean daily discharge in CFS,Mean daily discharge in CFS,1,CFS,100,1915,2025
SEVIER,NULL,738,BROOKLYN CANAL,3695,Brooklyn Canal,Conveyance,1,738,SEVIER RIVER,Observational,5 FOOT PARSHALL,DIGITAL,A,38.6543958989418,-112.171402392083,Scrape,Yes,https://waterrights.utah.gov/cgi-bin/dvrtview.exe?Modinfo=StationView&STATION_ID=738,1,DAILY_RECORDS,Mean daily discharge in CFS,Mean daily discharge in CFS,1,CFS,99,1915,2025
SEVIER,NULL,739,RICHFIELD CANAL,4025,Richfield Canal,Conveyance,1,739,SEVIER RIVER,Observational,,DIGITAL,A,38.6603524056808,-112.168853550443,Scrape,Yes,https://waterrights.utah.gov/cgi-bin/dvrtview.exe?Modinfo=StationView&STATION_ID=739,1,DAILY_RECORDS,Mean daily discharge in CFS,Mean daily discharge in CFS,1,CFS,101,1915,2025
SEVIER,NULL,740,ANNABELLA CANAL,3670,Annabella Canal,Conveyance,1,740,SEVIER RIVER,Observational,,DIGITAL,A,38.6739565249126,-112.137143388917,Scrape,Yes,https://waterrights.utah.gov/cgi-bin/dvrtview.exe?Modinfo=StationView&STATION_ID=740,1,DAILY_RECORDS,Mean daily discharge in CFS,Mean daily discharge in CFS,1,CFS,99,1915,2025
SEVIER,NULL,741,VERMILLION CANAL,4056,Vermillion Canal,Conveyance,1,741,SEVIER RIVER,Observational,,DIGITAL,A,38.7613461064111,-112.047124848943,Scrape,Yes,https://waterrights.utah.gov/cgi-bin/dvrtview.exe?Modinfo=StationView&STATION_ID=741,1,DAILY_RECORDS,Mean daily discharge in CFS,Mean daily discharge in CFS,1,CFS,99,1915,2025
SEVIER,NULL,742,ROCKY FORD AND WILLOW BEND CANAL,4039,Rocky Ford \ Willow Bend Canal,Conveyance,1,742,SEVIER RIVER,Observational,,DIGITAL,A,38.870547604555,-111.956171845762,Scrape,Yes,https://waterrights.utah.gov/cgi-bin/dvrtview.exe?Modinfo=StationView&STATION_ID=742,1,DAILY_RECORDS,Mean daily discharge in CFS,Mean daily discharge in CFS,1,CFS,102,1915,2025
SEVIER,NULL,743,WEST VIEW CANAL,4148,Westview Canal,Conveyance,1,743,SEVIER RIVER,Observational,Five foot Parshall Flume,DIGITAL,A,38.9916472577801,-111.859529354903,Scrape,Yes,https://waterrights.utah.gov/cgi-bin/dvrtview.exe?Modinfo=StationView&STATION_ID=743,1,DAILY_RECORDS,Mean daily discharge in CFS,Mean daily discharge in CFS,1,CFS,102,1915,2025
SEVIER,NULL,744,GUNNISON FAYETTE CANAL,3856,Gunnison Fayette Canal,Conveyance,1,744,SEVIER RIVER,Observational,,DIGITAL,A,39.0748754226412,-111.839878664899,Scrape,Yes,https://waterrights.utah.gov/cgi-bin/dvrtview.exe?Modinfo=StationView&STATION_ID=744,1,DAILY_RECORDS,Mean daily discharge in CFS,Mean daily discharge in CFS,1,CFS,103,1915,2025
SEVIER,NULL,745,DOVER CANAL,9225,Dover Canal,Conveyance,1,745,SEVIER RIVER,Observational,,DIGITAL,A,39.1400543318759,-111.871526634204,Scrape,Yes,https://waterrights.utah.gov/cgi-bin/dvrtview.exe?Modinfo=StationView&STATION_ID=745,1,DAILY_RECORDS,Mean daily discharge in CFS,Mean daily discharge in CFS,1,CFS,103,1915,2025
SEVIER,NULL,746,VINCENT FAMILY FARMS,4134,Vincent Canal,Conveyance,1,746,SEVIER RIVER,Observational,Ramp Flume,NULL,A,39.5666622543109,-112.209783458873,Scrape,Yes,https://waterrights.utah.gov/cgi-bin/dvrtview.exe?Modinfo=StationView&STATION_ID=746,1,DAILY_RECORDS,Mean daily discharge in CFS,Mean daily discharge in CFS,1,CFS,93,1921,2025
SEVIER,NULL,748,CANAL A,3710,Canal A,Conveyance,1,748,SEVIER RIVER,Observational,16 FT. CONCRETE FLUME AND GAGING STA,DIGITAL,A,39.3929359134231,-112.488190995035,Scrape,Yes,https://waterrights.utah.gov/cgi-bin/dvrtview.exe?Modinfo=StationView&STATION_ID=748,1,DAILY_RECORDS,Mean daily discharge in CFS,Mean daily discharge in CFS,1,CFS,103,1915,2025
SEVIER,NULL,749,CENTRAL UTAH WATER COMPANY CANAL,3735,Central Utah Canal,Conveyance,1,749,SEVIER RIVER,Observational,,NULL,A,39.5748334749563,-112.192970930138,Scrape,Yes,https://waterrights.utah.gov/cgi-bin/dvrtview.exe?Modinfo=StationView&STATION_ID=749,1,DAILY_RECORDS,Mean daily discharge in CFS,Mean daily discharge in CFS,1,CFS,106,1915,2025
SEVIER,NULL,750,LEAMINGTON CANAL,3904,Leamington Canal,Conveyance,1,750,SEVIER RIVER,Observational,Ramp Flume,NULL,A,39.557538470684,-112.20988316617,Scrape,Yes,https://waterrights.utah.gov/cgi-bin/dvrtview.exe?Modinfo=StationView&STATION_ID=750,1,DAILY_RECORDS,Mean daily discharge in CFS,Mean daily discharge in CFS,1,CFS,102,1915,2025
SEVIER,NULL,751,ABRAHAM IRRIGATION COMPANY CANAL,10006,Abraham Irrigation Co Canal,Conveyance,1,751,SEVIER RIVER,Observational,18 foot ramp flume,NULL,A,39.3521797223373,-112.634960711548,Scrape,Yes,https://waterrights.utah.gov/cgi-bin/dvrtview.exe?Modinfo=StationView&STATION_ID=751,1,DAILY_RECORDS,Mean daily discharge in CFS,Mean daily discharge in CFS,1,CFS,98,1915,2025
SEVIER,NULL,752,DESERET IRRIGATION CO (LOW DITCH),3796,Deseret Irr. Low,Conveyance,1,752,SEVIER RIVER,Observational,18 foot ramp flume with Orfice gates,NULL,A,39.3390239494821,-112.624345835518,Scrape,Yes,https://waterrights.utah.gov/cgi-bin/dvrtview.exe?Modinfo=StationView&STATION_ID=752,1,DAILY_RECORDS,Mean daily discharge in CFS,Mean daily discharge in CFS,1,CFS,94,1915,2025
SEVIER,NULL,753,DESERET IRRIGATION CO (HIGH DITCH),10009,Deseret High Canal Flow,Conveyance,1,753,SEVIER RIVER,Observational,18 foot ramp flume with Orfice gates,DIGITAL,A,39.3394936252855,-112.627459397018,Scrape,Yes,https://waterrights.utah.gov/cgi-bin/dvrtview.exe?Modinfo=StationView&STATION_ID=753,1,DAILY_RECORDS,Mean daily discharge in CFS,Mean daily discharge in CFS,1,CFS,94,1915,2025
SEVIER,NULL,754,DESERET IRRIGATION CO (PUMP DITCH),10921,DESERET IRRIGATION CO (PUMP DITCH),Conveyance,1,754,SEVIER RIVER,Observational,Ramp Flume 2 foot,DIGITAL,A,39.340740069265,-112.624720809545,Scrape,Yes,https://waterrights.utah.gov/cgi-bin/dvrtview.exe?Modinfo=StationView&STATION_ID=754,1,DAILY_RECORDS,Mean daily discharge in CFS,Mean daily discharge in CFS,1,CFS,93,1933,2025
SEVIER,NULL,757,MADDOX FARMS,10917,Maddox Diversion,Conveyance,1,757,SEVIER RIVER,Observational,,DIGITAL,A,39.340555208445,-112.615330203035,Scrape,Yes,https://waterrights.utah.gov/cgi-bin/dvrtview.exe?Modinfo=StationView&STATION_ID=757,1,DAILY_RECORDS,Mean daily discharge in CFS,Mean daily discharge in CFS,1,CFS,69,1936,2025
CU_SCADA,NULL,777,610 CURRANT CREEK RES. STORAGE CONTENTS,CC_CALC_RES_CONTENT,Currant Creek Reservoir Contents,Reservoir,2,777,DUCHESNE RIVER,Observational,gage,DIGITAL,A,40.3331899474692,-111.051696262369,Scrape,Yes,https://waterrights.utah.gov/cgi-bin/dvrtview.exe?Modinfo=StationView&STATION_ID=777,4,DAILY_RECORDS,Daily Reservoir Storage in ACFT,Daily Reservoir Storage in ACFT,1,ACFT,34,1992,2025
SEVIER,NULL,836,SEVIER RIVER BELOW VERMILLION DAM,4059,Sevier River Past Vermillion Dam,Stream,1,836,SEVIER RIVER,Observational,,DIGITAL,A,38.7608136264216,-112.04674118192,Scrape,Yes,https://waterrights.utah.gov/cgi-bin/dvrtview.exe?Modinfo=StationView&STATION_ID=836,1,DAILY_RECORDS,Mean daily discharge in CFS,Mean daily discharge in CFS,1,CFS,93,1932,2025
SEVIER,NULL,848,SEVIER RIVER NEAR DELTA,3803,SEVIER RIVER NEAR DELTA,Stream,1,848,SEVIER RIVER,Observational,,DIGITAL,A,39.4006147920601,-112.498267097103,Scrape,Yes,https://waterrights.utah.gov/cgi-bin/dvrtview.exe?Modinfo=StationView&STATION_ID=848,1,DAILY_RECORDS,Mean daily discharge in CFS,Mean daily discharge in CFS,1,CFS,106,1915,2025
STRAWBERRY,NULL,1391,HIGHLINE CANAL- DELIVERY,10424,Highline Irrigation,Conveyance,1,1391,SPANISH FORK RIVER,Observational,RAMP FLUME,FLOWMETER,A,40.079170859451,-111.604040485925,Scrape,Yes,https://waterrights.utah.gov/cgi-bin/dvrtview.exe?Modinfo=StationView&STATION_ID=1391,1,DAILY_RECORDS,Mean daily discharge in CFS,Mean daily discharge in CFS,1,CFS,74,1950,2025
STRAWBERRY,NULL,1393,LAKE SHORE CANAL-DELIVERY,10419,Lake Shore Irrigation,Conveyance,1,1393,SPANISH FORK RIVER,Observational,MACE AGRIFLOW METER IN PIPE,FLOWMETER,A,40.1125184055521,-111.698799539252,Manual,Yes,https://waterrights.utah.gov/cgi-bin/dvrtview.exe?Modinfo=StationView&STATION_ID=1393,1,DAILY_RECORDS,Mean daily discharge in CFS,Mean daily discharge in CFS,1,CFS,74,1950,2025
STRAWBERRY,NULL,1394,EAST BENCH CANAL-DELIVERY,10432,East Bench,Conveyance,1,1394,SPANISH FORK RIVER,Observational,Gage and Rating Table,FLOWMETER,A,40.072354578429,-111.578852296035,Scrape,Yes,https://waterrights.utah.gov/cgi-bin/dvrtview.exe?Modinfo=StationView&STATION_ID=1394,1,DAILY_RECORDS,Mean daily discharge in CFS,Mean daily discharge in CFS,1,CFS,74,1950,2025
STRAWBERRY,NULL,1395,SALEM CANAL-DELIVERY,10764,Salem Irrigation,Conveyance,1,1395,SPANISH FORK RIVER,Observational,4` CUTTHROAT FLUME,FLOWMETER,A,40.0802892722517,-111.605052510013,Scrape,Yes,https://waterrights.utah.gov/cgi-bin/dvrtview.exe?Modinfo=StationView&STATION_ID=1395,1,DAILY_RECORDS,Mean daily discharge in CFS,Mean daily discharge in CFS,1,CFS,74,1950,2025
STRAWBERRY,NULL,1397,SOUTH FIELD CANAL-DELIVERY,10765,South Field Irrigation,Conveyance,1,1397,SPANISH FORK RIVER,Observational,4 FT CUTTHROAT FLUME,NULL,A,40.0802844028425,-111.605060219624,Scrape,Yes,https://waterrights.utah.gov/cgi-bin/dvrtview.exe?Modinfo=StationView&STATION_ID=1397,1,DAILY_RECORDS,Mean daily discharge in CFS,Mean daily discharge in CFS,1,CFS,74,1950,2025
STRAWBERRY,NULL,1525,MILL RACE AT WIKIUP,10408,West Field Irrigation,Conveyance,1,1525,SPANISH FORK RIVER,Observational,10 FT RAMP FLUME,FLOWMETER,A,40.104153420325,-111.655844498704,Scrape,Yes,https://waterrights.utah.gov/cgi-bin/dvrtview.exe?Modinfo=StationView&STATION_ID=1525,1,DAILY_RECORDS,Mean daily discharge in CFS,Mean daily discharge in CFS,1,CFS,71,1950,2025
DUCHESNE,NULL,1541,060 BIG SPRINGS,8429,060 BIG SPRINGS Contributes to Rhoades Canal,Conveyance,4,1541,DUCHESNE RIVER,Observational,Meter,FLOWMETER,A,40.4774058221567,-110.826618351109,Scrape,Yes,https://waterrights.utah.gov/cgi-bin/dvrtview.exe?Modinfo=StationView&STATION_ID=1541,1,DAILY_RECORDS,Mean daily discharge in CFS,Mean daily discharge in CFS,1,CFS,26,1994,2025
DUCHESNE,NULL,1551,200 HICKEN DITCH,8618,HICKEN DITCH,Conveyance,3,1551,DUCHESNE RIVER,Observational,Gage & Estimate,DIGITAL,A,40.347051478516,-110.702992365512,Scrape,Yes,https://waterrights.utah.gov/cgi-bin/dvrtview.exe?Modinfo=StationView&STATION_ID=1551,1,DAILY_RECORDS,Mean daily discharge in CFS,Mean daily discharge in CFS,1,CFS,36,1990,2025
DUCHESNE,NULL,1556,260 JONES DITCH,8641,Jones,Conveyance,5,1556,DUCHESNE RIVER,Observational,Gage & Estimate,DIGITAL,A,40.3005209357503,-110.560231515237,Scrape,Yes,https://waterrights.utah.gov/cgi-bin/dvrtview.exe?Modinfo=StationView&STATION_ID=1556,1,DAILY_RECORDS,Mean daily discharge in CFS,Mean daily discharge in CFS,1,CFS,28,1994,2025
UINTAH,NULL,1622,BRUSH CREEK BELOW RED FLEET DAM,10671,Red Fleet Reservoir Release to Brush Creek - Main + Pumping Plant,Reservoir Release,1,1622,BRUSH CREEK,Observational,Meter,FLOWMETER,A,40.573339729389,-109.421420527028,Scrape,Yes,https://waterrights.utah.gov/cgi-bin/dvrtview.exe?Modinfo=StationView&STATION_ID=1622,1,DAILY_RECORDS,Mean daily discharge in CFS,Mean daily discharge in CFS,1,CFS,9,1979,2025
LBEAR,NULL,1685,T04 LEE REESE,AAF,"T04 -, Radio - 206 Gravel Pit",Conveyance,1,1685,LOWER BEAR RIVER,Observational,Ultrasonic Flow Sensor,FLOWMETER,A,41.8016757812788,-111.89949081483,Direct,Yes,https://waterrights.utah.gov/cgi-bin/dvrtview.exe?Modinfo=StationView&STATION_ID=1685,1,DAILY_RECORDS,Mean daily discharge in CFS,Mean daily discharge in CFS,1,CFS,36,1989,2024
LBEAR,NULL,1689,01  PITCHER PUMP,AL,"01 -, Radio - 202 UP&L",Conveyance,1,1689,LOWER BEAR RIVER,Observational,Ultrasonic Flow Meter,FLOWMETER,A,41.9485028930523,-111.946098376447,Direct,Yes,https://waterrights.utah.gov/cgi-bin/dvrtview.exe?Modinfo=StationView&STATION_ID=1689,1,DAILY_RECORDS,Mean daily discharge in CFS,Mean daily discharge in CFS,1,CFS,36,1989,2024
LBEAR,NULL,1690,02  MUNK JORGENSEN PUMP CO.,AEe,"02 & 05 & 06 -, Radio - 204 Munk",Conveyance,2,1690,LOWER BEAR RIVER,Observational,Ultrasonic Flow Sensor,FLOWMETER,A,41.8231815712239,-111.903803544366,Direct,Yes,https://waterrights.utah.gov/cgi-bin/dvrtview.exe?Modinfo=StationView&STATION_ID=1690,1,DAILY_RECORDS,Mean daily discharge in CFS,Mean daily discharge in CFS,1,CFS,36,1989,2024
LBEAR,NULL,1691,03  PAUL CARDON,AACb,03 - Done; Radio - 203 Falslev,Conveyance,1,1691,LOWER BEAR RIVER,Observational,Ultrasonic Flow Sensor,FLOWMETER,A,41.8145869127427,-111.943218460973,Direct,Yes,https://waterrights.utah.gov/cgi-bin/dvrtview.exe?Modinfo=StationView&STATION_ID=1691,1,DAILY_RECORDS,Mean daily discharge in CFS,Mean daily discharge in CFS,1,CFS,28,1989,2024
LBEAR,NULL,1692,04  WEST CACHE IRR. CO. PUMP,AAp,"04, 60A -, Radio - 206 Gravel Pit",Conveyance,1,1692,LOWER BEAR RIVER,Observational,Ultrasonic Flow Meter,FLOWMETER,A,41.8523078812427,-111.887316172837,Direct,Yes,https://waterrights.utah.gov/cgi-bin/dvrtview.exe?Modinfo=StationView&STATION_ID=1692,1,DAILY_RECORDS,Mean daily discharge in CFS,Mean daily discharge in CFS,1,CFS,35,1989,2025
LBEAR,NULL,1693,05  BOB MUNK,AEe,"02 & 05 & 06 -, Radio - 204 Munk",Conveyance,3,1693,LOWER BEAR RIVER,Observational,Ultrasonic Flow Sensor,FLOWMETER,A,41.8231666818405,-111.903841457641,Direct,Yes,https://waterrights.utah.gov/cgi-bin/dvrtview.exe?Modinfo=StationView&STATION_ID=1693,1,DAILY_RECORDS,Mean daily discharge in CFS,Mean daily discharge in CFS,1,CFS,36,1989,2024
LBEAR,NULL,1695,06A  THAIN DAIRY,AEe,"02 & 05 & 06 -, Radio - 204 Munk",Conveyance,1,1695,LOWER BEAR RIVER,Observational,Ultrasonic Flow Sensor,FLOWMETER,A,41.8231363962732,-111.903835179633,Direct,Yes,https://waterrights.utah.gov/cgi-bin/dvrtview.exe?Modinfo=StationView&STATION_ID=1695,1,DAILY_RECORDS,Mean daily discharge in CFS,Mean daily discharge in CFS,1,CFS,36,1989,2024
LBEAR,NULL,1696,"07  MUNK, TARBET, FISHER",Ae,07; Radio- 202 Up&l,Conveyance,1,1696,LOWER BEAR RIVER,Observational,Ultrasonic flow sensor,FLOWMETER,A,41.8342497403135,-111.896336842356,Direct,Yes,https://waterrights.utah.gov/cgi-bin/dvrtview.exe?Modinfo=StationView&STATION_ID=1696,1,DAILY_RECORDS,Mean daily discharge in CFS,Mean daily discharge in CFS,1,CFS,37,1989,2025
LBEAR,NULL,1697,08  REESE-BALLARD,AEl,"08 & 08A -, Radio - 204 Munk",Conveyance,1,1697,LOWER BEAR RIVER,Observational,Ultrasonic Flow Sensor,FLOWMETER,A,41.8069046721732,-111.900953806679,Direct,Yes,https://waterrights.utah.gov/cgi-bin/dvrtview.exe?Modinfo=StationView&STATION_ID=1697,1,DAILY_RECORDS,Mean daily discharge in CFS,Mean daily discharge in CFS,1,CFS,37,1989,2025
LBEAR,NULL,1698,09  JOHN ALLEN,AEk,09 -  Radio - 204 Munk,Conveyance,1,1698,LOWER BEAR RIVER,Observational,Ultrasonic Flow Sensor,FLOWMETER,A,41.8094867101402,-111.901596497755,Direct,Yes,https://waterrights.utah.gov/cgi-bin/dvrtview.exe?Modinfo=StationView&STATION_ID=1698,1,DAILY_RECORDS,Mean daily discharge in CFS,Mean daily discharge in CFS,1,CFS,37,1989,2025
LBEAR,NULL,1699,10  BALLARD PUMP,AEm,"10 & 10A -, Radio - 204 Munk",Conveyance,1,1699,LOWER BEAR RIVER,Observational,Ultrasonic Flow Sensor,FLOWMETER,A,41.8026567850587,-111.910574472341,Direct,Yes,https://waterrights.utah.gov/cgi-bin/dvrtview.exe?Modinfo=StationView&STATION_ID=1699,1,DAILY_RECORDS,Mean daily discharge in CFS,Mean daily discharge in CFS,1,CFS,37,1989,2025
LBEAR,NULL,1700,10A LANNY BALLARD,AEm,"10 & 10A -, Radio - 204 Munk",Conveyance,2,1700,LOWER BEAR RIVER,Observational,Ultrasonic Flow Sensor,FLOWMETER,A,41.8027647553689,-111.909442578729,Direct,Yes,https://waterrights.utah.gov/cgi-bin/dvrtview.exe?Modinfo=StationView&STATION_ID=1700,1,DAILY_RECORDS,Mean daily discharge in CFS,Mean daily discharge in CFS,1,CFS,37,1989,2025
LBEAR,NULL,1701,11  BENSON-BEAR LAKE IRR. CO.,AAI,11 -; Radio - 206 Gravel Pit,Conveyance,1,1701,LOWER BEAR RIVER,Observational,18 inch Parshall Flume,STAGE,A,41.7921035275979,-111.924651198693,Direct,Yes,https://waterrights.utah.gov/cgi-bin/dvrtview.exe?Modinfo=StationView&STATION_ID=1701,1,DAILY_RECORDS,Mean daily discharge in CFS,Mean daily discharge in CFS,1,CFS,37,1989,2025
LBEAR,NULL,1704,11C JIM WATTERSON,AACf,"30, 11C - Radio - 203 Falslev",Conveyance,2,1704,LOWER BEAR RIVER,Observational,Ultra Sonic Flow Sensor,FLOWMETER,A,41.7969756760669,-111.949484112905,Direct,Yes,https://waterrights.utah.gov/cgi-bin/dvrtview.exe?Modinfo=StationView&STATION_ID=1704,1,DAILY_RECORDS,Mean daily discharge in CFS,Mean daily discharge in CFS,1,CFS,37,1989,2025
LBEAR,NULL,1706,12  KING IRRIGATION CO.,AEh,"12 -, Radio - 204 Munk",Conveyance,1,1706,LOWER BEAR RIVER,Observational,Ultrasonic Flow Sensor,FLOWMETER,A,41.8219653513234,-111.896654693712,Direct,Yes,https://waterrights.utah.gov/cgi-bin/dvrtview.exe?Modinfo=StationView&STATION_ID=1706,1,DAILY_RECORDS,Mean daily discharge in CFS,Mean daily discharge in CFS,1,CFS,36,1989,2024
LBEAR,NULL,1707,13B SPACKMAN-GIBBONS,AAj,"13 & 13A -, Radio - 206 Gravel Pit",Conveyance,3,1707,LOWER BEAR RIVER,Observational,Ultrasonic Flow Sensor,FLOWMETER,A,41.9079865224811,-111.894799544414,Direct,Yes,https://waterrights.utah.gov/cgi-bin/dvrtview.exe?Modinfo=StationView&STATION_ID=1707,1,DAILY_RECORDS,Mean daily discharge in CFS,Mean daily discharge in CFS,1,CFS,37,1989,2025
LBEAR,NULL,1711,14A LARRY PITCHER,AAd,"14, 14A, 14B - Radio - 206 Gravel Pit",Conveyance,3,1711,LOWER BEAR RIVER,Observational,Ultrasonic Flow Sensor,FLOWMETER,A,41.9436274253538,-111.940467688904,Direct,Yes,https://waterrights.utah.gov/cgi-bin/dvrtview.exe?Modinfo=StationView&STATION_ID=1711,1,DAILY_RECORDS,Mean daily discharge in CFS,Mean daily discharge in CFS,1,CFS,36,1989,2024
LBEAR,NULL,1713,15A LARRY FALSLEV,AACc,"15A - Done, Radio - 203 Falslev",Conveyance,1,1713,LOWER BEAR RIVER,Observational,Ultrasonic Flow Sensor,FLOWMETER,I,41.8085162469331,-111.935346583115,Direct,Yes,https://waterrights.utah.gov/cgi-bin/dvrtview.exe?Modinfo=StationView&STATION_ID=1713,1,DAILY_RECORDS,Mean daily discharge in CFS,Mean daily discharge in CFS,1,CFS,35,1989,2024
LBEAR,NULL,1714,16  MIKE FALSLEV (PREVIOUS: RULON FALSEV),AACd,"15, 15B, 16 - Done, Radio - 203 Falslev",Conveyance,1,1714,LOWER BEAR RIVER,Observational,Ultrasonic Flow Sensor,FLOWMETER,A,41.8089802678297,-111.929088671112,Direct,Yes,https://waterrights.utah.gov/cgi-bin/dvrtview.exe?Modinfo=StationView&STATION_ID=1714,1,DAILY_RECORDS,Mean daily discharge in CFS,Mean daily discharge in CFS,1,CFS,37,1989,2025
LBEAR,NULL,1715,17B STEVEN BODILY,AAg,"17B - Done, Radio - 206 Gravel Pit",Conveyance,1,1715,LOWER BEAR RIVER,Observational,Ultrasonic Flow Sensor,FLOWMETER,A,41.9327940341942,-111.928813642288,Direct,Yes,https://waterrights.utah.gov/cgi-bin/dvrtview.exe?Modinfo=StationView&STATION_ID=1715,1,DAILY_RECORDS,Mean daily discharge in CFS,Mean daily discharge in CFS,1,CFS,37,1989,2025
LBEAR,NULL,1716,18  SMITHFIELD WEST BENCH,AAm,"18 & 20, Radio - 206 Gravel Pit",Conveyance,1,1716,LOWER BEAR RIVER,Observational,Ultrasonic Flow Sensor,FLOWMETER,A,41.8684261702666,-111.879939961192,Direct,Yes,https://waterrights.utah.gov/cgi-bin/dvrtview.exe?Modinfo=StationView&STATION_ID=1716,1,DAILY_RECORDS,Mean daily discharge in CFS,Mean daily discharge in CFS,1,CFS,36,1989,2024
LBEAR,NULL,1719,20  ESTANCIA LLC - WALT YOUNG (PREVIOUS: COE LARKIN),AAm,"18 & 20, Radio - 206 Gravel Pit",Conveyance,2,1719,LOWER BEAR RIVER,Observational,Ultrasonic Flow Sensor,FLOWMETER,A,41.868427658963,-111.8799431507,Direct,Yes,https://waterrights.utah.gov/cgi-bin/dvrtview.exe?Modinfo=StationView&STATION_ID=1719,1,DAILY_RECORDS,Mean daily discharge in CFS,Mean daily discharge in CFS,1,CFS,36,1989,2024
LBEAR,NULL,1720,21  MARCHANT PUMP,AAl,"21 -, Radio - 206 Gravel Pit",Conveyance,1,1720,LOWER BEAR RIVER,Observational,Ultrasonic Flow Sensor,FLOWMETER,A,41.8804639766129,-111.870023475196,Direct,Yes,https://waterrights.utah.gov/cgi-bin/dvrtview.exe?Modinfo=StationView&STATION_ID=1720,1,DAILY_RECORDS,Mean daily discharge in CFS,Mean daily discharge in CFS,1,CFS,35,1989,2024
LBEAR,NULL,1721,22  LARRY FALSLEV,AO,"22, Radio - 202 UP&L",Conveyance,1,1721,LOWER BEAR RIVER,Observational,Ultrasonic Flow Sensor,FLOWMETER,A,41.7966740239493,-111.919937110443,Direct,Yes,https://waterrights.utah.gov/cgi-bin/dvrtview.exe?Modinfo=StationView&STATION_ID=1721,1,DAILY_RECORDS,Mean daily discharge in CFS,Mean daily discharge in CFS,1,CFS,36,1989,2024
LBEAR,NULL,1723,24  CHARLES WOOD,AAH,24 -; Radio - 206 Gravel Pit,Conveyance,1,1723,LOWER BEAR RIVER,Observational,Ultrasonic Flow Sensor,FLOWMETER,A,41.9289886518852,-111.928125538102,Direct,Yes,https://waterrights.utah.gov/cgi-bin/dvrtview.exe?Modinfo=StationView&STATION_ID=1723,1,DAILY_RECORDS,Mean daily discharge in CFS,Mean daily discharge in CFS,1,CFS,36,1989,2025
LBEAR,NULL,1724,25  WILLARD / JAY PITCHER,AAf,"25, 25A -, Radio - 206 Gravel Pit",Conveyance,1,1724,LOWER BEAR RIVER,Observational,Ultrasonic Flow Sensor,FLOWMETER,A,41.937185025183,-111.940117232474,Direct,Yes,https://waterrights.utah.gov/cgi-bin/dvrtview.exe?Modinfo=StationView&STATION_ID=1724,1,DAILY_RECORDS,Mean daily discharge in CFS,Mean daily discharge in CFS,1,CFS,36,1989,2024
LBEAR,NULL,1732,32  USU,Am,"32 -, Radio - 202 UP&L",Conveyance,1,1732,LOWER BEAR RIVER,Observational,Ultrasonic Flow Sensor,FLOWMETER,A,41.8260759433422,-111.984798395896,Direct,Yes,https://waterrights.utah.gov/cgi-bin/dvrtview.exe?Modinfo=StationView&STATION_ID=1732,1,DAILY_RECORDS,Mean daily discharge in CFS,Mean daily discharge in CFS,1,CFS,37,1989,2025
LBEAR,NULL,1733,31  USU,Al,"31 -, Radio - 202 UP&L",Conveyance,1,1733,LOWER BEAR RIVER,Observational,Ultrasonic Flow Sensor,FLOWMETER,A,41.8303802285087,-111.988437300562,Direct,Yes,https://waterrights.utah.gov/cgi-bin/dvrtview.exe?Modinfo=StationView&STATION_ID=1733,1,DAILY_RECORDS,Mean daily discharge in CFS,Mean daily discharge in CFS,1,CFS,37,1989,2025
LBEAR,NULL,1734,33  LARRY FALSLEV,AACJ,"33 -, Radio - 203 Falslev",Conveyance,1,1734,LOWER BEAR RIVER,Observational,Ultrasonic Flow Sensor,FLOWMETER,A,41.8000169719077,-111.910055583979,Direct,Yes,https://waterrights.utah.gov/cgi-bin/dvrtview.exe?Modinfo=StationView&STATION_ID=1734,1,DAILY_RECORDS,Mean daily discharge in CFS,Mean daily discharge in CFS,1,CFS,37,1989,2025
LBEAR,NULL,1736,35  VALJAY RIGBY,Ah,"35, 55A - Radio - 202 UP&L",Conveyance,2,1736,LOWER BEAR RIVER,Observational,Ultrasonic Flow Sensor,FLOWMETER,A,41.8271312444804,-111.96121436138,Direct,Yes,https://waterrights.utah.gov/cgi-bin/dvrtview.exe?Modinfo=StationView&STATION_ID=1736,1,DAILY_RECORDS,Mean daily discharge in CFS,Mean daily discharge in CFS,1,CFS,35,1990,2024
LBEAR,NULL,1737,37  BULLEN FARMS,Ao,37 - Radio - 202 UP&L,Conveyance,1,1737,LOWER BEAR RIVER,Observational,Ultrasonic Flow Sensor,FLOWMETER,A,41.8245611240124,-111.964613997156,Direct,Yes,https://waterrights.utah.gov/cgi-bin/dvrtview.exe?Modinfo=StationView&STATION_ID=1737,1,DAILY_RECORDS,Mean daily discharge in CFS,Mean daily discharge in CFS,1,CFS,37,1989,2025
LBEAR,NULL,1744,43  BULLEN FARMS,AACH,"43 - Done, Radio - 203 Falslev",Conveyance,1,1744,LOWER BEAR RIVER,Observational,Ultrasonic Flow Sensor,FLOWMETER,A,41.7936534116664,-111.960963992507,Direct,Yes,https://waterrights.utah.gov/cgi-bin/dvrtview.exe?Modinfo=StationView&STATION_ID=1744,1,DAILY_RECORDS,Mean daily discharge in CFS,Mean daily discharge in CFS,1,CFS,37,1989,2025
LBEAR,NULL,1745,44CR  DAVID DORIUS,AAL,44 - Radio - 206 Gravel Pit,Conveyance,2,1745,LOWER BEAR RIVER,Observational,Ultrasonic Flow Sensor,FLOWMETER,A,41.9722438217837,-111.930664532258,Direct,Yes,https://waterrights.utah.gov/cgi-bin/dvrtview.exe?Modinfo=StationView&STATION_ID=1745,1,DAILY_RECORDS,Mean daily discharge in CFS,Mean daily discharge in CFS,1,CFS,37,1989,2025
LBEAR,NULL,1748,47  RICH (SOUTH PUMP),AAk,"47 -, Radio - 206 Gravel Pit",Conveyance,1,1748,LOWER BEAR RIVER,Observational,Dynasonic Flow Sensor,FLOWMETER,A,41.8889447873761,-111.869543398581,Direct,Yes,https://waterrights.utah.gov/cgi-bin/dvrtview.exe?Modinfo=StationView&STATION_ID=1748,1,DAILY_RECORDS,Mean daily discharge in CFS,Mean daily discharge in CFS,1,CFS,37,1989,2025
LBEAR,NULL,1749,50  BOB MUNK,AAG,50 -;  Radio 206 Gravel,Conveyance,1,1749,LOWER BEAR RIVER,Observational,Ultrasonic Flow Sensor,FLOWMETER,A,41.8306846209272,-111.940528666054,Direct,Yes,https://waterrights.utah.gov/cgi-bin/dvrtview.exe?Modinfo=StationView&STATION_ID=1749,1,DAILY_RECORDS,Mean daily discharge in CFS,Mean daily discharge in CFS,1,CFS,37,1989,2025
LBEAR,NULL,1754,54  USU,An,"54 -, Radio - 202 UP&L",Conveyance,1,1754,LOWER BEAR RIVER,Observational,Ultrasonic Flow Sensor,FLOWMETER,A,41.8247213341994,-111.970594028364,Direct,Yes,https://waterrights.utah.gov/cgi-bin/dvrtview.exe?Modinfo=StationView&STATION_ID=1754,1,DAILY_RECORDS,Mean daily discharge in CFS,Mean daily discharge in CFS,1,CFS,37,1989,2025
LBEAR,NULL,1755,55A TODD BALLARD,Ah,"35, 55A - Radio - 202 UP&L",Conveyance,1,1755,LOWER BEAR RIVER,Observational,Ultrasonic Flow Sensor,FLOWMETER,A,41.8271770129199,-111.961093229132,Direct,Yes,https://waterrights.utah.gov/cgi-bin/dvrtview.exe?Modinfo=StationView&STATION_ID=1755,1,DAILY_RECORDS,Mean daily discharge in CFS,Mean daily discharge in CFS,1,CFS,34,1989,2024
LBEAR,NULL,1768,T09 SKIDMORE,AAa,"T09 - Done, Radio - 206 Gravel Pit",Conveyance,1,1768,LOWER BEAR RIVER,Observational,Ultrasonic Flow Sensor,FLOWMETER,A,41.9105309803225,-111.875317923068,Direct,Yes,https://waterrights.utah.gov/cgi-bin/dvrtview.exe?Modinfo=StationView&STATION_ID=1768,1,DAILY_RECORDS,Mean daily discharge in CFS,Mean daily discharge in CFS,1,CFS,33,1989,2025
LBEAR,NULL,1770,T09A BRAYDEN & PAM SPACKMAN FARM,AAP,"T09A -, Radio - 206 Crow Mt.",Conveyance,1,1770,LOWER BEAR RIVER,Observational,Ultrasonic Flow Sensor,FLOWMETER,A,41.9192387686495,-111.87161126502,Direct,Yes,https://waterrights.utah.gov/cgi-bin/dvrtview.exe?Modinfo=StationView&STATION_ID=1770,1,DAILY_RECORDS,Mean daily discharge in CFS,Mean daily discharge in CFS,1,CFS,33,1989,2025
LBEAR,NULL,1772,T10 SPACKMAN BROTHERS (PREVIOUSLY: W.D.C.I.),AAb,"T10 - Done, Radio - 206 Crow Mt.",Conveyance,1,1772,LOWER BEAR RIVER,Observational,Ultrasonic Flow Sensor,FLOWMETER,A,41.9106052247177,-111.874971386036,Direct,Yes,https://waterrights.utah.gov/cgi-bin/dvrtview.exe?Modinfo=StationView&STATION_ID=1772,1,DAILY_RECORDS,Mean daily discharge in CFS,Mean daily discharge in CFS,1,CFS,26,2000,2025
LBEAR,NULL,1774,T12 CHRIS ALLEN,AAA,T12 - Radio- 206 Crow Mt,Conveyance,1,1774,LOWER BEAR RIVER,Observational,Ultrasonic Flow Sensor,FLOWMETER,A,41.9904555103046,-111.810102151978,Direct,Yes,https://waterrights.utah.gov/cgi-bin/dvrtview.exe?Modinfo=StationView&STATION_ID=1774,1,DAILY_RECORDS,Mean daily discharge in CFS,Mean daily discharge in CFS,1,CFS,23,2001,2024
LBEAR,NULL,1775,T13 REED SNYDER,AAJ,"T13 -, Radio - 206 Gravel PIt",Conveyance,1,1775,LOWER BEAR RIVER,Observational,On/Off Pressure Sensor,ONOFF,A,41.9910205008431,-111.839891902332,Direct,Yes,https://waterrights.utah.gov/cgi-bin/dvrtview.exe?Modinfo=StationView&STATION_ID=1775,1,DAILY_RECORDS,Mean daily discharge in CFS,Mean daily discharge in CFS,1,CFS,32,1991,2024
BEAR_UPL,NULL,1862,00  HAMMOND,East Wheelon Canal (,East Wheelon Canal (CFS),Conveyance,1,1862,LOWER BEAR RIVER,Observational,,DIGITAL,A,41.831740087336,-112.057075371899,Scrape,Yes,https://waterrights.utah.gov/cgi-bin/dvrtview.exe?Modinfo=StationView&STATION_ID=1862,1,DAILY_RECORDS,Mean daily discharge in CFS,Mean daily discharge in CFS,1,CFS,38,1957,2025
BEAR_UPL,NULL,1863,00  WESTSIDE,West Wheelon Canal (,West Wheelon Canal (CFS),Conveyance,1,1863,LOWER BEAR RIVER,Observational,,DIGITAL,A,41.8317415341018,-112.057075732904,Scrape,Yes,https://waterrights.utah.gov/cgi-bin/dvrtview.exe?Modinfo=StationView&STATION_ID=1863,1,DAILY_RECORDS,Mean daily discharge in CFS,Mean daily discharge in CFS,1,CFS,37,1989,2025
USGS,NULL,1883,SEVIER RIVER NEAR KINGSTON - USGS,10183500,Sevier River near Kingston,Stream,1,1883,SEVIER RIVER,Observational,,DIGITAL,A,38.2059792669257,-112.207757934934,Scrape,Yes,https://waterrights.utah.gov/cgi-bin/dvrtview.exe?Modinfo=StationView&STATION_ID=1883,1,DAILY_RECORDS,Mean daily discharge in CFS,Mean daily discharge in CFS,1,CFS,88,1938,2025
BEAR_UPL,NULL,1901,00  COLLINSTON,Bear R. At Collinsto,Bear R. At Collinston (CFS),Stream,1,1901,LOWER BEAR RIVER,Observational,Stage Recorder,DIGITAL,A,41.8341044306361,-112.055257857112,Scrape,Yes,https://waterrights.utah.gov/cgi-bin/dvrtview.exe?Modinfo=StationView&STATION_ID=1901,1,DAILY_RECORDS,Mean daily discharge in CFS,Mean daily discharge in CFS,1,CFS,37,1989,2025
SEVIER,NULL,2150,DESERET IRRIGATION CO (ABRAHAM PUMP),10925,DESERET IRRIGATION CO (ABRAHAM PUMP),Conveyance,1,2150,SEVIER RIVER,Observational,3 foot ramp flume,DIGITAL,A,39.3515717007403,-112.633583012193,Scrape,Yes,https://waterrights.utah.gov/cgi-bin/dvrtview.exe?Modinfo=StationView&STATION_ID=2150,1,DAILY_RECORDS,Mean daily discharge in CFS,Mean daily discharge in CFS,1,CFS,51,1975,2025
SEVIER,NULL,2171,ZABRISKIE DITCH,13720,Zabriskie Ditch,Conveyance,1,2171,SEVIER RIVER,Observational,,DIGITAL,I,38.2050262761699,-112.1791851147,Scrape,No,https://waterrights.utah.gov/cgi-bin/dvrtview.exe?Modinfo=StationView&STATION_ID=2171,1,DAILY_RECORDS,Mean daily discharge in CFS,Mean daily discharge in CFS,1,CFS,41,1979,2025
USGS,NULL,2306,USGS LOST CREEK NEAR CROYDEN UTAH,10132500,"USGS Lost Creek near Croyden, UT",Stream,1,2306,WEBER RIVER,Observational,,NULL,A,41.1806546621179,-111.400455288455,Scrape,Yes,https://waterrights.utah.gov/cgi-bin/dvrtview.exe?Modinfo=StationView&STATION_ID=2306,1,DAILY_RECORDS,Mean daily discharge in CFS,Mean daily discharge in CFS,1,CFS,51,1947,2025
USGS,NULL,2348,USGS EAST CANYON CREEK ABOVE E CANYON RES NEAR MORGAN UTAH,10133980,USGS East Canyon Creek above East Canyon Reservoir near Morgan Utah,Stream,1,2348,WEBER RIVER,Observational,,NULL,A,40.8695544309973,-111.586489762836,Scrape,Yes,https://waterrights.utah.gov/cgi-bin/dvrtview.exe?Modinfo=StationView&STATION_ID=2348,2,DAILY_RECORDS,MEAN daily discharge in CFS,Mean daily discharge in ACFT,1.98347107,CFS,31,1948,2025
USGS,NULL,2404,USGS WEBER RIVER AT GATEWAY UTAH,10136500,Weber River at Gateway,Stream,1,2404,WEBER RIVER,Observational,RATED SECTION,NULL,A,41.1373240079144,-111.832157859119,Scrape,Yes,https://waterrights.utah.gov/cgi-bin/dvrtview.exe?Modinfo=StationView&STATION_ID=2404,1,DAILY_RECORDS,Mean daily discharge in CFS,Mean daily discharge in CFS,1,CFS,28,1990,2025
OGDEN,NULL,2472,DINSDALE DITCH,Dinsdale,16 Inch Cutthroat Flume w/ potentiometer float,Conveyance,1,2472,OGDEN RIVER,Observational,16 Inch Cutthroat Flume,NULL,A,41.2364198195563,-111.96410763059,Direct,Yes,https://waterrights.utah.gov/cgi-bin/dvrtview.exe?Modinfo=StationView&STATION_ID=2472,2,DAILY_RECORDS,MEAN daily discharge in CFS,Mean daily discharge in ACFT,1.98347107,CFS,73,1950,2025
OGDEN,NULL,2473,MILL CREEK AT 1200 WEST,Mill Creek At 1200 West,,Conveyance,1,2473,OGDEN RIVER,Observational,4.0 ft Contracted Weir,NULL,A,41.2539305205421,-112.009431072796,Scrape,Yes,https://waterrights.utah.gov/cgi-bin/dvrtview.exe?Modinfo=StationView&STATION_ID=2473,1,DAILY_RECORDS,Mean daily discharge in CFS,Mean daily discharge in CFS,1,CFS,18,1951,2025
OGDEN,NULL,2481,WESTERN IRRIGATION COMPANY,Western Irrigation Company,4 ft Parshall flume w/ potentiometer float,Conveyance,1,2481,OGDEN RIVER,Observational,FOUR FOOT PARSHALL FLUME,NULL,A,41.2431897990057,-111.948466417141,Manual,No,https://waterrights.utah.gov/cgi-bin/dvrtview.exe?Modinfo=StationView&STATION_ID=2481,2,DAILY_RECORDS,MEAN daily discharge in CFS,Mean daily discharge in ACFT,1.98347107,CFS,71,1950,2025
OGDEN,NULL,2483,LYNN DITCH,Lynn Ditch,Lynn Irrigation diversion from Mill Creek,Conveyance,1,2483,OGDEN RIVER,Observational,DOUBLE CIPPOLETTI WEIRS,NULL,A,41.2416241069347,-111.950264729953,Scrape,Yes,https://waterrights.utah.gov/cgi-bin/dvrtview.exe?Modinfo=StationView&STATION_ID=2483,2,DAILY_RECORDS,MEAN daily discharge in CFS,Mean daily discharge in ACFT,1.98347107,CFS,74,1950,2025
OGDEN,NULL,2493,WOLF CREEK IRRIGATION COMPANY,Wolf Creek Irr,Wolf Creek Irrigation Company in Eden,Conveyance,1,2493,OGDEN RIVER,Observational,2-FT CUTTHROAT FLUME,NULL,A,41.3444504906506,-111.822173816843,Scrape,Yes,https://waterrights.utah.gov/cgi-bin/dvrtview.exe?Modinfo=StationView&STATION_ID=2493,1,DAILY_RECORDS,Mean daily discharge in CFS,Mean daily discharge in CFS,1,CFS,43,1951,2025
DUCHESNE,NULL,2501,400 ROCKY POINT CANAL HEAD,8378,Rocky Point at Head,Conveyance,4,2501,DUCHESNE RIVER,Observational,,DIGITAL,A,40.2277083063218,-110.398033094222,Scrape,Yes,https://waterrights.utah.gov/cgi-bin/dvrtview.exe?Modinfo=StationView&STATION_ID=2501,1,DAILY_RECORDS,Mean daily discharge in CFS,Mean daily discharge in CFS,1,CFS,26,1996,2025
OGDEN,NULL,2506,OGDEN VALLEY CANAL,Ogden Valley Canal,OGDEN RIVER OGDEN VALLEY CANAL,Conveyance,1,2506,OGDEN RIVER,Observational,CONSTANT HEAD ORIFICE,NULL,A,41.2589900499687,-111.697870593028,Scrape,Yes,https://waterrights.utah.gov/cgi-bin/dvrtview.exe?Modinfo=StationView&STATION_ID=2506,2,DAILY_RECORDS,MEAN daily discharge in CFS,Mean daily discharge in ACFT,1.98347107,CFS,60,1950,2024
DUCHESNE,NULL,2519,614 LAYOUT CREEK DIVERSION DAM,Layout Diversion,LAYOUT DIVERSION,Conveyance,1,2519,DUCHESNE RIVER,Observational,V-Notch Weir,DIGITAL,A,40.2970883122599,-111.048479370608,Scrape,Yes,https://waterrights.utah.gov/cgi-bin/dvrtview.exe?Modinfo=StationView&STATION_ID=2519,1,DAILY_RECORDS,Mean daily discharge in CFS,Mean daily discharge in CFS,1,CFS,26,1999,2024
OGDEN,NULL,2526,NORTH OGDEN CANAL,North Ogden Canal,,Conveyance,1,2526,OGDEN RIVER,Observational,FOUR FOOT PARSHALL FLUME,NULL,A,41.2375272416975,-111.928168970987,Scrape,Yes,https://waterrights.utah.gov/cgi-bin/dvrtview.exe?Modinfo=StationView&STATION_ID=2526,2,DAILY_RECORDS,MEAN daily discharge in CFS,Mean daily discharge in ACFT,1.98347107,CFS,46,1951,2025
USGS,NULL,2568,USGS WEBER RIVER AT ECHO UTAH,10132000,"USGS Weber River at Echo, UT",Stream,1,2568,WEBER RIVER,Observational,RATED CHANNEL,NULL,A,40.9672433753905,-111.437856403615,Scrape,Yes,https://waterrights.utah.gov/cgi-bin/dvrtview.exe?Modinfo=StationView&STATION_ID=2568,1,DAILY_RECORDS,Mean daily discharge in CFS,Mean daily discharge in CFS,1,CFS,60,1958,2025
BEAVER,NULL,2603,FURNACE DITCH,A5,Furnace Ditch,Conveyance,1,2603,BEAVER RIVER,Observational,2`  Parshall Flume,DIGITAL,A,38.2518090967445,-112.757746643174,Direct,Yes,https://waterrights.utah.gov/cgi-bin/dvrtview.exe?Modinfo=StationView&STATION_ID=2603,1,DAILY_RECORDS,Mean daily discharge in CFS,Mean daily discharge in CFS,1,CFS,46,1950,2025
BEAVER,NULL,2604,BARTON DITCH,A2,Barton ditch,Conveyance,1,2604,BEAVER RIVER,Observational,1.7`  Parshall Flume,DIGITAL,A,38.2503916647909,-112.696969831607,Direct,Yes,https://waterrights.utah.gov/cgi-bin/dvrtview.exe?Modinfo=StationView&STATION_ID=2604,1,DAILY_RECORDS,Mean daily discharge in CFS,Mean daily discharge in CFS,1,CFS,45,1950,2025
BEAVER,NULL,2605,ABERDARE CANAL,A3,Aberdare Canal,Conveyance,1,2605,BEAVER RIVER,Observational,3` Parshall Flume,DIGITAL,A,38.2483526978823,-112.719406209152,Direct,Yes,https://waterrights.utah.gov/cgi-bin/dvrtview.exe?Modinfo=StationView&STATION_ID=2605,1,DAILY_RECORDS,Mean daily discharge in CFS,Mean daily discharge in CFS,1,CFS,54,1950,2025
BEAVER,NULL,2619,SOUTH DITCH,A4,South Ditch,Conveyance,1,2619,BEAVER RIVER,Observational,12 inch Parshall Flume,DIGITAL,A,38.2508706504997,-112.757743985413,Direct,Yes,https://waterrights.utah.gov/cgi-bin/dvrtview.exe?Modinfo=StationView&STATION_ID=2619,1,DAILY_RECORDS,Mean daily discharge in CFS,Mean daily discharge in CFS,1,CFS,42,1960,2025
LOGAN_DL,NULL,2631,38 BLACKSMITH FORK,38 BLACKSMITH FORK,"Lower Bear; Radio 301,1    Pakbus 6",Conveyance,1,2631,LOWER BEAR RIVER,Observational,6 foot Parshall Flume with recorder,STAGE,A,41.7056359502939,-111.871584100333,Direct,Yes,https://waterrights.utah.gov/cgi-bin/dvrtview.exe?Modinfo=StationView&STATION_ID=2631,1,DAILY_RECORDS,Mean daily discharge in CFS,Mean daily discharge in CFS,1,CFS,37,1989,2025
SEVIER,NULL,2715,OTTER CREEK AT KOOSHAREM CANAL,11539,KOOSHAREM CANAL,Stream,1,2715,SEVIER RIVER,Observational,,DIGITAL,A,38.564851318128,-111.851678755169,Manual,Yes,https://waterrights.utah.gov/cgi-bin/dvrtview.exe?Modinfo=StationView&STATION_ID=2715,1,DAILY_RECORDS,Mean daily discharge in CFS,Mean daily discharge in CFS,1,CFS,8,1983,2025
JVWCD,NULL,2726,05.01.07 JORDAN VALLEY WATER CONSERVANCY DIST,JNPS-to-WelbyJacob.csv,,Stream,1,2726,UTAH LAKE/JORDAN RIVER,Observational,JVWCD operates the Electronic Meters,NULL,A,40.441712204781,-111.921649651255,Scrape,Yes,https://waterrights.utah.gov/cgi-bin/dvrtview.exe?Modinfo=StationView&STATION_ID=2726,1,DAILY_RECORDS,Mean daily discharge in CFS,Mean daily discharge in CFS,1,CFS,33,1989,2025
SEVIER_METRIDYNE,NULL,2727,ACTON DITCH (BULLION CREEK),15370,BULLION CREEK - ACTON DITCH,Conveyance,1,2727,SEVIER RIVER,Observational,,DIGITAL,A,38.4325014728487,-112.265121920703,Scrape,Yes,https://waterrights.utah.gov/cgi-bin/dvrtview.exe?Modinfo=StationView&STATION_ID=2727,1,DAILY_RECORDS,Mean daily discharge in CFS,Mean daily discharge in CFS,1,CFS,42,1984,2025
SEVIER,NULL,2735,KOOSHAREM CANAL,11539,KOOSHAREM CANAL,Conveyance,1,2735,SEVIER RIVER,Observational,,DIGITAL,A,38.5648506471148,-111.851669415486,Scrape,Yes,https://waterrights.utah.gov/cgi-bin/dvrtview.exe?Modinfo=StationView&STATION_ID=2735,1,DAILY_RECORDS,Mean daily discharge in CFS,Mean daily discharge in CFS,1,CFS,41,1985,2025
SEVIER_METRIDYNE,NULL,2736,LYON DITCH (BULLION CREEK),15379,LYON DITCH (BULLION CREEK),Conveyance,1,2736,SEVIER RIVER,Observational,,DIGITAL,A,38.4332992245372,-112.258755707063,Scrape,Yes,https://waterrights.utah.gov/cgi-bin/dvrtview.exe?Modinfo=StationView&STATION_ID=2736,1,DAILY_RECORDS,Mean daily discharge in CFS,Mean daily discharge in CFS,1,CFS,42,1984,2025
SEVIER,NULL,2737,MERIDIAN DITCH,11536,MERIDIAN DITCH,Conveyance,1,2737,SEVIER RIVER,Observational,,DIGITAL,A,38.5609958227967,-111.849368117891,Scrape,Yes,https://waterrights.utah.gov/cgi-bin/dvrtview.exe?Modinfo=StationView&STATION_ID=2737,1,DAILY_RECORDS,Mean daily discharge in CFS,Mean daily discharge in CFS,1,CFS,43,1983,2025
SEVIER_DL,NULL,2739,OTTER CREEK AT DANIELS CANYON,OTTER CREEK AT DANIELS CANYON,OTTER CREEK AT DANIELS CANYON,Stream,1,2739,SEVIER RIVER,Observational,12 foot Cipoleti Weir,DIGITAL,A,38.6106689693646,-111.809528322783,Direct,Yes,https://waterrights.utah.gov/cgi-bin/dvrtview.exe?Modinfo=StationView&STATION_ID=2739,1,DAILY_RECORDS,Mean daily discharge in CFS,Mean daily discharge in CFS,1,CFS,36,1984,2025
SEVIER_METRIDYNE,NULL,2743,TAYLOR DITCH (BULLION CREEK),15365,TAYLOR (BULLION CREEK),Conveyance,1,2743,SEVIER RIVER,Observational,2 FT FLUME AND GAGING STATION,DIGITAL,A,38.4277553632817,-112.281213833843,Scrape,Yes,https://waterrights.utah.gov/cgi-bin/dvrtview.exe?Modinfo=StationView&STATION_ID=2743,1,DAILY_RECORDS,Mean daily discharge in CFS,Mean daily discharge in CFS,1,CFS,41,1984,2024
SEVIER_METRIDYNE,NULL,2744,SOUTH BENCH (BULLION CREEK),15206,SOUTH BENCH (BULLION CREEK),Conveyance,1,2744,SEVIER RIVER,Observational,,DIGITAL,A,38.4295289883922,-112.272133393805,Scrape,Yes,https://waterrights.utah.gov/cgi-bin/dvrtview.exe?Modinfo=StationView&STATION_ID=2744,1,DAILY_RECORDS,Mean daily discharge in CFS,Mean daily discharge in CFS,1,CFS,42,1984,2025
LITTLEBEAR,NULL,2770,WELLSVILLE EAST FIELD,C6,Wellsville Eastfield,Conveyance,1,2770,LITTLE BEAR RIVER,Observational,8 FT FLUME with custom rating table,DIGITAL,A,41.6296403373219,-111.87243564113,Direct,Yes,https://waterrights.utah.gov/cgi-bin/dvrtview.exe?Modinfo=StationView&STATION_ID=2770,1,DAILY_RECORDS,Mean daily discharge in CFS,Mean daily discharge in CFS,1,CFS,64,1957,2025
LITTLEBEAR,NULL,2771,HYRUM CANAL,I2,Hyrum Canal; Radio - 211 Avon,Conveyance,1,2771,LITTLE BEAR RIVER,Observational,4 FT PARSHALL FLUME,DIGITAL,A,41.5290447131653,-111.814627534816,Direct,Yes,https://waterrights.utah.gov/cgi-bin/dvrtview.exe?Modinfo=StationView&STATION_ID=2771,1,DAILY_RECORDS,Mean daily discharge in CFS,Mean daily discharge in CFS,1,CFS,61,1957,2025
LITTLEBEAR,NULL,2772,LITTLE FEEDER,Cp,Little Feeder,Conveyance,1,2772,LITTLE BEAR RIVER,Observational,meter vault with ultrasonic meter,FLOWMETER,A,41.629641471206,-111.872434587957,Direct,Yes,https://waterrights.utah.gov/cgi-bin/dvrtview.exe?Modinfo=StationView&STATION_ID=2772,2,DAILY_RECORDS,MEAN daily discharge in CFS,Mean daily discharge in ACFT,1.98347107,CFS,59,1957,2024
LITTLEBEAR,NULL,2774,PUMP CANAL,4,Pump Canal,Conveyance,1,2774,LITTLE BEAR RIVER,Observational,3-Ft Ramp Flume at above  UTMs,DIGITAL,A,41.6260874139588,-111.880658817099,Direct,Yes,https://waterrights.utah.gov/cgi-bin/dvrtview.exe?Modinfo=StationView&STATION_ID=2774,1,DAILY_RECORDS,Mean daily discharge in CFS,Mean daily discharge in CFS,1,CFS,47,1957,2025
LITTLEBEAR,NULL,2775,WELLSVILLE MENDON CANAL,C5,Wellsville Mendon,Conveyance,1,2775,LITTLE BEAR RIVER,Observational,concrete trapezoidal ramp flume,DIGITAL,A,41.6285558208208,-111.880464328486,Direct,Yes,https://waterrights.utah.gov/cgi-bin/dvrtview.exe?Modinfo=StationView&STATION_ID=2775,1,DAILY_RECORDS,Mean daily discharge in CFS,Mean daily discharge in CFS,1,CFS,38,1962,2025
LITTLEBEAR,NULL,2776,PARADISE CANAL,I1,Paradise Canal; Radio - 211 Avon,Conveyance,1,2776,LITTLE BEAR RIVER,Observational,4` PARSHALL FLUME,DIGITAL,A,41.5322653577162,-111.812996363895,Direct,Yes,https://waterrights.utah.gov/cgi-bin/dvrtview.exe?Modinfo=StationView&STATION_ID=2776,1,DAILY_RECORDS,Mean daily discharge in CFS,Mean daily discharge in CFS,1,CFS,63,1957,2025
LITTLEBEAR,NULL,2779,HIGHLINE CANAL,IK0,Highline Canal,Conveyance,1,2779,LITTLE BEAR RIVER,Observational,3 FT FLUME,DIGITAL,A,41.5181688871456,-111.754416386467,Direct,Yes,https://waterrights.utah.gov/cgi-bin/dvrtview.exe?Modinfo=StationView&STATION_ID=2779,1,DAILY_RECORDS,Mean daily discharge in CFS,Mean daily discharge in CFS,1,CFS,56,1965,2025
USGS,NULL,2785,USGS LITTLE BEAR AT PARADISE,10105900,Little Bear River (Paradise),Stream,1,2785,LITTLE BEAR RIVER,Observational,USGS GAGING STATION,NULL,A,41.5754835636687,-111.855213145594,Scrape,Yes,https://waterrights.utah.gov/cgi-bin/dvrtview.exe?Modinfo=StationView&STATION_ID=2785,1,DAILY_RECORDS,Mean daily discharge in CFS,Mean daily discharge in CFS,1,CFS,36,1988,2025
LITTLEBEAR,NULL,2786,EAST FORK,IKF,East Fork Little Bear at Cinnamon Creek,Stream,1,2786,LITTLE BEAR RIVER,Observational,rated section,STAGE,A,41.5181158197728,-111.714435437968,Direct,Yes,https://waterrights.utah.gov/cgi-bin/dvrtview.exe?Modinfo=StationView&STATION_ID=2786,1,DAILY_RECORDS,Mean daily discharge in CFS,Mean daily discharge in CFS,1,CFS,31,1986,2025
USGS,NULL,2823,USGS SOUTH FORK OGDEN RIVER NEAR HUNTSVILLE UT,10137500,Ogden River South Fork USGS,Stream,1,2823,OGDEN RIVER,Observational,RATED SECTION,NULL,A,41.2686601219459,-111.67406069434,Scrape,Yes,https://waterrights.utah.gov/cgi-bin/dvrtview.exe?Modinfo=StationView&STATION_ID=2823,1,DAILY_RECORDS,Mean daily discharge in CFS,Mean daily discharge in CFS,1,CFS,34,1957,2025
BEAR_UPPER,NULL,2850,FRANCIS LEE CANAL,12618,Francis Lee Canal,Conveyance,1,2850,UPPER BEAR,Observational,76-inch Ramp Flume,NULL,A,41.5214416700179,-111.030607764102,Scrape,Yes,https://waterrights.utah.gov/cgi-bin/dvrtview.exe?Modinfo=StationView&STATION_ID=2850,1,DAILY_RECORDS,Mean daily discharge in CFS,Mean daily discharge in CFS,1,CFS,47,1965,2024
BEAR_UPPER,NULL,2851,BEAR RIVER CANAL,12191,Bear River Canal,Conveyance,1,2851,UPPER BEAR,Observational,ramp flume (120 cfs max),NULL,A,41.5226060004493,-111.030726514334,Scrape,Yes,https://waterrights.utah.gov/cgi-bin/dvrtview.exe?Modinfo=StationView&STATION_ID=2851,1,DAILY_RECORDS,Mean daily discharge in CFS,Mean daily discharge in CFS,1,CFS,47,1970,2025
BEAR_UPPER,NULL,2852,NEVILLE CANAL,12622,Neville Canal,Conveyance,1,2852,UPPER BEAR,Observational,3-foot ramp flume,NULL,A,41.5211231301247,-111.103338968979,Scrape,Yes,https://waterrights.utah.gov/cgi-bin/dvrtview.exe?Modinfo=StationView&STATION_ID=2852,1,DAILY_RECORDS,Mean daily discharge in CFS,Mean daily discharge in CFS,1,CFS,52,1964,2025
BEAR_UPPER,NULL,2853,BOOTH CANAL,12204,Booth Canal,Conveyance,1,2853,UPPER BEAR,Observational,38-inch Ramp Flume,NULL,A,41.5217005584291,-111.103730611303,Scrape,Yes,https://waterrights.utah.gov/cgi-bin/dvrtview.exe?Modinfo=StationView&STATION_ID=2853,1,DAILY_RECORDS,Mean daily discharge in CFS,Mean daily discharge in CFS,1,CFS,52,1964,2025
BEAR_UPPER,NULL,2854,REES LAND & LIVESTOCK CANAL,12630,Rees Land & Livestock Canal,Conveyance,1,2854,UPPER BEAR,Observational,8-foot rating box,NULL,A,41.5235844477474,-111.105555308095,Scrape,Yes,https://waterrights.utah.gov/cgi-bin/dvrtview.exe?Modinfo=StationView&STATION_ID=2854,1,DAILY_RECORDS,Mean daily discharge in CFS,Mean daily discharge in CFS,1,CFS,52,1964,2025
BEAR_UPPER,NULL,2855,RANDOLPH WOODRUFF CANAL,12626,Randolph & Woodruff,Conveyance,1,2855,UPPER BEAR,Observational,36-foot flume,NULL,A,41.520581841007,-111.130842087881,Scrape,Yes,https://waterrights.utah.gov/cgi-bin/dvrtview.exe?Modinfo=StationView&STATION_ID=2855,1,DAILY_RECORDS,Mean daily discharge in CFS,Mean daily discharge in CFS,1,CFS,51,1964,2024
BEAR_UPPER,NULL,2856,CRAWFORD-THOMPSON CANAL,12610,Crawford Thompson Canal,Conveyance,1,2856,UPPER BEAR,Observational,Ramp Flume,NULL,A,41.5260564374062,-111.128390481502,Scrape,Yes,https://waterrights.utah.gov/cgi-bin/dvrtview.exe?Modinfo=StationView&STATION_ID=2856,1,DAILY_RECORDS,Mean daily discharge in CFS,Mean daily discharge in CFS,1,CFS,51,1959,2024
BEAR_UPPER,NULL,2857,DYKENS CANAL,12597,Dykens Canal,Conveyance,1,2857,UPPER BEAR,Observational,76-inch Ramp Flume,NULL,A,41.5736416666026,-111.143745140079,Scrape,Yes,https://waterrights.utah.gov/cgi-bin/dvrtview.exe?Modinfo=StationView&STATION_ID=2857,1,DAILY_RECORDS,Mean daily discharge in CFS,Mean daily discharge in CFS,1,CFS,52,1959,2025
BEAR_UPPER,NULL,2858,MCMINN CANAL,12604,McMinn Canal,Conveyance,1,2858,UPPER BEAR,Observational,ramp flume (8ft),NULL,A,41.7005746383097,-111.113489820186,Scrape,Yes,https://waterrights.utah.gov/cgi-bin/dvrtview.exe?Modinfo=StationView&STATION_ID=2858,1,DAILY_RECORDS,Mean daily discharge in CFS,Mean daily discharge in CFS,1,CFS,52,1964,2025
BEAR_UPPER,NULL,2859,ENBERG CANAL,12601,Enberg Canal,Conveyance,1,2859,UPPER BEAR,Observational,5-foot Ramp Flume,NULL,A,41.7154300100898,-111.08479912684,Scrape,Yes,https://waterrights.utah.gov/cgi-bin/dvrtview.exe?Modinfo=StationView&STATION_ID=2859,1,DAILY_RECORDS,Mean daily discharge in CFS,Mean daily discharge in CFS,1,CFS,52,1964,2025
BEAR_UPPER,NULL,2861,B Q WESTSIDE CANAL,12184,B Q Westside Canal,Conveyance,1,2861,UPPER BEAR,Observational,20-ft Ramp Flume,DIGITAL,A,41.7197575334697,-111.086115503177,Scrape,Yes,https://waterrights.utah.gov/cgi-bin/dvrtview.exe?Modinfo=StationView&STATION_ID=2861,1,DAILY_RECORDS,Mean daily discharge in CFS,Mean daily discharge in CFS,1,CFS,51,1964,2024
MILLCREEK_DL,NULL,2885,SHELEY TUNNEL TOTAL FLOW,Sheeley Tunnel,Sheeley Tunnel,Conveyance,1,2885,MILL CREEK (MOAB),Observational,5 foot suppressed Weir w/still well,DIGITAL,A,38.4835498930941,-109.408389801371,Direct,Yes,https://waterrights.utah.gov/cgi-bin/dvrtview.exe?Modinfo=StationView&STATION_ID=2885,1,DAILY_RECORDS,Mean daily discharge in CFS,Mean daily discharge in CFS,1,CFS,29,1983,2025
MILLCREEK_DL,NULL,2893,SOUTH MESA TOTAL FLOW - COMMISSIONER READING,South Mesa Ditch,South Mesa Ditch,Conveyance,1,2893,MILL CREEK (MOAB),Observational,1-FOOT PARSHALL FLUME,NULL,A,38.5089731783075,-109.291013938099,Direct,Yes,https://waterrights.utah.gov/cgi-bin/dvrtview.exe?Modinfo=StationView&STATION_ID=2893,1,DAILY_RECORDS,Mean daily discharge in CFS,Mean daily discharge in CFS,1,CFS,42,1983,2025
MILLCREEK_DL,NULL,2896,WILSON MESA TOTAL FLOW - COMMISSIONER READING,Wilson Mesa,Wilson Mesa,Conveyance,1,2896,MILL CREEK (MOAB),Observational,1.5` PARSHALL FLUME,NULL,A,38.5364616505695,-109.329806799641,Direct,Yes,https://waterrights.utah.gov/cgi-bin/dvrtview.exe?Modinfo=StationView&STATION_ID=2896,1,DAILY_RECORDS,Mean daily discharge in CFS,Mean daily discharge in CFS,1,CFS,39,1983,2025
DUCHESNE,NULL,2920,FARNSWORTH CANAL FLUME,8605,*,Conveyance,NULL,2920,LAKE FORK RIVER,Observational,8 FOOT PARSHALL FLUME W/ RECORDER,NULL,A,40.5042659784177,-110.425854778807,Scrape,Yes,https://waterrights.utah.gov/cgi-bin/dvrtview.exe?Modinfo=StationView&STATION_ID=2920,1,DAILY_RECORDS,Mean daily discharge in CFS,Mean daily discharge in CFS,1,CFS,67,1950,2025
EMERY,NULL,2991,AVERY DITCH,9363,Total flow Avery Ditch,Conveyance,1,2991,HUNTINGTON CREEK,Observational,1` Parshall Flume,DIGITAL,A,39.3229943718767,-110.941049579243,Scrape,Yes,https://waterrights.utah.gov/cgi-bin/dvrtview.exe?Modinfo=StationView&STATION_ID=2991,1,DAILY_RECORDS,Mean daily discharge in CFS,Mean daily discharge in CFS,1,CFS,38,1930,2024
EMERY,NULL,2993,JEFFS DITCH,5476,Craig Johansen (Jeffs Ditch),Conveyance,1,2993,HUNTINGTON CREEK,Observational,ULTRASONIC DEPTH SENSOR,DIGITAL,A,39.2250504126835,-110.920939115953,Scrape,Yes,https://waterrights.utah.gov/cgi-bin/dvrtview.exe?Modinfo=StationView&STATION_ID=2993,1,DAILY_RECORDS,Mean daily discharge in CFS,Mean daily discharge in CFS,1,CFS,39,1930,2025
EMERY,NULL,2994,HCIC CLEVELAND - CANAL PORTION,6285,HCIC Cleveland Canal,Conveyance,1,2994,HUNTINGTON CREEK,Observational,8 ft parshall flume,DIGITAL,A,39.355677704241,-111.019653107069,Scrape,Yes,https://waterrights.utah.gov/cgi-bin/dvrtview.exe?Modinfo=StationView&STATION_ID=2994,1,DAILY_RECORDS,Mean daily discharge in CFS,Mean daily discharge in CFS,1,CFS,45,1930,2025
EMERY,NULL,2995,HCIC NORTH DITCH,6569,NORTH DITCH FLOW,Conveyance,1,2995,HUNTINGTON CREEK,Observational,8 FOOT PARSHALL FLUME,DIGITAL,A,39.3472141748091,-111.003524530028,Scrape,Yes,https://waterrights.utah.gov/cgi-bin/dvrtview.exe?Modinfo=StationView&STATION_ID=2995,1,DAILY_RECORDS,Mean daily discharge in CFS,Mean daily discharge in CFS,1,CFS,45,1930,2025
DUCHESNE,NULL,3025,340 KNIGHT PIPE,8654,KNIGHTS PIPE,Conveyance,5,3025,DUCHESNE RIVER,Observational,,DIGITAL,A,40.2916046227657,-110.488527956805,Scrape,Yes,https://waterrights.utah.gov/cgi-bin/dvrtview.exe?Modinfo=StationView&STATION_ID=3025,1,DAILY_RECORDS,Mean daily discharge in CFS,Mean daily discharge in CFS,1,CFS,32,1993,2025
CU_SCADA,NULL,3026,375 KNIGHTS DIVERSION BYPASS,KDRIVERFLOW_HIST,Passing Knight Diversion  (DUCHESNE RIVER 375 KNIGHTS DIVERSION BYPASS),Dry Dam Release,1,3026,DUCHESNE RIVER,Observational,,DIGITAL,A,40.2402564843281,-110.411513313787,Scrape,Yes,https://waterrights.utah.gov/cgi-bin/dvrtview.exe?Modinfo=StationView&STATION_ID=3026,1,DAILY_RECORDS,Mean daily discharge in CFS,Mean daily discharge in CFS,1,CFS,34,1992,2025
DUCHESNE,NULL,3034,350 SHANKS PIPE,8819,SHANKS PIPE,Conveyance,5,3034,DUCHESNE RIVER,Observational,,DIGITAL,A,40.2899928041151,-110.488992223833,Scrape,Yes,https://waterrights.utah.gov/cgi-bin/dvrtview.exe?Modinfo=StationView&STATION_ID=3034,1,DAILY_RECORDS,Mean daily discharge in CFS,Mean daily discharge in CFS,1,CFS,32,1993,2025
USGS,NULL,3041,TRANS. MTN. DIV. - EPHRAIM TUNNEL,9319000,"USGS EPHRAIM TUNNEL NEAR EPHRAIM, UT",Conveyance,1,3041,COTTONWOOD CREEK,Observational,bubbler,NULL,A,39.3297386071014,-111.431770380922,Scrape,Yes,https://waterrights.utah.gov/cgi-bin/dvrtview.exe?Modinfo=StationView&STATION_ID=3041,1,DAILY_RECORDS,Mean daily discharge in CFS,Mean daily discharge in CFS,1,CFS,66,1960,2025
EMERY,NULL,3061,UP&L-BRASHER DITCH (JULIE JOHANSEN),5726,UP&L - Brasher Ditch,Conveyance,1,3061,HUNTINGTON CREEK,Observational,2` Parshall Flume,DIGITAL,A,39.2548733587477,-110.918864332312,Scrape,Yes,https://waterrights.utah.gov/cgi-bin/dvrtview.exe?Modinfo=StationView&STATION_ID=3061,1,DAILY_RECORDS,Mean daily discharge in CFS,Mean daily discharge in CFS,1,CFS,36,1983,2025
EMERY,NULL,3063,JOES VALLEY PROJECT WATER-GATE 719,11260,Gate 719,Conveyance,1,3063,HUNTINGTON CREEK,Observational,12 foot rectangular weir,DIGITAL,A,39.3222397788407,-110.986021271501,Scrape,Yes,https://waterrights.utah.gov/cgi-bin/dvrtview.exe?Modinfo=StationView&STATION_ID=3063,1,DAILY_RECORDS,Mean daily discharge in CFS,Mean daily discharge in CFS,1,CFS,26,1988,2025
EMERY,NULL,3064,JOES VALLEY PROJECT WATER-GATE 826,6138,Gate 826,Conveyance,1,3064,HUNTINGTON CREEK,Observational,4 foot parshall,DIGITAL,A,39.3447705691034,-110.988630897445,Scrape,Yes,https://waterrights.utah.gov/cgi-bin/dvrtview.exe?Modinfo=StationView&STATION_ID=3064,1,DAILY_RECORDS,Mean daily discharge in CFS,Mean daily discharge in CFS,1,CFS,33,1983,2025
CU_SCADA,NULL,3072,280 DOCS SOUTH FORK DIVERSIONS,SWDOCFLW_HIST,DOCS South Fork Diversions,Conveyance,1,3072,DUCHESNE RIVER,Observational,,DIGITAL,A,40.5581654347161,-110.700468765946,Scrape,Yes,https://waterrights.utah.gov/cgi-bin/dvrtview.exe?Modinfo=StationView&STATION_ID=3072,1,DAILY_RECORDS,Mean daily discharge in CFS,Mean daily discharge in CFS,1,CFS,34,1992,2025
UINTAH,NULL,3127,STEINAKER DITCH,10592,Steinaker Ditch,Conveyance,1,3127,ASHLEY CREEK,Observational,Pipeline Meter,FLOWMETER,A,40.5224364488815,-109.597817254978,Scrape,Yes,https://waterrights.utah.gov/cgi-bin/dvrtview.exe?Modinfo=StationView&STATION_ID=3127,1,DAILY_RECORDS,Mean daily discharge in CFS,Mean daily discharge in CFS,1,CFS,60,1962,2025
UINTAH,NULL,3129,UPPER CANAL,10530,Colton Ditch North,Conveyance,1,3129,ASHLEY CREEK,Observational,Pipeline Meter (Doppler and Pressure,FLOWMETER,A,40.51195903491,-109.594575855151,Scrape,Yes,https://waterrights.utah.gov/cgi-bin/dvrtview.exe?Modinfo=StationView&STATION_ID=3129,1,DAILY_RECORDS,Mean daily discharge in CFS,Mean daily discharge in CFS,1,CFS,60,1962,2025
UINTAH,NULL,3131,ROCKPOINT CANAL,10586,Rock Point,Conveyance,1,3131,ASHLEY CREEK,Observational,Pipeline Flow Meter,FLOWMETER,A,40.4915947322104,-109.585389866094,Scrape,Yes,https://waterrights.utah.gov/cgi-bin/dvrtview.exe?Modinfo=StationView&STATION_ID=3131,1,DAILY_RECORDS,Mean daily discharge in CFS,Mean daily discharge in CFS,1,CFS,60,1962,2025
UINTAH,NULL,3132,ISLAND DITCH,10584,Island Ditch - Normal Flow,Conveyance,1,3132,ASHLEY CREEK,Observational,Meter in pipeline,FLOWMETER,A,40.4916293391631,-109.585545543207,Scrape,Yes,https://waterrights.utah.gov/cgi-bin/dvrtview.exe?Modinfo=StationView&STATION_ID=3132,1,DAILY_RECORDS,Mean daily discharge in CFS,Mean daily discharge in CFS,1,CFS,60,1962,2025
UINTAH,NULL,3133,CENTRAL CANAL,10588,Central Canal,Conveyance,1,3133,ASHLEY CREEK,Observational,10-ft Concrete Parshall Flume,FLOWMETER,A,40.49155412753,-109.585606722525,Scrape,Yes,https://waterrights.utah.gov/cgi-bin/dvrtview.exe?Modinfo=StationView&STATION_ID=3133,1,DAILY_RECORDS,Mean daily discharge in CFS,Mean daily discharge in CFS,1,CFS,60,1962,2025
UINTAH,NULL,3134,FEEDER,10532,,Conveyance,1,3134,ASHLEY CREEK,Observational,15-ft  Concrete Parshall Flume,FLOWMETER,A,40.4925768612775,-109.584124242431,Scrape,Yes,https://waterrights.utah.gov/cgi-bin/dvrtview.exe?Modinfo=StationView&STATION_ID=3134,1,DAILY_RECORDS,Mean daily discharge in CFS,Mean daily discharge in CFS,1,CFS,56,1963,2025
UINTAH,NULL,3136,DODDS DITCH,10587,Dodds,Conveyance,1,3136,ASHLEY CREEK,Observational,2-ft Parshall Flume,FLOWMETER,A,40.4916911293842,-109.585060661283,Manual,No,https://waterrights.utah.gov/cgi-bin/dvrtview.exe?Modinfo=StationView&STATION_ID=3136,1,DAILY_RECORDS,Mean daily discharge in CFS,Mean daily discharge in CFS,1,CFS,60,1962,2025
UINTAH,NULL,3138,BURNS BENCH DIVIDER,10506,Burns Bench flow,Conveyance,1,3138,BRUSH CREEK,Observational,Pipe Meter,FLOWMETER,A,40.3986979810727,-109.340903095054,Scrape,Yes,https://waterrights.utah.gov/cgi-bin/dvrtview.exe?Modinfo=StationView&STATION_ID=3138,1,DAILY_RECORDS,Mean daily discharge in CFS,Mean daily discharge in CFS,1,CFS,5,1961,2025
UINTAH,NULL,3142,UPPER & LOWER DITCHES - SHINER RANCH,10496,Upper Sunshine,Conveyance,1,3142,BRUSH CREEK,Observational,,FLOWMETER,A,40.4773307291107,-109.392868744376,Scrape,Yes,https://waterrights.utah.gov/cgi-bin/dvrtview.exe?Modinfo=StationView&STATION_ID=3142,1,DAILY_RECORDS,Mean daily discharge in CFS,Mean daily discharge in CFS,1,CFS,4,1961,2025
UINTAH,NULL,3143,H. AINGE DITCHES,10673,Lower Sunshine Ainge flow,Conveyance,1,3143,BRUSH CREEK,Observational,Meter,FLOWMETER,A,40.4376797451143,-109.397153975925,Scrape,Yes,https://waterrights.utah.gov/cgi-bin/dvrtview.exe?Modinfo=StationView&STATION_ID=3143,1,DAILY_RECORDS,Mean daily discharge in CFS,Mean daily discharge in CFS,1,CFS,4,1961,2025
UINTAH,NULL,3145,SUNSHINE CANAL - SUNSHINE RANCHES,10498,Lower Sunshine flow,Conveyance,1,3145,BRUSH CREEK,Observational,Meter,FLOWMETER,A,40.4376702965034,-109.397104705898,Scrape,Yes,https://waterrights.utah.gov/cgi-bin/dvrtview.exe?Modinfo=StationView&STATION_ID=3145,1,DAILY_RECORDS,Mean daily discharge in CFS,Mean daily discharge in CFS,1,CFS,4,1961,2025
UINTAH,NULL,3146,SUNSHINE CANAL - MURRAYS,10500,Murray Ditch,Conveyance,1,3146,BRUSH CREEK,Observational,Meter,FLOWMETER,A,40.41942241092,-109.369813408416,Scrape,Yes,https://waterrights.utah.gov/cgi-bin/dvrtview.exe?Modinfo=StationView&STATION_ID=3146,1,DAILY_RECORDS,Mean daily discharge in CFS,Mean daily discharge in CFS,1,CFS,4,1961,2025
UINTAH,NULL,3148,WILFORD EVANS,10674,Lower Sunshine Evans flow,Conveyance,1,3148,BRUSH CREEK,Observational,Meter,FLOWMETER,A,40.4376836136717,-109.397170496161,Scrape,Yes,https://waterrights.utah.gov/cgi-bin/dvrtview.exe?Modinfo=StationView&STATION_ID=3148,1,DAILY_RECORDS,Mean daily discharge in CFS,Mean daily discharge in CFS,1,CFS,3,1964,2025
LBEAR,NULL,3156,BIG DITCH (FIRE STATION),AA4,Summit Creek- Big Ditch,Conveyance,1,3156,SUMMIT CREEK,Observational,6` CUTTHROAT FLUME,DIGITAL,A,41.8373810636831,-111.836180760776,Direct,Yes,https://waterrights.utah.gov/cgi-bin/dvrtview.exe?Modinfo=StationView&STATION_ID=3156,1,DAILY_RECORDS,Mean daily discharge in CFS,Mean daily discharge in CFS,1,CFS,19,1983,2015
SUMMIT CREEK_DL,NULL,3158,SOUTH SMITHFIELD PIPELINE,South Smithfield,Greyline Velocity Depth Sensor on Pipeline,Conveyance,1,3158,SUMMIT CREEK,Observational,GREYLINE VELOCITY DEPTH SENSOR,NULL,A,41.8202801136335,-111.817243003416,Direct,Yes,https://waterrights.utah.gov/cgi-bin/dvrtview.exe?Modinfo=StationView&STATION_ID=3158,1,DAILY_RECORDS,Mean daily discharge in CFS,Mean daily discharge in CFS,1,CFS,30,1988,2025
LBEAR,NULL,3160,BLACK PIPE,AJ1,"Summit Creek- Black Pipe; Radio- 213, Summit Creek",Conveyance,1,3160,SUMMIT CREEK,Observational,3 FT PARSHALL FLUME (GOLF COURSE),DIGITAL,A,41.8403369657312,-111.813698973078,Direct,Yes,https://waterrights.utah.gov/cgi-bin/dvrtview.exe?Modinfo=StationView&STATION_ID=3160,1,DAILY_RECORDS,Mean daily discharge in CFS,Mean daily discharge in CFS,1,CFS,37,1983,2025
LBEAR,NULL,3161,LIONS LODGE,AAB,Lion`s Lodge Smithfield Irr; Summit Creek,Conveyance,1,3161,SUMMIT CREEK,Observational,Prop meter in 0.01 AF,FLOWMETER,A,41.8394219896551,-111.821404933369,Direct,Yes,https://waterrights.utah.gov/cgi-bin/dvrtview.exe?Modinfo=StationView&STATION_ID=3161,1,DAILY_RECORDS,Mean daily discharge in CFS,Mean daily discharge in CFS,1,CFS,41,1983,2025
HANKSVILLE,NULL,3250,HANKSVILLE (NORTH DITCH),0,,Conveyance,2,3250,LOWER FREMONT RIVER,Observational,,DIGITAL,A,38.3698991571761,-110.742628741379,Direct,Yes,https://waterrights.utah.gov/cgi-bin/dvrtview.exe?Modinfo=StationView&STATION_ID=3250,1,DAILY_RECORDS,Mean daily discharge in CFS,Mean daily discharge in CFS,1,CFS,14,1970,2025
CUDAHEY,NULL,3254,CUDAHEY LANE,D,Box Elder Base Station,Stream,1,3254,LOWER JORDAN RIVER,Observational,Flowline Ultrasonic Depth Sensor,STAGE,I,40.8419084391764,-111.951173323085,Direct,Yes,https://waterrights.utah.gov/cgi-bin/dvrtview.exe?Modinfo=StationView&STATION_ID=3254,1,DAILY_RECORDS,Mean daily discharge in CFS,Mean daily discharge in CFS,1,CFS,20,1991,2018
LBEAR,NULL,3258,THREE CREEKS (SUMMIT & BIRCH CREEKS FLOW),AJ3,Summit Creek- Three Creeks; Radio- 213,Stream,1,3258,SUMMIT CREEK,Observational,Shaft encoder,DIGITAL,A,41.8439547770197,-111.813377397459,Direct,Yes,https://waterrights.utah.gov/cgi-bin/dvrtview.exe?Modinfo=StationView&STATION_ID=3258,1,DAILY_RECORDS,Mean daily discharge in CFS,Mean daily discharge in CFS,1,CFS,22,1983,2025
EAST_FORK_VIRGIN,NULL,3269,ORDERVILLE IRRIGATION,15915,Orderville Canal,Conveyance,1,3269,EAST FORK VIRGIN RIVER,Observational,"10`  CIPOLETTI Weir, Desilting basin",NULL,A,37.2986852030956,-112.615846846721,Scrape,Yes,https://waterrights.utah.gov/cgi-bin/dvrtview.exe?Modinfo=StationView&STATION_ID=3269,1,DAILY_RECORDS,Mean daily discharge in CFS,Mean daily discharge in CFS,1,CFS,48,1963,2025
SEVIER,NULL,3284,DMAD RESERVIOR CONTENTS,3338,DMAD Reservoir Contents,Reservoir,1,3284,SEVIER RIVER,Observational,,DIGITAL,A,39.3937520006855,-112.48321019824,Scrape,Yes,https://waterrights.utah.gov/cgi-bin/dvrtview.exe?Modinfo=StationView&STATION_ID=3284,4,DAILY_RECORDS,Daily Reservoir Storage in ACFT,Daily Reservoir Storage in ACFT,1,ACFT,40,1915,2025
HANKSVILLE,NULL,3285,HANKSVILLE IRRIGATION (SOUTH DITCH),0,,Conveyance,1,3285,LOWER FREMONT RIVER,Observational,Agriflow Digital at Desilting inlet,DIGITAL,A,38.3698991624486,-110.742577776729,Direct,Yes,https://waterrights.utah.gov/cgi-bin/dvrtview.exe?Modinfo=StationView&STATION_ID=3285,1,DAILY_RECORDS,Mean daily discharge in CFS,Mean daily discharge in CFS,1,CFS,18,1970,2025
JORDAN,NULL,3297,STATE CANAL,State Canal,Velocity and Depth Sensor,,1,3297,LOWER JORDAN RIVER,Observational,,NULL,A,40.8857686819797,-111.949722115334,,Yes,https://waterrights.utah.gov/cgi-bin/dvrtview.exe?Modinfo=StationView&STATION_ID=3297,1,DAILY_RECORDS,Mean daily discharge in CFS,Mean daily discharge in CFS,1,CFS,5,1993,2025
PRICE_DL,NULL,3413,CARBON REC. DIST. SPRING (GOLF COURSE),Carbon Rec. Dist. Spring (Golf Course),"Golf Course Spring, Seametric",Conveyance,1,3413,PRICE RIVER,Observational,Seametric flow meter,FLOWMETER,A,39.6433061746266,-110.860174022859,Direct,Yes,https://waterrights.utah.gov/cgi-bin/dvrtview.exe?Modinfo=StationView&STATION_ID=3413,3,DAILY_RECORDS,Mean daily discharge in CFS,Mean daily discharge in GPM,448.8,CFS,17,2009,2025
USGS,NULL,3480,USGS WEBER RIVER NEAR COALVILLE UTAH,10130500,"USGS Weber River near Coalville, UT",Stream,1,3480,WEBER RIVER,Observational,RATED SECTION,NULL,A,40.8955105967655,-111.401510894719,Scrape,Yes,https://waterrights.utah.gov/cgi-bin/dvrtview.exe?Modinfo=StationView&STATION_ID=3480,1,DAILY_RECORDS,Mean daily discharge in CFS,Mean daily discharge in CFS,1,CFS,28,1990,2025
USGS,NULL,3482,USGS WEBER RIVER NEAR PLAIN CITY UTAH,10141000,"USGS Weber River near Plain City, UT",Stream,1,3482,WEBER RIVER,Observational,RATED,NULL,A,41.2780776450997,-112.092409382016,Scrape,Yes,https://waterrights.utah.gov/cgi-bin/dvrtview.exe?Modinfo=StationView&STATION_ID=3482,1,DAILY_RECORDS,Mean daily discharge in CFS,Mean daily discharge in CFS,1,CFS,28,1990,2025
USGS,NULL,3483,USGS WEBER RIVER NEAR WANSHIP UTAH,10129500,"USGS Weber River near Wanship, UT",Stream,1,3483,WEBER RIVER,Observational,RATED SECTION,NULL,A,40.7928501957668,-111.404976798655,Scrape,Yes,https://waterrights.utah.gov/cgi-bin/dvrtview.exe?Modinfo=StationView&STATION_ID=3483,1,DAILY_RECORDS,Mean daily discharge in CFS,Mean daily discharge in CFS,1,CFS,28,1990,2025
BEAR_UPPER,NULL,3590,RANDOLPH SAGE CREEK CANAL,12608,Randolph Sage Creek Canal,Conveyance,1,3590,UPPER BEAR,Observational,24-foot concrete ramp flume,NULL,A,41.6178701138563,-111.151947045069,Scrape,Yes,https://waterrights.utah.gov/cgi-bin/dvrtview.exe?Modinfo=StationView&STATION_ID=3590,1,DAILY_RECORDS,Mean daily discharge in CFS,Mean daily discharge in CFS,1,CFS,51,1964,2024
POTCREEK,NULL,3701,POT CREEK FLOW ABOVE MATT WARNER RES,POT CREEK FLOW ABOVE MATT WARNER RES,,Stream,1,3701,POT CREEK,Observational,Ramp Flume,DIGITAL,A,40.7688677206538,-109.321788883874,Direct,Yes,https://waterrights.utah.gov/cgi-bin/dvrtview.exe?Modinfo=StationView&STATION_ID=3701,1,DAILY_RECORDS,Mean daily discharge in CFS,Mean daily discharge in CFS,1,CFS,23,1965,2025
USGS,NULL,3739,USGS JORDAN RIVER AT 1700 SOUTH,10171000,USGS AT 17TH SOUTH,Stream,1,3739,LOWER JORDAN RIVER,Observational,,DIGITAL,A,40.7336351743025,-111.923320944982,Scrape,Yes,https://waterrights.utah.gov/cgi-bin/dvrtview.exe?Modinfo=StationView&STATION_ID=3739,1,DAILY_RECORDS,Mean daily discharge in CFS,Mean daily discharge in CFS,1,CFS,27,1991,2025
USGS,NULL,3745,PINE VALLEY (USGS),09408400,USGS Pine Valley Santa Clara River,Stream,1,3745,SANTA CLARA RIVER,Observational,USGS GAGING STATION:,DIGITAL,A,37.3813679453423,-113.482167948194,Scrape,Yes,https://waterrights.utah.gov/cgi-bin/dvrtview.exe?Modinfo=StationView&STATION_ID=3745,1,DAILY_RECORDS,Mean daily discharge in CFS,Mean daily discharge in CFS,1,CFS,21,1971,2025
OGDEN,NULL,3795,LIBERTY CANAL,Liberty Canal,3.0 ft Parshall flume with float and pulley in stilling well.,Conveyance,1,3795,OGDEN RIVER,Observational,Three-foot Parshall Flume,NULL,A,41.3669005590952,-111.89021221198,Direct,Yes,https://waterrights.utah.gov/cgi-bin/dvrtview.exe?Modinfo=StationView&STATION_ID=3795,1,DAILY_RECORDS,Mean daily discharge in CFS,Mean daily discharge in CFS,1,CFS,37,1951,2025
USGS,NULL,3828,USGS OGDEN RIVER BL PINEVIEW RES NR HUNTSVILLE UT,10140100,Ogden River Below Pineview,Stream,1,3828,OGDEN RIVER,Observational,USGS Station -- rated section,NULL,A,41.2544737274882,-111.85554834522,Scrape,Yes,https://waterrights.utah.gov/cgi-bin/dvrtview.exe?Modinfo=StationView&STATION_ID=3828,2,DAILY_RECORDS,MEAN daily discharge in CFS,Mean daily discharge in ACFT,1.98347107,CFS,36,1960,2025
SEVIER,NULL,3829,PIUTE CANAL - WILLOW CREEK,3988,Piute Canal at Willow Creek,Conveyance,1,3829,SEVIER RIVER,Observational,,DIGITAL,A,38.6988232577724,-112.135593424097,Scrape,Yes,https://waterrights.utah.gov/cgi-bin/dvrtview.exe?Modinfo=StationView&STATION_ID=3829,1,DAILY_RECORDS,Mean daily discharge in CFS,Mean daily discharge in CFS,1,CFS,50,1915,2025
EAST_FORK_VIRGIN,NULL,3830,MT. CARMEL,15921,Mt Carmel Canal,Conveyance,1,3830,EAST FORK VIRGIN RIVER,Observational,4 FT Contracted Rectanglar Weir,NULL,A,37.2658755771419,-112.648060076754,Scrape,Yes,https://waterrights.utah.gov/cgi-bin/dvrtview.exe?Modinfo=StationView&STATION_ID=3830,1,DAILY_RECORDS,Mean daily discharge in CFS,Mean daily discharge in CFS,1,CFS,33,1991,2025
DUCHESNE,NULL,3865,400 ROCKY POINT CANAL OVER,8400,ROCKY POINT CANAL HEAD,Conveyance,4,3865,DUCHESNE RIVER,Observational,6` Parshall Flume,FLOWMETER,A,40.2257175826543,-110.39800437149,Scrape,Yes,https://waterrights.utah.gov/cgi-bin/dvrtview.exe?Modinfo=StationView&STATION_ID=3865,1,DAILY_RECORDS,Mean daily discharge in CFS,Mean daily discharge in CFS,1,CFS,25,2001,2025
OGDEN,NULL,3866,MILL CREEK AT BRINKER AVE,Mill Creek At Brinker Ave,Mill Creek channel after Lynn Irrigation diversion,Conveyance,1,3866,OGDEN RIVER,Observational,,NULL,A,41.2415850868657,-111.949742750767,Scrape,Yes,https://waterrights.utah.gov/cgi-bin/dvrtview.exe?Modinfo=StationView&STATION_ID=3866,1,DAILY_RECORDS,Mean daily discharge in CFS,Mean daily discharge in CFS,1,CFS,10,1965,2025
EAST_FORK_VIRGIN,NULL,3870,GLENDALE,15926,Glendale Canal,Conveyance,1,3870,EAST FORK VIRGIN RIVER,Observational,3` CIPOLETTI WEIR  10% split  BFords,NULL,A,37.3435169727351,-112.60251706063,Scrape,Yes,https://waterrights.utah.gov/cgi-bin/dvrtview.exe?Modinfo=StationView&STATION_ID=3870,1,DAILY_RECORDS,Mean daily discharge in CFS,Mean daily discharge in CFS,1,CFS,32,1991,2025
DUCHESNE,NULL,3889,455 GRAY MOUNTAIN #2,8256,GREY MOUNTAIN #2,Conveyance,3,3889,DUCHESNE RIVER,Observational,,FLOWMETER,A,40.1519613191613,-110.160462004092,Scrape,Yes,https://waterrights.utah.gov/cgi-bin/dvrtview.exe?Modinfo=StationView&STATION_ID=3889,1,DAILY_RECORDS,Mean daily discharge in CFS,Mean daily discharge in CFS,1,CFS,25,1993,2025
USGS,NULL,3913,USGS SURPLUS CANAL,10170500,21ST SOUTH DAM (SURPLUS CANAL),Stream,1,3913,LOWER JORDAN RIVER,Observational,,DIGITAL,A,40.7267821841772,-111.926524945218,Scrape,Yes,https://waterrights.utah.gov/cgi-bin/dvrtview.exe?Modinfo=StationView&STATION_ID=3913,1,DAILY_RECORDS,Mean daily discharge in CFS,Mean daily discharge in CFS,1,CFS,28,1991,2025
LBEAR,NULL,3922,BE07 HOLMGREN & FRED ANDERSON,ACCAp,BE07 - Done; Radio- 207 BEWildlife,Conveyance,1,3922,LOWER BEAR RIVER - BOX ELDER,Observational,Float Sensor,ONOFF,A,41.6333058178863,-112.121854892056,Direct,Yes,https://waterrights.utah.gov/cgi-bin/dvrtview.exe?Modinfo=StationView&STATION_ID=3922,1,DAILY_RECORDS,Mean daily discharge in CFS,Mean daily discharge in CFS,1,CFS,28,1992,2024
USGS,NULL,3924,US FISH AND WILDLIFE,10126000,"BEAR RIVER NEAR CORINNE, UT",Stream,1,3924,LOWER BEAR RIVER - BOX ELDER,Observational,USGS GAGE AT CORINNE,DIGITAL,A,41.5762925412761,-112.100343646651,Scrape,Yes,https://waterrights.utah.gov/cgi-bin/dvrtview.exe?Modinfo=StationView&STATION_ID=3924,1,DAILY_RECORDS,Mean daily discharge in CFS,Mean daily discharge in CFS,1,CFS,9,2009,2025
EMERY,NULL,3958,ELECTRIC LAKE RELEASES,9204,Electric Lake Releases,Reservoir Release,1,3958,HUNTINGTON CREEK,Observational,PARSHALL FLUME,DIGITAL,A,39.5992143264099,-111.209332525493,Scrape,Yes,https://waterrights.utah.gov/cgi-bin/dvrtview.exe?Modinfo=StationView&STATION_ID=3958,1,DAILY_RECORDS,Mean daily discharge in CFS,Mean daily discharge in CFS,1,CFS,39,1982,2025
EMERY,NULL,3969,CCCIC - MILL DITCH (WILCOX-SEELEY),6516,Total flow Mill Ditch,Conveyance,1,3969,COTTONWOOD CREEK,Observational,rated section,DIGITAL,I,39.209116529587,-111.020159263623,Scrape,Yes,https://waterrights.utah.gov/cgi-bin/dvrtview.exe?Modinfo=StationView&STATION_ID=3969,1,DAILY_RECORDS,Mean daily discharge in CFS,Mean daily discharge in CFS,1,CFS,29,1991,2019
BEAR_UPPER,NULL,4016,DAN PEART PUMP,15717,Dan Peart Pump,Conveyance,1,4016,UPPER BEAR,Observational,Strap on Ultrasonic flow Met. (Calib,DIGITAL,A,41.7828680564977,-111.065827474614,Scrape,Yes,https://waterrights.utah.gov/cgi-bin/dvrtview.exe?Modinfo=StationView&STATION_ID=4016,1,DAILY_RECORDS,Mean daily discharge in CFS,Mean daily discharge in CFS,1,CFS,32,1992,2024
EMERY,NULL,4019,FLOW - HAWKS DITCH,6578,Peacock Ditch Diversion Measured After Peacock Pond Separated,Conveyance,1,4019,COTTONWOOD CREEK,Observational,Parshall Flume,NULL,I,NULL,NULL,Scrape,Yes,https://waterrights.utah.gov/cgi-bin/dvrtview.exe?Modinfo=StationView&STATION_ID=4019,1,DAILY_RECORDS,Mean daily discharge in CFS,Mean daily discharge in CFS,1,CFS,24,1992,2021
PRICE_DL,NULL,4020,COTTONWOOD GOOSEBERRY IRRG. CO.,Cottonwood Gooseberry Irrg. Co.,Pakbus 1,Conveyance,1,4020,PRICE RIVER,Observational,5` Parshall Flume,DIGITAL,A,39.6425584250577,-111.318733261543,Direct,Yes,https://waterrights.utah.gov/cgi-bin/dvrtview.exe?Modinfo=StationView&STATION_ID=4020,1,DAILY_RECORDS,Mean daily discharge in CFS,Mean daily discharge in CFS,1,CFS,34,1992,2025
LBEAR,NULL,4107,BE20 BARKER (JOEL FERRY),ACCAj,BE20; Radio- 207 BEWildlife,Conveyance,1,4107,LOWER BEAR RIVER - BOX ELDER,Observational,FLOAT SENSOR,ONOFF,A,41.4731809047148,-112.17665907212,Direct,Yes,https://waterrights.utah.gov/cgi-bin/dvrtview.exe?Modinfo=StationView&STATION_ID=4107,1,DAILY_RECORDS,Mean daily discharge in CFS,Mean daily discharge in CFS,1,CFS,27,1993,2024
USGS,NULL,4347,USGS OGDEN RIVER NR GIBSON AVENUE AT OGDEN UT,10140700,"USGS Ogden River nr Gibson Avenue at Ogden, UT",Stream,1,4347,OGDEN RIVER,Observational,RATED SECTION,NULL,A,41.2320329441209,-111.985839164298,Scrape,Yes,https://waterrights.utah.gov/cgi-bin/dvrtview.exe?Modinfo=StationView&STATION_ID=4347,2,DAILY_RECORDS,MEAN daily discharge in CFS,Mean daily discharge in ACFT,1.98347107,CFS,32,1991,2025
DUCHESNE,NULL,4450,US LAKE FORK,8919,*,Conveyance,NULL,4450,LAKE FORK RIVER,Observational,,NULL,A,40.4367058855876,-110.363434494919,Direct,Yes,https://waterrights.utah.gov/cgi-bin/dvrtview.exe?Modinfo=StationView&STATION_ID=4450,1,DAILY_RECORDS,Mean daily discharge in CFS,Mean daily discharge in CFS,1,CFS,20,1995,2025
DUCHESNE,NULL,4453,SANDWASH CREEK,10284,*,Stream,NULL,4453,LAKE FORK RIVER,Observational,,NULL,A,40.3244721691783,-110.239305190957,Scrape,Yes,https://waterrights.utah.gov/cgi-bin/dvrtview.exe?Modinfo=StationView&STATION_ID=4453,1,DAILY_RECORDS,Mean daily discharge in CFS,Mean daily discharge in CFS,1,CFS,21,1995,2024
USGS,NULL,4477,SEVIER RIVER AT HATCH - USGS,10174500,SEVIER RIVER AT HATCH,Stream,1,4477,SEVIER RIVER,Observational,,DIGITAL,A,37.6667797944823,-112.418735589377,Scrape,Yes,https://waterrights.utah.gov/cgi-bin/dvrtview.exe?Modinfo=StationView&STATION_ID=4477,1,DAILY_RECORDS,Mean daily discharge in CFS,Mean daily discharge in CFS,1,CFS,31,1995,2025
SEVIER_DL,NULL,4478,PANGUITCH LAKE OUTLET,PANGUITCH LAKE OUTLET,PANGUITCH LAKE OUTLET,Reservoir Release,1,4478,SEVIER RIVER,Observational,,DIGITAL,A,37.7257148585569,-112.628150573411,Direct,Yes,https://waterrights.utah.gov/cgi-bin/dvrtview.exe?Modinfo=StationView&STATION_ID=4478,1,DAILY_RECORDS,Mean daily discharge in CFS,Mean daily discharge in CFS,1,CFS,31,1992,2024
USGS,NULL,4481,USGS-EAST FORK SEVIER RIVER NEAR KINGSTON,10189000,East Fork Sevier River near Kingston,Stream,1,4481,SEVIER RIVER,Observational,,DIGITAL,A,38.1966952412312,-112.148080877663,Scrape,Yes,https://waterrights.utah.gov/cgi-bin/dvrtview.exe?Modinfo=StationView&STATION_ID=4481,1,DAILY_RECORDS,Mean daily discharge in CFS,Mean daily discharge in CFS,1,CFS,31,1995,2025
SEVIER,NULL,4483,SHAW WEIR FLOWS,4129,VERMILLION CANAL AT SHAW WEIR,Conveyance,1,4483,SEVIER RIVER,Observational,,DIGITAL,A,38.8864441995251,-111.956586512036,Scrape,Yes,https://waterrights.utah.gov/cgi-bin/dvrtview.exe?Modinfo=StationView&STATION_ID=4483,1,DAILY_RECORDS,Mean daily discharge in CFS,Mean daily discharge in CFS,1,CFS,34,1992,2025
SEVIER,NULL,4485,SEVIER RIVER NEAR SIGURD,4073,Sevier RIver Near Sigurd,Stream,1,4485,SEVIER RIVER,Observational,,DIGITAL,A,38.8721566306755,-111.954106383241,Scrape,Yes,https://waterrights.utah.gov/cgi-bin/dvrtview.exe?Modinfo=StationView&STATION_ID=4485,1,DAILY_RECORDS,Mean daily discharge in CFS,Mean daily discharge in CFS,1,CFS,33,1951,2025
USGS,NULL,4486,SEVIER RIVER BELOW SAN PITCH RIVER,10217000,"USGS SEVIER RIV BLW SAN PITCH RIV NR GUNNISON, UT",Stream,1,4486,SEVIER RIVER,Observational,Rated Section,DIGITAL,A,39.1555100524984,-111.877823286801,Scrape,Yes,https://waterrights.utah.gov/cgi-bin/dvrtview.exe?Modinfo=StationView&STATION_ID=4486,1,DAILY_RECORDS,Mean daily discharge in CFS,Mean daily discharge in CFS,1,CFS,34,1951,2025
USGS,NULL,4487,USGS SEVIER RIVER NEAR JUAB,10219000,"SEVIER RIVER NEAR JUAB, UT",Stream,1,4487,SEVIER RIVER,Observational,,DIGITAL,A,39.3751235824538,-112.039915960904,Scrape,Yes,https://waterrights.utah.gov/cgi-bin/dvrtview.exe?Modinfo=StationView&STATION_ID=4487,1,DAILY_RECORDS,Mean daily discharge in CFS,Mean daily discharge in CFS,1,CFS,34,1947,2025
USGS,NULL,4488,SEVIER RIVER NEAR LYNNDYL,10224000,"USGS SEVIER RIVER NEAR LYNNDYL, UT",Stream,1,4488,SEVIER RIVER,Observational,GAGING STATION W/ HANDAR & RECORDER,DIGITAL,A,39.4818382234892,-112.393804077522,Scrape,Yes,https://waterrights.utah.gov/cgi-bin/dvrtview.exe?Modinfo=StationView&STATION_ID=4488,1,DAILY_RECORDS,Mean daily discharge in CFS,Mean daily discharge in CFS,1,CFS,34,1951,2025
SEVIER,NULL,4489,DELTA-MELVILLE CANAL A,3710,Canal A,Conveyance,1,4489,SEVIER RIVER,Observational,,DIGITAL,A,39.392935253554,-112.488200317204,Scrape,Yes,https://waterrights.utah.gov/cgi-bin/dvrtview.exe?Modinfo=StationView&STATION_ID=4489,1,DAILY_RECORDS,Mean daily discharge in CFS,Mean daily discharge in CFS,1,CFS,31,1994,2025
LBEAR,NULL,4503,SMITHFIELD PRESSURIZED AT THREE CREEKS,AJA,Smithfield Irr off summit creek,Conveyance,1,4503,SUMMIT CREEK,Observational,submerged orifice,FLOWMETER,A,41.8439435068823,-111.81346424517,Direct,Yes,https://waterrights.utah.gov/cgi-bin/dvrtview.exe?Modinfo=StationView&STATION_ID=4503,1,DAILY_RECORDS,Mean daily discharge in CFS,Mean daily discharge in CFS,1,CFS,31,1995,2025
USGS,NULL,4611,USGS MCLEOD CREEK NEAR PARK CITY UTAH,10133600,"Mcleod Creek near Park City, UT",Stream,1,4611,WEBER RIVER,Observational,,NULL,A,40.6879974783515,-111.533716164704,Scrape,Yes,https://waterrights.utah.gov/cgi-bin/dvrtview.exe?Modinfo=StationView&STATION_ID=4611,1,DAILY_RECORDS,Mean daily discharge in CFS,Mean daily discharge in CFS,1,CFS,21,1994,2025
WR_STREAM_GAGES,NULL,4612,SILVER CREEK NEAR WANSHIP,0,In order to access the realtime data in DVRTVIEW the divert station must be tied to a capture station. This is a dummy capture station for DVRT stations getting their data from stream gage programs,Stream,1,4612,WEBER RIVER,Observational,old USGS Gage?,NULL,I,NULL,NULL,Direct,Yes,https://waterrights.utah.gov/cgi-bin/dvrtview.exe?Modinfo=StationView&STATION_ID=4612,1,DAILY_RECORDS,Mean daily discharge in CFS,Mean daily discharge in CFS,1,CFS,5,1996,2020
EMERY,NULL,4624,ELECTRIC LAKE/RES.CONTENTS,6369,UP&L Electric Lake Reservoir Contents,Reservoir,1,4624,HUNTINGTON CREEK,Observational,,DIGITAL,A,39.6006946737653,-111.211779253033,Scrape,Yes,https://waterrights.utah.gov/cgi-bin/dvrtview.exe?Modinfo=StationView&STATION_ID=4624,4,DAILY_RECORDS,Daily Reservoir Storage in ACFT,Daily Reservoir Storage in ACFT,1,ACFT,26,1982,2023
EMERY,NULL,4782,CCCIC - STOCKWATER LINE,6583,Peacock Pond Stockwater line,Conveyance,1,4782,COTTONWOOD CREEK,Observational,Meter,DIGITAL,A,39.2748294240568,-111.186761452499,Scrape,Yes,https://waterrights.utah.gov/cgi-bin/dvrtview.exe?Modinfo=StationView&STATION_ID=4782,3,DAILY_RECORDS,Mean daily discharge in CFS,Mean daily discharge in GPM,448.8,CFS,26,2000,2025
LITTLE COTTONWOOD CR,NULL,4801,SOUTH DESPAIN EXTENSION,South Despain Extension,"Ultra Sonic Flow Meter for 18"" PVC Pipe",Conveyance,1,4801,LITTLE COTTONWOOD CREEK,Observational,Calculation,NULL,A,40.5731373317888,-111.789717110497,Scrape,Yes,https://waterrights.utah.gov/cgi-bin/dvrtview.exe?Modinfo=StationView&STATION_ID=4801,1,DAILY_RECORDS,Mean daily discharge in CFS,Mean daily discharge in CFS,1,CFS,27,1999,2025
CU_SCADA,NULL,4844,0020 CUWCD CHARLESTON,SCADA.HCFLOW.F_CV,Charleston - SCADA River Gauge,Stream,1,4844,PROVO RIVER,Observational,,DIGITAL,A,40.484779378816,-111.463138581654,Scrape,Yes,https://waterrights.utah.gov/cgi-bin/dvrtview.exe?Modinfo=StationView&STATION_ID=4844,1,DAILY_RECORDS,Mean daily discharge in CFS,Mean daily discharge in CFS,1,CFS,29,1995,2023
PRWUA,NULL,4848,0060 PROVO RIVER AQUADUCT,S16_FIT_1M,"Data From:www.prwua.org, To:0060 PROVO RES./MURDOCK CANAL",Conveyance,1,4848,PROVO RIVER,Observational,Ultrasonic meter,DIGITAL,A,40.3247614554589,-111.643022983071,Scrape,Yes,https://waterrights.utah.gov/cgi-bin/dvrtview.exe?Modinfo=StationView&STATION_ID=4848,1,DAILY_RECORDS,Mean daily discharge in CFS,Mean daily discharge in CFS,1,CFS,30,1996,2025
PRWUA,NULL,4849,0070 DUCHESNE TUNNEL,S04_FIT_2M,"Data From:www.prwua.org, To:0070 DUCHESNE TUNNEL",Conveyance,1,4849,PROVO RIVER,Observational,15 Foot Parshall Flume,DIGITAL,A,40.5933819484876,-110.999621585696,Scrape,Yes,https://waterrights.utah.gov/cgi-bin/dvrtview.exe?Modinfo=StationView&STATION_ID=4849,1,DAILY_RECORDS,Mean daily discharge in CFS,Mean daily discharge in CFS,1,CFS,31,1995,2025
CU_SCADA,NULL,4852,0110 HARBOR DRIVE,OREM\HD\ANALOG\FLOW,Harbor Drive - SCADA River Gauge,Stream,1,4852,PROVO RIVER,Observational,,DIGITAL,A,40.2391291772882,-111.711226011012,Scrape,Yes,https://waterrights.utah.gov/cgi-bin/dvrtview.exe?Modinfo=StationView&STATION_ID=4852,1,DAILY_RECORDS,Mean daily discharge in CFS,Mean daily discharge in CFS,1,CFS,28,1996,2025
CU_SCADA,NULL,4853,0459 SIXTH WATER RELEASE,SXFLOW_PUB,"Sixth Water Tunnel, Created by LSR 2022",Conveyance,1,4853,SPANISH FORK RIVER,Observational,Scraped from data provided by CUWCD,DIGITAL,A,40.1173349584131,-111.31432168431,Scrape,Yes,https://waterrights.utah.gov/cgi-bin/dvrtview.exe?Modinfo=StationView&STATION_ID=4853,1,DAILY_RECORDS,Mean daily discharge in CFS,Mean daily discharge in CFS,1,CFS,25,1998,2025
CU_SCADA,NULL,4854,0130 JORDANELLE RELEASE,JD_CALC_STREAM_RELEASE_FCV,Jordanelle - Total Stream Release,Reservoir Release,1,4854,PROVO RIVER,Observational,,DIGITAL,A,40.5966252430582,-111.423668902259,Scrape,Yes,https://waterrights.utah.gov/cgi-bin/dvrtview.exe?Modinfo=StationView&STATION_ID=4854,1,DAILY_RECORDS,Mean daily discharge in CFS,Mean daily discharge in CFS,1,CFS,26,1995,2025
CU_SCADA,NULL,4857,0170 JORDANELLE CONTENT,JD_CALC_RES_CONTENT,Jordanelle Reservoir Content - Acre-Feet,Reservoir,1,4857,PROVO RIVER,Observational,,DIGITAL,A,40.5995689922009,-111.421218901818,Scrape,Yes,https://waterrights.utah.gov/cgi-bin/dvrtview.exe?Modinfo=StationView&STATION_ID=4857,4,DAILY_RECORDS,Daily Reservoir Storage in ACFT,Daily Reservoir Storage in ACFT,1,ACFT,30,1995,2025
CU_SCADA,NULL,4858,0180 TRIAL ELEVATION,TLRESELV_HIST,Trial Lake Elevation,Reservoir,1,4858,PROVO RIVER,Observational,,DIGITAL,A,40.6804230126133,-110.956603054083,Scrape,Yes,https://waterrights.utah.gov/cgi-bin/dvrtview.exe?Modinfo=StationView&STATION_ID=4858,6,DAILY_RECORDS,Daily gage height in FEET,Daily gage height in FEET,1,FEET,20,1997,2024
CU_SCADA,NULL,4859,0190 TRIAL CONTENT,TL_CALC_RES_CONTENT,Trial Lake Reservoir Content,Reservoir,1,4859,PROVO RIVER,Observational,,DIGITAL,A,40.6804568001355,-110.956567768566,Scrape,Yes,https://waterrights.utah.gov/cgi-bin/dvrtview.exe?Modinfo=StationView&STATION_ID=4859,4,DAILY_RECORDS,Daily Reservoir Storage in ACFT,Daily Reservoir Storage in ACFT,1,ACFT,29,1997,2025
CU_SCADA,NULL,4861,0220 TRIAL RELEASE,TLFLOW_HIST,Trial Lake Releases,Reservoir Release,1,4861,PROVO RIVER,Observational,,DIGITAL,A,40.6792325474059,-110.957436067461,Scrape,Yes,https://waterrights.utah.gov/cgi-bin/dvrtview.exe?Modinfo=StationView&STATION_ID=4861,1,DAILY_RECORDS,Mean daily discharge in CFS,Mean daily discharge in CFS,1,CFS,26,1997,2024
CU_SCADA,NULL,4862,0240 LOST ELEVATION,LLRESELV_HIST,Lost Lake Elevation,Reservoir,1,4862,PROVO RIVER,Observational,,DIGITAL,A,40.6745875033162,-110.940010649667,Scrape,Yes,https://waterrights.utah.gov/cgi-bin/dvrtview.exe?Modinfo=StationView&STATION_ID=4862,6,DAILY_RECORDS,Daily gage height in FEET,Daily gage height in FEET,1,FEET,21,1997,2024
CU_SCADA,NULL,4863,0250 LOST CONTENT,LL_CALC_RES_CONTENT,Lost Lake Reservoir Content (AF),Reservoir,1,4863,PROVO RIVER,Observational,,DIGITAL,A,40.6745974057156,-110.93997941512,Scrape,Yes,https://waterrights.utah.gov/cgi-bin/dvrtview.exe?Modinfo=StationView&STATION_ID=4863,4,DAILY_RECORDS,Daily Reservoir Storage in ACFT,Daily Reservoir Storage in ACFT,1,ACFT,29,1997,2025
CU_SCADA,NULL,4865,0280 LOST RELEASE,LLFLOW_HIST,Lost Lake Release,Reservoir Release,1,4865,PROVO RIVER,Observational,,DIGITAL,A,40.6739424940905,-110.942163056661,Scrape,Yes,https://waterrights.utah.gov/cgi-bin/dvrtview.exe?Modinfo=StationView&STATION_ID=4865,1,DAILY_RECORDS,Mean daily discharge in CFS,Mean daily discharge in CFS,1,CFS,26,1997,2024
CU_SCADA,NULL,4866,0300 WASHINGTON ELEVATION,OREM\WL\ANALOG\RES_LVL,Washington Lake Reservoir Elevation,Reservoir,1,4866,PROVO RIVER,Observational,,DIGITAL,A,40.6767133217337,-110.966789788442,Scrape,Yes,https://waterrights.utah.gov/cgi-bin/dvrtview.exe?Modinfo=StationView&STATION_ID=4866,6,DAILY_RECORDS,Daily gage height in FEET,Daily gage height in FEET,1,FEET,20,1997,2025
CU_SCADA,NULL,4867,0310 WASHINGTON CONTENT,WL_CALC_RES_CONTENT,Washington Lake Reservoir Content,Reservoir,1,4867,PROVO RIVER,Observational,,DIGITAL,A,40.6767094979799,-110.966838399327,Scrape,Yes,https://waterrights.utah.gov/cgi-bin/dvrtview.exe?Modinfo=StationView&STATION_ID=4867,4,DAILY_RECORDS,Daily Reservoir Storage in ACFT,Daily Reservoir Storage in ACFT,1,ACFT,29,1997,2025
CU_SCADA,NULL,4869,0340 WASHINGTON RELEASE,OREM\WL\ANALOG\FLOW,Washington Lake Release,Reservoir Release,1,4869,PROVO RIVER,Observational,,DIGITAL,A,40.6762166793643,-110.963509248236,Scrape,Yes,https://waterrights.utah.gov/cgi-bin/dvrtview.exe?Modinfo=StationView&STATION_ID=4869,1,DAILY_RECORDS,Mean daily discharge in CFS,Mean daily discharge in CFS,1,CFS,27,1997,2025
CU_SCADA,NULL,4875,0410 DEER CREEK RES ELEVATION,OREM\DC\ANALOG\RES_LVL,Deer Creek Reservoir Elevation,Reservoir,1,4875,PROVO RIVER,Observational,,DIGITAL,A,40.4072905397934,-111.526629069041,Scrape,Yes,https://waterrights.utah.gov/cgi-bin/dvrtview.exe?Modinfo=StationView&STATION_ID=4875,6,DAILY_RECORDS,Daily gage height in FEET,Daily gage height in FEET,1,FEET,29,1997,2025
PRWUA,NULL,4877,0430 DC AVERAGE AQUEDUCT RELEASE,S14_FIT_11M,"Data From:www.prwua.org, To:0430 DC AVERAGE AQUEDUCT RELEASE",Conveyance,1,4877,PROVO RIVER,Observational,,DIGITAL,I,40.4043066387272,-111.529191102686,Scrape,Yes,https://waterrights.utah.gov/cgi-bin/dvrtview.exe?Modinfo=StationView&STATION_ID=4877,1,DAILY_RECORDS,Mean daily discharge in CFS,Mean daily discharge in CFS,1,CFS,27,1997,2025
CU_SCADA,NULL,4879,0450 DEER CREEK BELOW DEER CREEK DAM,OREM\DC\ANALOG\PD_FLOW,Provo Deer Creek - Inflow(small tributary to Provo River below Deer Creek Dam),Stream,1,4879,PROVO RIVER,Observational,,DIGITAL,A,40.4047450074762,-111.534174632271,Scrape,Yes,https://waterrights.utah.gov/cgi-bin/dvrtview.exe?Modinfo=StationView&STATION_ID=4879,1,DAILY_RECORDS,Mean daily discharge in CFS,Mean daily discharge in CFS,1,CFS,27,1997,2025
CU_SCADA,NULL,4880,0500 JORDANELLE TOTALIZER NO. 1,SCADA.JHJDO1FLOW.F_CV,Jordanelle - Fixed Cone # 1,Reservoir Release,1,4880,PROVO RIVER,Observational,,DIGITAL,I,40.5965763618279,-111.423695729134,Scrape,Yes,https://waterrights.utah.gov/cgi-bin/dvrtview.exe?Modinfo=StationView&STATION_ID=4880,1,DAILY_RECORDS,Mean daily discharge in CFS,Mean daily discharge in CFS,1,CFS,27,1997,2025
CU_SCADA,NULL,4881,0510 JORDANELLE TOTALIZER NO. 2,SCADA.JHJDO2FLOW.F_CV,Jordanelle - Fixed Cone #2,Reservoir Release,1,4881,PROVO RIVER,Observational,,DIGITAL,I,40.5965641383827,-111.423719868219,Scrape,Yes,https://waterrights.utah.gov/cgi-bin/dvrtview.exe?Modinfo=StationView&STATION_ID=4881,1,DAILY_RECORDS,Mean daily discharge in CFS,Mean daily discharge in CFS,1,CFS,27,1997,2025
CU_SCADA,NULL,4882,0520 JORDANELLE JET-FLOW TOTALIZER,SCADA.JDJFFLOW.F_CV,Jordanelle - Bypass Jet-Flow,Reservoir Release,1,4882,PROVO RIVER,Observational,,DIGITAL,I,40.5965735657218,-111.42371138291,Scrape,Yes,https://waterrights.utah.gov/cgi-bin/dvrtview.exe?Modinfo=StationView&STATION_ID=4882,1,DAILY_RECORDS,Mean daily discharge in CFS,Mean daily discharge in CFS,1,CFS,27,1997,2025
CU_SCADA,NULL,4924,1080 OLMSTED INTAKE,SCADA.ODPLFLOW.F_CV,tag for olmsted total diversion from the Provo per Will gardner 12-27-2023,Conveyance,1,4924,PROVO RIVER,Observational,,DIGITAL,A,40.3487688135568,-111.588736377847,Scrape,Yes,https://waterrights.utah.gov/cgi-bin/dvrtview.exe?Modinfo=StationView&STATION_ID=4924,1,DAILY_RECORDS,Mean daily discharge in CFS,Mean daily discharge in CFS,1,CFS,26,1997,2024
CU_SCADA,NULL,4954,0460 STRAWBERRY TUNNEL,ST2FLOW_PUB,"Strawberry Tunnel Plunger Valve, Created by LSR 2022",Conveyance,1,4954,SPANISH FORK RIVER,Observational,"Scraped from CUWCD, see schematic",DIGITAL,A,40.1652637796965,-111.194456384073,Scrape,Yes,https://waterrights.utah.gov/cgi-bin/dvrtview.exe?Modinfo=StationView&STATION_ID=4954,1,DAILY_RECORDS,Mean daily discharge in CFS,Mean daily discharge in CFS,1,CFS,22,1998,2025
USGS,NULL,5138,USGS GOGGIN DRAIN,10172630,GOGGIN Drain Data from USGS station 10172630,Stream,1,5138,LOWER JORDAN RIVER,Observational,,DIGITAL,A,40.8167502514061,-112.10141633122,Scrape,Yes,https://waterrights.utah.gov/cgi-bin/dvrtview.exe?Modinfo=StationView&STATION_ID=5138,1,DAILY_RECORDS,Mean daily discharge in CFS,Mean daily discharge in CFS,1,CFS,16,2010,2025
MILLCREEK2,NULL,5229,MOAB IRR CO DIVERSION 3,C,MIC3,Conveyance,1,5229,MILL CREEK (MOAB),Observational,Seametrics Electromagnetic Meter,FLOWMETER,A,38.5608304622015,-109.522944772783,Direct,Yes,https://waterrights.utah.gov/cgi-bin/dvrtview.exe?Modinfo=StationView&STATION_ID=5229,1,DAILY_RECORDS,Mean daily discharge in CFS,Mean daily discharge in CFS,1,CFS,26,2000,2025
MILLCREEK2,NULL,5230,MOAB IRR CO DIVERSION 2,B,MIC 2,Conveyance,1,5230,MILL CREEK (MOAB),Observational,Dynosonic Flow Meter (2016),FLOWMETER,A,38.5623442292073,-109.529279965014,Direct,Yes,https://waterrights.utah.gov/cgi-bin/dvrtview.exe?Modinfo=StationView&STATION_ID=5230,1,DAILY_RECORDS,Mean daily discharge in CFS,Mean daily discharge in CFS,1,CFS,26,2000,2025
USGS,NULL,5259,00  CORINNE,10126000,"BEAR RIVER NEAR CORINNE, UT",Stream,1,5259,LOWER BEAR RIVER,Observational,,NULL,A,41.5762759942822,-112.10072669662,Scrape,Yes,https://waterrights.utah.gov/cgi-bin/dvrtview.exe?Modinfo=StationView&STATION_ID=5259,1,DAILY_RECORDS,Mean daily discharge in CFS,Mean daily discharge in CFS,1,CFS,24,2001,2025
CU_SCADA,NULL,5265,0461 STRAWBERRY TUNNEL 20-INCH BYPASS,DF_SYS\SYAR_INLET\STBPFLOW\FLOW_PV,"Strawberry Tunnel Bypass Flow, Created By LSR 2022",Conveyance,1,5265,SPANISH FORK RIVER,Observational,"Scraped from CUWCD, see schematic",DIGITAL,A,40.1654790040609,-111.188576338601,Scrape,Yes,https://waterrights.utah.gov/cgi-bin/dvrtview.exe?Modinfo=StationView&STATION_ID=5265,1,DAILY_RECORDS,Mean daily discharge in CFS,Mean daily discharge in CFS,1,CFS,26,2000,2025
CU_SCADA,NULL,8374,SPRING CREEK BELOW HIGHWAY 113,HEBER.DMSCFLOW.F_CV,Spring Creek - Inflow,Stream,1,8374,PROVO RIVER,Observational,,DIGITAL,A,40.5082563764365,-111.439944044915,Scrape,Yes,https://waterrights.utah.gov/cgi-bin/dvrtview.exe?Modinfo=StationView&STATION_ID=8374,1,DAILY_RECORDS,Mean daily discharge in CFS,Mean daily discharge in CFS,1,CFS,20,2001,2024
LITTLE COTTONWOOD CR,NULL,8452,BROWN DITCH,Brown Ditch,Depth / Velocity Sensor in box culvert,Conveyance,1,8452,LITTLE COTTONWOOD CREEK,Observational,Velocity / Depth Sensor,NULL,A,40.6397918701119,-111.862877255068,Direct,Yes,https://waterrights.utah.gov/cgi-bin/dvrtview.exe?Modinfo=StationView&STATION_ID=8452,1,DAILY_RECORDS,Mean daily discharge in CFS,Mean daily discharge in CFS,1,CFS,17,2000,2025
MWDSLS,NULL,8456,WTP TAILRACE,5,LCC LCWTP,Conveyance,1,8456,LITTLE COTTONWOOD CREEK,Observational,Flow Meter,NULL,A,40.5848910733659,-111.800729117052,Scrape,Yes,https://waterrights.utah.gov/cgi-bin/dvrtview.exe?Modinfo=StationView&STATION_ID=8456,1,DAILY_RECORDS,Mean daily discharge in CFS,Mean daily discharge in CFS,1,CFS,25,2000,2025
USGS,NULL,8476,USGS WEBER RIVER NEAR OAKLEY UTAH,10128500,"USGS Weber River near Oakley, UT",Stream,1,8476,WEBER RIVER,Observational,RATED SECTION,NULL,A,40.7371565033198,-111.247573461185,Scrape,Yes,https://waterrights.utah.gov/cgi-bin/dvrtview.exe?Modinfo=StationView&STATION_ID=8476,1,DAILY_RECORDS,Mean daily discharge in CFS,Mean daily discharge in CFS,1,CFS,22,1998,2025
DUCHESNE,NULL,8489,180_NEW_TABBY_CANAL_HEAD,8463,Tabby Canal,Conveyance,4,8489,DUCHESNE RIVER,Observational,,FLOWMETER,A,40.3899008034057,-110.750823118345,Scrape,Yes,https://waterrights.utah.gov/cgi-bin/dvrtview.exe?Modinfo=StationView&STATION_ID=8489,1,DAILY_RECORDS,Mean daily discharge in CFS,Mean daily discharge in CFS,1,CFS,21,2005,2025
DUCHESNE,NULL,8490,180_NEW_TABBY_CANAL_OVERFLOW,8463,Tabby Canal,Dry Dam Release,6,8490,DUCHESNE RIVER,Observational,,FLOWMETER,A,40.3838856412096,-110.744706116362,Scrape,Yes,https://waterrights.utah.gov/cgi-bin/dvrtview.exe?Modinfo=StationView&STATION_ID=8490,1,DAILY_RECORDS,Mean daily discharge in CFS,Mean daily discharge in CFS,1,CFS,21,2005,2025
CU_SCADA,NULL,8493,270_UPPER_STILLWATER_SOUTH_FORK_BYPASS,DD18FLOW_HIST,Upper Stillwater South Fork Bypass,Dry Dam Release,4,8493,DUCHESNE RIVER,Observational,,DIGITAL,A,40.5509749807344,-110.707908991796,Scrape,Yes,https://waterrights.utah.gov/cgi-bin/dvrtview.exe?Modinfo=StationView&STATION_ID=8493,1,DAILY_RECORDS,Mean daily discharge in CFS,Mean daily discharge in CFS,1,CFS,25,2001,2025
CU_SCADA,NULL,8494,370_ORCHARD_MESA_CANAL_(HEAD),KDOMFLOW_HIST,http://data.cuwcd.com/external.aspx?pID=OrchardMesa,Conveyance,3,8494,DUCHESNE RIVER,Observational,,FLOWMETER,A,40.2398090994677,-110.411697881018,Scrape,Yes,https://waterrights.utah.gov/cgi-bin/dvrtview.exe?Modinfo=StationView&STATION_ID=8494,1,DAILY_RECORDS,Mean daily discharge in CFS,Mean daily discharge in CFS,1,CFS,26,2000,2025
GREENRIV,NULL,8509,THAYNS DIVERSION,Thayns Diversion,Base Station - Radio 202:2 - Pakbus 3,Conveyance,1,8509,GREEN RIVER,Observational,4 foot parshall flume/ shaft encoder,DIGITAL,A,39.0756357342208,-110.147888364082,Direct,Yes,https://waterrights.utah.gov/cgi-bin/dvrtview.exe?Modinfo=StationView&STATION_ID=8509,1,DAILY_RECORDS,Mean daily discharge in CFS,Mean daily discharge in CFS,1,CFS,21,2003,2025
GREENRIV,NULL,8511,GREEN RIVER CANAL COMPANY,Green River Flow,Radio 202:2 - Pakbus 2,Conveyance,1,8511,GREEN RIVER,Observational,MACE Agriflo with SDI12 interface,DIGITAL,A,39.0746606818184,-110.146943727976,Direct,Yes,https://waterrights.utah.gov/cgi-bin/dvrtview.exe?Modinfo=StationView&STATION_ID=8511,1,DAILY_RECORDS,Mean daily discharge in CFS,Mean daily discharge in CFS,1,CFS,22,2003,2025
UINTAH,NULL,8945,STEINAKER SERVICE CANAL,10535,,Conveyance,1,8945,ASHLEY CREEK,Observational,,FLOWMETER,A,40.5051515141038,-109.534038322585,Scrape,Yes,https://waterrights.utah.gov/cgi-bin/dvrtview.exe?Modinfo=StationView&STATION_ID=8945,1,DAILY_RECORDS,Mean daily discharge in CFS,Mean daily discharge in CFS,1,CFS,22,2002,2025
BEAR_UPPER,NULL,8955,G. R. PEART PUMP,15719,G.R. Peart Pump,Conveyance,1,8955,UPPER BEAR,Observational,,NULL,A,41.5855400487272,-111.144454994653,Scrape,Yes,https://waterrights.utah.gov/cgi-bin/dvrtview.exe?Modinfo=StationView&STATION_ID=8955,1,DAILY_RECORDS,Mean daily discharge in CFS,Mean daily discharge in CFS,1,CFS,23,2003,2025
BEAR_UPPER,NULL,8956,HOFFMAN BROTHERS RANCH PUMP,15721,Hoffman Brothers Ranch Pump,Conveyance,1,8956,UPPER BEAR,Observational,Strap on Ultrasonic flow meter,NULL,A,41.6546059597382,-111.142434340104,Scrape,Yes,https://waterrights.utah.gov/cgi-bin/dvrtview.exe?Modinfo=StationView&STATION_ID=8956,1,DAILY_RECORDS,Mean daily discharge in CFS,Mean daily discharge in CFS,1,CFS,22,2003,2024
PRICE_DL,NULL,8961,NORTH CARBON GROUP,North Carbon Group,North Carbon Group,Conveyance,1,8961,PRICE RIVER,Observational,,FLOWMETER,A,39.702053207882,-110.8662056523,Direct,Yes,https://waterrights.utah.gov/cgi-bin/dvrtview.exe?Modinfo=StationView&STATION_ID=8961,1,DAILY_RECORDS,Mean daily discharge in CFS,Mean daily discharge in CFS,1,CFS,23,2003,2025
UJORDAN,NULL,8996,04.01.02 JORDAN RIVER STATION NO. 1,1,Jordan River Station No. 1,Stream,1,8996,UTAH LAKE/JORDAN RIVER,Observational,,DIGITAL,A,40.4443311433963,-111.922095938806,Direct,Yes,https://waterrights.utah.gov/cgi-bin/dvrtview.exe?Modinfo=StationView&STATION_ID=8996,1,DAILY_RECORDS,Mean daily discharge in CFS,Mean daily discharge in CFS,1,CFS,22,2004,2025
PROVO,NULL,9173,SHINGLE CREEK,SHINGLE CREEK,Shingle Creek to Provo,Conveyance,1,9173,PROVO RIVER,Observational,12 foot suppressed rectangular weir,NULL,A,40.6094209211317,-111.121301092481,Direct,Yes,https://waterrights.utah.gov/cgi-bin/dvrtview.exe?Modinfo=StationView&STATION_ID=9173,1,DAILY_RECORDS,Mean daily discharge in CFS,Mean daily discharge in CFS,1,CFS,15,2011,2025
UINTAH,NULL,9174,LEIDY DITCH,10590,Leidy Peak Ditch,Conveyance,1,9174,ASHLEY CREEK,Observational,30-inch ramp flume,FLOWMETER,A,40.7721581543594,-109.789334816949,Scrape,Yes,https://waterrights.utah.gov/cgi-bin/dvrtview.exe?Modinfo=StationView&STATION_ID=9174,1,DAILY_RECORDS,Mean daily discharge in CFS,Mean daily discharge in CFS,1,CFS,23,2003,2025
MWDSLS,NULL,9176,FARMERS GATE,6,LCC Farmers Gate,Conveyance,1,9176,LITTLE COTTONWOOD CREEK,Observational,Flow Meter,FLOWMETER,A,40.5848931099161,-111.800726435388,Scrape,Yes,https://waterrights.utah.gov/cgi-bin/dvrtview.exe?Modinfo=StationView&STATION_ID=9176,1,DAILY_RECORDS,Mean daily discharge in CFS,Mean daily discharge in CFS,1,CFS,23,2003,2025
MWDSLS,NULL,9177,SANDY DITCH SIPHON,7,LCC Sandy Ditch Siphon,Conveyance,1,9177,LITTLE COTTONWOOD CREEK,Observational,Flow Meter,FLOWMETER,A,40.5844536129805,-111.800820710819,Scrape,Yes,https://waterrights.utah.gov/cgi-bin/dvrtview.exe?Modinfo=StationView&STATION_ID=9177,1,DAILY_RECORDS,Mean daily discharge in CFS,Mean daily discharge in CFS,1,CFS,23,2003,2025
EMERY,NULL,9181,HCIC SEELEY AND COLLARD DIVERSION (DAILY RECORDS),6607,HCIC SEELEY COLLARD DIVERSION METER,Conveyance,1,9181,HUNTINGTON CREEK,Observational,Inline flow meter,DIGITAL,A,39.3624573664886,-111.045870786471,Scrape,Yes,https://waterrights.utah.gov/cgi-bin/dvrtview.exe?Modinfo=StationView&STATION_ID=9181,1,DAILY_RECORDS,Mean daily discharge in CFS,Mean daily discharge in CFS,1,CFS,23,2002,2025
EMERY,NULL,9226,CCCIC - MUNICIPAL - SPECIAL SERVICE DISTRICT,5966,Peacock Pond Culinary CVSSD,Conveyance,1,9226,COTTONWOOD CREEK,Observational,Meter,DIGITAL,A,39.274829426902,-111.186799003576,Scrape,Yes,https://waterrights.utah.gov/cgi-bin/dvrtview.exe?Modinfo=StationView&STATION_ID=9226,1,DAILY_RECORDS,Mean daily discharge in CFS,Mean daily discharge in CFS,1,CFS,22,2004,2025
EMERY,NULL,9242,HUNTINGTON RES. RELEASES,6476,Huntington Reservoir Releases,Reservoir Release,1,9242,HUNTINGTON CREEK,Observational,,DIGITAL,A,39.5841919292071,-111.261993667993,Scrape,Yes,https://waterrights.utah.gov/cgi-bin/dvrtview.exe?Modinfo=StationView&STATION_ID=9242,1,DAILY_RECORDS,Mean daily discharge in CFS,Mean daily discharge in CFS,1,CFS,20,2005,2024
EMERY,NULL,9243,HUNTINGTON RES. CONTENT,6470,Huntington Reservoir Contents,Reservoir,1,9243,HUNTINGTON CREEK,Observational,,DIGITAL,A,39.5850827484828,-111.262750601114,Scrape,Yes,https://waterrights.utah.gov/cgi-bin/dvrtview.exe?Modinfo=StationView&STATION_ID=9243,4,DAILY_RECORDS,Daily Reservoir Storage in ACFT,Daily Reservoir Storage in ACFT,1,ACFT,16,2008,2023
EMERY,NULL,9244,MILLERS FLAT RES. CONTENT,9188,Miller Flat Reservoir Contents,Reservoir,1,9244,HUNTINGTON CREEK,Observational,Staff Gage,DIGITAL,A,39.5405891281137,-111.242750189777,Scrape,Yes,https://waterrights.utah.gov/cgi-bin/dvrtview.exe?Modinfo=StationView&STATION_ID=9244,4,DAILY_RECORDS,Daily Reservoir Storage in ACFT,Daily Reservoir Storage in ACFT,1,ACFT,16,2008,2023
EMERY,NULL,9245,MILLERS FLAT RES. RELEASES,6525,Miller Flat Reservoir Outflow,Reservoir Release,1,9245,HUNTINGTON CREEK,Observational,Flume,DIGITAL,A,39.5409308701372,-111.241655809316,Scrape,Yes,https://waterrights.utah.gov/cgi-bin/dvrtview.exe?Modinfo=StationView&STATION_ID=9245,1,DAILY_RECORDS,Mean daily discharge in CFS,Mean daily discharge in CFS,1,CFS,22,2004,2025
EMERY,NULL,9246,ROLFSON RES. CONTENT,9198,Rolfson Reservoir Content,Reservoir,1,9246,HUNTINGTON CREEK,Observational,Staff Gage,DIGITAL,A,39.5601619356896,-111.255802308967,Scrape,Yes,https://waterrights.utah.gov/cgi-bin/dvrtview.exe?Modinfo=StationView&STATION_ID=9246,4,DAILY_RECORDS,Daily Reservoir Storage in ACFT,Daily Reservoir Storage in ACFT,1,ACFT,18,2008,2025
EMERY,NULL,9248,ROLFSON RES. RELEASE,6029,Rolfson Reservoir Releases,Reservoir Release,1,9248,HUNTINGTON CREEK,Observational,Flume,DIGITAL,A,39.5599650824936,-111.255142999757,Scrape,Yes,https://waterrights.utah.gov/cgi-bin/dvrtview.exe?Modinfo=StationView&STATION_ID=9248,1,DAILY_RECORDS,Mean daily discharge in CFS,Mean daily discharge in CFS,1,CFS,20,2005,2024
UJORDAN,NULL,9256,06.02 UTAH & SALT LAKE CANAL (TOTAL),0,Utah and Salt Lake Canal,Conveyance,1,9256,UTAH LAKE/JORDAN RIVER,Observational,,DIGITAL,A,40.4447694296978,-111.923862542526,Direct,Yes,https://waterrights.utah.gov/cgi-bin/dvrtview.exe?Modinfo=StationView&STATION_ID=9256,1,DAILY_RECORDS,Mean daily discharge in CFS,Mean daily discharge in CFS,1,CFS,20,2004,2025
UJORDAN,NULL,9274,06.03 EAST JORDAN CANAL (TOTAL),2,East Jordan Canal,Conveyance,1,9274,UTAH LAKE/JORDAN RIVER,Observational,RATED SECTION,DIGITAL,A,40.445373674401,-111.921524225694,Direct,Yes,https://waterrights.utah.gov/cgi-bin/dvrtview.exe?Modinfo=StationView&STATION_ID=9274,1,DAILY_RECORDS,Mean daily discharge in CFS,Mean daily discharge in CFS,1,CFS,20,2004,2025
UJORDAN,NULL,9275,07.01 JORDAN & SALT LAKE CANAL (SLC) (57-7624) CFS,B4,Jordan and Salt Lake Canal,Conveyance,1,9275,UTAH LAKE/JORDAN RIVER,Observational,"10 ft Ramp Flume, always submerged",DIGITAL,A,40.4615578605982,-111.9319671034,Direct,Yes,https://waterrights.utah.gov/cgi-bin/dvrtview.exe?Modinfo=StationView&STATION_ID=9275,1,DAILY_RECORDS,Mean daily discharge in CFS,Mean daily discharge in CFS,1,CFS,22,2004,2025
JORDAN,NULL,9283,10 NORTH JORDAN CANAL (TOTAL),10 NORTH JORDAN CANAL (TOTAL),North Jordan Canal,Conveyance,1,9283,UTAH LAKE/JORDAN RIVER,Observational,Parshall Flume,DIGITAL,A,40.6091770598441,-111.924383823793,Direct,Yes,https://waterrights.utah.gov/cgi-bin/dvrtview.exe?Modinfo=StationView&STATION_ID=9283,1,DAILY_RECORDS,Mean daily discharge in CFS,Mean daily discharge in CFS,1,CFS,20,2004,2025
BEAVER_MT,NULL,9296,3 CK. RES. STORAGE IN ACFT,0,Three Creeks Reservoir,Reservoir,1,9296,BEAVER RIVER,Observational,STAFF GAUGE on upstream dam face,DIGITAL,A,38.296501322328,-112.420607667284,Direct,Yes,https://waterrights.utah.gov/cgi-bin/dvrtview.exe?Modinfo=StationView&STATION_ID=9296,4,DAILY_RECORDS,Daily Reservoir Storage in ACFT,Daily Reservoir Storage in ACFT,1,ACFT,18,2005,2025
ROCKY_FORD,NULL,9301,MINERSVILLE RES. STORAGE FOR EA. DAY MEASURED,16059,Minersville Storage,Reservoir,1,9301,BEAVER RIVER,Observational,ResvrStaff Gauge (new)convert to AF,DIGITAL,A,38.2171198639794,-112.835575117095,Scrape,Yes,https://waterrights.utah.gov/cgi-bin/dvrtview.exe?Modinfo=StationView&STATION_ID=9301,4,DAILY_RECORDS,Daily Reservoir Storage in ACFT,Daily Reservoir Storage in ACFT,1,ACFT,8,2006,2025
LBEAR,NULL,9305,08A REESE-BALLARD,AEl,"08 & 08A -, Radio - 204 Munk",Conveyance,2,9305,LOWER BEAR RIVER,Observational,Ultrasonic Flow Sensor,FLOWMETER,A,41.8094357431511,-111.901512378915,Direct,Yes,https://waterrights.utah.gov/cgi-bin/dvrtview.exe?Modinfo=StationView&STATION_ID=9305,1,DAILY_RECORDS,Mean daily discharge in CFS,Mean daily discharge in CFS,1,CFS,21,2005,2025
LBEAR,NULL,9308,13A SPACKMAN-BUTTARS,AAj,"13 & 13A -, Radio - 206 Gravel Pit",Conveyance,2,9308,LOWER BEAR RIVER,Observational,Ultrasonic Flow Sensor,FLOWMETER,A,41.9079766429688,-111.894836422068,Direct,Yes,https://waterrights.utah.gov/cgi-bin/dvrtview.exe?Modinfo=StationView&STATION_ID=9308,1,DAILY_RECORDS,Mean daily discharge in CFS,Mean daily discharge in CFS,1,CFS,21,2005,2025
MWDSLS,NULL,9326,WTP CREEKSIDE DIVERSION,10,LCC LCWTP Creek Intake,Conveyance,1,9326,LITTLE COTTONWOOD CREEK,Observational,Flow Meter,NULL,A,40.5794701353337,-111.798743449821,Scrape,Yes,https://waterrights.utah.gov/cgi-bin/dvrtview.exe?Modinfo=StationView&STATION_ID=9326,1,DAILY_RECORDS,Mean daily discharge in CFS,Mean daily discharge in CFS,1,CFS,11,2015,2025
LITTLE COTTONWOOD CR,NULL,9328,SOUTH DESPAIN OVERFLOW,South Despain Overflow,Pressure Transducer at 4' half contracted weir,Dry Dam Release,1,9328,LITTLE COTTONWOOD CREEK,Observational,4 Foot Weir,NULL,A,40.5731359522368,-111.789758137234,Direct,Yes,https://waterrights.utah.gov/cgi-bin/dvrtview.exe?Modinfo=StationView&STATION_ID=9328,1,DAILY_RECORDS,Mean daily discharge in CFS,Mean daily discharge in CFS,1,CFS,17,2005,2025
LBEAR,NULL,9416,47  RICH (NORTH PUMP),AAk,"47 -, Radio - 206 Gravel Pit",Conveyance,2,9416,LOWER BEAR RIVER,Observational,Dynasonic Flow Sensor,FLOWMETER,A,41.8889458043826,-111.86953279312,Direct,Yes,https://waterrights.utah.gov/cgi-bin/dvrtview.exe?Modinfo=StationView&STATION_ID=9416,1,DAILY_RECORDS,Mean daily discharge in CFS,Mean daily discharge in CFS,1,CFS,20,2006,2025
LBEAR,NULL,9417,55B TODD BALLARD,Ag,"55b, 51 -, Radio - 202 UP&L",Conveyance,3,9417,LOWER BEAR RIVER,Observational,Ultrasonic Flow Sensor,FLOWMETER,A,41.8255668875712,-111.951668259414,Direct,Yes,https://waterrights.utah.gov/cgi-bin/dvrtview.exe?Modinfo=StationView&STATION_ID=9417,1,DAILY_RECORDS,Mean daily discharge in CFS,Mean daily discharge in CFS,1,CFS,19,2006,2024
LITTLEBEAR,NULL,9424,NIBLEY BLACKSMITH FORK CANAL,A,Radio - 210 Nibley,Conveyance,1,9424,BLACKSMITH FORK RIVER,Observational,8` Parshall flume,STAGE,A,41.6455617214453,-111.818573636188,Direct,Yes,https://waterrights.utah.gov/cgi-bin/dvrtview.exe?Modinfo=StationView&STATION_ID=9424,1,DAILY_RECORDS,Mean daily discharge in CFS,Mean daily discharge in CFS,1,CFS,20,2006,2025
CU_SCADA,NULL,9438,UTAH LAKE STORAGE CONTENTS (FROM CUWCD REALTIME DATA),OREM\UL\ANALOG\DEPTH0,Utah Lake - Elv Below Compromise,Reservoir,1,9438,UTAH LAKE/JORDAN RIVER,Observational,,STAGE,A,40.2537339185306,-111.805859047205,Scrape,Yes,https://waterrights.utah.gov/cgi-bin/dvrtview.exe?Modinfo=StationView&STATION_ID=9438,4,DAILY_RECORDS,Daily Reservoir Storage in ACFT,Daily Reservoir Storage in ACFT,1,ACFT,20,2006,2025
EMERY,NULL,9448,CLEVELAND RSVR RELEASES,8953,Cleveland Reservoir Releases,Reservoir Release,1,9448,HUNTINGTON CREEK,Observational,,DIGITAL,A,39.575895959602,-111.238206504061,Scrape,Yes,https://waterrights.utah.gov/cgi-bin/dvrtview.exe?Modinfo=StationView&STATION_ID=9448,1,DAILY_RECORDS,Mean daily discharge in CFS,Mean daily discharge in CFS,1,CFS,22,2004,2025
DUCHESNE,NULL,9450,249 WPPBB PIPE,8937,WPPBB PIPE,Conveyance,3,9450,DUCHESNE RIVER,Observational,Meter,DIGITAL,A,40.3072146607767,-110.643678198394,Scrape,Yes,https://waterrights.utah.gov/cgi-bin/dvrtview.exe?Modinfo=StationView&STATION_ID=9450,1,DAILY_RECORDS,Mean daily discharge in CFS,Mean daily discharge in CFS,1,CFS,19,2007,2025
BEAR_UPL,NULL,9451,BEAR R. BELOW STEWART DAM,Bear R. below Stewar,Bear R. below Stewart Dam,Stream,1,9451,BEAR RIVER (UPL),Observational,,NULL,A,NULL,NULL,Scrape,Yes,https://waterrights.utah.gov/cgi-bin/dvrtview.exe?Modinfo=StationView&STATION_ID=9451,1,DAILY_RECORDS,Mean daily discharge in CFS,Mean daily discharge in CFS,1,CFS,21,2007,2025
BEAR_UPL,NULL,9453,DINGLE INLET CANAL NEAR DINGLE,Dingle Inlet Canal Near Dingle (CFS),,Conveyance,1,9453,BEAR RIVER (UPL),Observational,,NULL,A,NULL,NULL,Scrape,Yes,https://waterrights.utah.gov/cgi-bin/dvrtview.exe?Modinfo=StationView&STATION_ID=9453,1,DAILY_RECORDS,Mean daily discharge in CFS,Mean daily discharge in CFS,1,CFS,5,2021,2025
BEAR_UPL,NULL,9455,RAINBOW INLET CANAL NEAR DINGLE,Rainbow Inlet Canal,RAINBOW INLET CANAL NEAR DINGLE,Conveyance,1,9455,BEAR RIVER (UPL),Observational,,NULL,A,NULL,NULL,Scrape,Yes,https://waterrights.utah.gov/cgi-bin/dvrtview.exe?Modinfo=StationView&STATION_ID=9455,1,DAILY_RECORDS,Mean daily discharge in CFS,Mean daily discharge in CFS,1,CFS,20,2007,2025
BEAR_UPL,NULL,9456,BEAR LAKE OUTLET CANAL,Bear Lake Outlet Can,BEAR LAKE OUTLET CANAL,Reservoir Release,1,9456,BEAR RIVER (UPL),Observational,,NULL,A,42.1705034091352,-111.325004522959,Scrape,Yes,https://waterrights.utah.gov/cgi-bin/dvrtview.exe?Modinfo=StationView&STATION_ID=9456,1,DAILY_RECORDS,Mean daily discharge in CFS,Mean daily discharge in CFS,1,CFS,19,2007,2025
BEAR_UPL,NULL,9457,BEAR R. AT SODA SPRINGS,Bear R. At Soda Spri,Bear R. At Soda Springs,Stream,1,9457,BEAR RIVER (UPL),Observational,,NULL,A,NULL,NULL,Scrape,Yes,https://waterrights.utah.gov/cgi-bin/dvrtview.exe?Modinfo=StationView&STATION_ID=9457,1,DAILY_RECORDS,Mean daily discharge in CFS,Mean daily discharge in CFS,1,CFS,21,2007,2025
BEAR_UPL,NULL,9458,BEAR R. AT ALEXANDER,Bear R. At Alexander,BEAR R. AT ALEXANDER,Stream,1,9458,BEAR RIVER (UPL),Observational,,NULL,A,-14.1131589787821,-70.6897091301832,Scrape,Yes,https://waterrights.utah.gov/cgi-bin/dvrtview.exe?Modinfo=StationView&STATION_ID=9458,1,DAILY_RECORDS,Mean daily discharge in CFS,Mean daily discharge in CFS,1,CFS,22,2007,2025
BEAR_UPL,NULL,9460,BEAR LAKE CONTENTS,Bear Lake Contents,Bear Lake Contents,Reservoir,1,9460,BEAR RIVER (UPL),Observational,,NULL,A,41.9937837333441,-111.33689717301,Scrape,Yes,https://waterrights.utah.gov/cgi-bin/dvrtview.exe?Modinfo=StationView&STATION_ID=9460,4,DAILY_RECORDS,Daily Reservoir Storage in ACFT,Daily Reservoir Storage in ACFT,1,ACFT,19,2007,2025
CU_SCADA,NULL,9476,1087 OLM TO UTAH PLANT,FIX.FIT_1240_1250_COMBINED.F_CV,DACRWTP - Ozone Inflow,Conveyance,1,9476,PROVO RIVER,Observational,,DIGITAL,I,40.3493598195025,-111.588618818817,Scrape,Yes,https://waterrights.utah.gov/cgi-bin/dvrtview.exe?Modinfo=StationView&STATION_ID=9476,1,DAILY_RECORDS,Mean daily discharge in CFS,Mean daily discharge in CFS,1,CFS,13,2006,2019
CU_SCADA,NULL,9477,1088 OLM TO JORDAN AQUEDUCT,OREM\DS\FLOW\UV1J4\PV,JA4 - Diversion/Inflow,Conveyance,1,9477,PROVO RIVER,Observational,,DIGITAL,A,40.3487670973559,-111.588733713514,Scrape,Yes,https://waterrights.utah.gov/cgi-bin/dvrtview.exe?Modinfo=StationView&STATION_ID=9477,1,DAILY_RECORDS,Mean daily discharge in CFS,Mean daily discharge in CFS,1,CFS,15,2006,2025
CU_SCADA,NULL,9478,1089 OLM TO ALPINE AQUEDUCT,OREM\DS\FLOW\UV1AA3\PV,AA3Bypass - MV4 -Diversion/In,Conveyance,1,9478,PROVO RIVER,Observational,,DIGITAL,A,40.3487691446309,-111.588727973265,Scrape,Yes,https://waterrights.utah.gov/cgi-bin/dvrtview.exe?Modinfo=StationView&STATION_ID=9478,1,DAILY_RECORDS,Mean daily discharge in CFS,Mean daily discharge in CFS,1,CFS,15,2006,2025
CU_SCADA,NULL,9479,0038 WEBER CANAL (PARSHALL),SCADA.WCFLOW-P.F_CV,Weber Canal Parshall Flume Measurement,Conveyance,1,9479,PROVO RIVER,Observational,Parshall Flume,DIGITAL,A,40.6100172703834,-111.305506829266,Scrape,Yes,https://waterrights.utah.gov/cgi-bin/dvrtview.exe?Modinfo=StationView&STATION_ID=9479,1,DAILY_RECORDS,Mean daily discharge in CFS,Mean daily discharge in CFS,1,CFS,20,2006,2025
CU_SCADA,NULL,9480,0039 WEBER CANAL (CIPOLLETTI),SCADA.WCFLOW-C.F_CV,Weber Canal Cipolletti Weir Measurement,Conveyance,1,9480,PROVO RIVER,Observational,Cipoletti Weir,DIGITAL,A,40.610008392255,-111.305505098436,Scrape,Yes,https://waterrights.utah.gov/cgi-bin/dvrtview.exe?Modinfo=StationView&STATION_ID=9480,1,DAILY_RECORDS,Mean daily discharge in CFS,Mean daily discharge in CFS,1,CFS,20,2006,2025
PRWUA,NULL,9481,0418 DC RIGHT PENSTOCK RELEASE,S14_FIT_2M,"Data From:www.prwua.org, To:0418 DC RIGHT PENSTOCK RELEASE",Hydropower,1,9481,PROVO RIVER,Observational,,DIGITAL,A,40.4043290249466,-111.528570982329,Scrape,Yes,https://waterrights.utah.gov/cgi-bin/dvrtview.exe?Modinfo=StationView&STATION_ID=9481,1,DAILY_RECORDS,Mean daily discharge in CFS,Mean daily discharge in CFS,1,CFS,20,2006,2025
PRWUA,NULL,9482,0419 DC LEFT PENSTOCK RELEASE,S14_FIT_3M,"Data From:www.prwua.org, To:0419 DC LEFT PENSTOCK RELEASE",Hydropower,1,9482,PROVO RIVER,Observational,,DIGITAL,A,40.4043085957725,-111.528597809831,Scrape,Yes,https://waterrights.utah.gov/cgi-bin/dvrtview.exe?Modinfo=StationView&STATION_ID=9482,1,DAILY_RECORDS,Mean daily discharge in CFS,Mean daily discharge in CFS,1,CFS,20,2006,2025
CU_SCADA,NULL,9483,380 STARVATION RES. INFLOW KNIGHT DIVERSION 84,KD84FLOW_HIST,Knight 84 Gate 2,Conveyance,1,9483,DUCHESNE RIVER,Observational,Venturi,DIGITAL,A,40.2406533282087,-110.412096545684,Scrape,Yes,https://waterrights.utah.gov/cgi-bin/dvrtview.exe?Modinfo=StationView&STATION_ID=9483,1,DAILY_RECORDS,Mean daily discharge in CFS,Mean daily discharge in CFS,1,CFS,20,2006,2025
CU_SCADA,NULL,9484,380 STARVATION RES. INFLOW KNIGHT DIVERSION 30,KD30FLOW_HIST,Knight 30 Gate 1,Conveyance,1,9484,DUCHESNE RIVER,Observational,,DIGITAL,A,40.2406342764713,-110.41205812598,Scrape,Yes,https://waterrights.utah.gov/cgi-bin/dvrtview.exe?Modinfo=StationView&STATION_ID=9484,1,DAILY_RECORDS,Mean daily discharge in CFS,Mean daily discharge in CFS,1,CFS,20,2006,2025
CU_SCADA,NULL,9485,610 CURRANT CK. TO TUNNEL (GAGE 1),CCG1FLOW_HIST,Currant Creek Tunnel Gage 1,Conveyance,1,9485,DUCHESNE RIVER,Observational,,DIGITAL,A,40.3312256529184,-111.052417871298,Scrape,Yes,https://waterrights.utah.gov/cgi-bin/dvrtview.exe?Modinfo=StationView&STATION_ID=9485,1,DAILY_RECORDS,Mean daily discharge in CFS,Mean daily discharge in CFS,1,CFS,24,2002,2025
CU_SCADA,NULL,9486,610 CURRANT CK. TO TUNNEL (24-INCH LINE),CC24FLOW_HIST,Currant Creek Tunnel 24-in line Gage,Conveyance,1,9486,DUCHESNE RIVER,Observational,24` Venturri,DIGITAL,A,40.330900592087,-111.052629082937,Scrape,Yes,https://waterrights.utah.gov/cgi-bin/dvrtview.exe?Modinfo=StationView&STATION_ID=9486,1,DAILY_RECORDS,Mean daily discharge in CFS,Mean daily discharge in CFS,1,CFS,24,2002,2025
DUCHESNE,NULL,9491,420 REDCAP FEEDER CANAL,8796,*,Conveyance,4,9491,DUCHESNE RIVER,Observational,,FLOWMETER,A,40.1813670451915,-110.216365314985,Scrape,Yes,https://waterrights.utah.gov/cgi-bin/dvrtview.exe?Modinfo=StationView&STATION_ID=9491,1,DAILY_RECORDS,Mean daily discharge in CFS,Mean daily discharge in CFS,1,CFS,19,2007,2025
GREENRIV,NULL,9504,EASTSIDE CANAL,Eastside Canal,Radio 202:2 - Pakbus 1,Conveyance,1,9504,GREEN RIVER,Observational,MACE Agriflo with SDI12 interface,DIGITAL,A,39.077480733525,-110.140866584039,Direct,Yes,https://waterrights.utah.gov/cgi-bin/dvrtview.exe?Modinfo=StationView&STATION_ID=9504,1,DAILY_RECORDS,Mean daily discharge in CFS,Mean daily discharge in CFS,1,CFS,18,2008,2025
CU_SCADA,NULL,9507,0041 WASHINGTON SOUTH KAMAS RETURN FLOW TO WEBER CANAL,HPWSKRFLOW_HIST,Return flow to Weber Canal from the Washington South Kamas Canal,Conveyance,1,9507,PROVO RIVER,Observational,1 foot Parshall Flume,DIGITAL,A,40.6237894654801,-111.303381723566,Scrape,Yes,https://waterrights.utah.gov/cgi-bin/dvrtview.exe?Modinfo=StationView&STATION_ID=9507,1,DAILY_RECORDS,Mean daily discharge in CFS,Mean daily discharge in CFS,1,CFS,15,2008,2025
MILLCREEK2,NULL,9508,MOAB IRR CO DIVERSION 1,A,MIC1,Conveyance,1,9508,MILL CREEK (MOAB),Observational,Dynasonics TFXL Badger meter,FLOWMETER,A,38.5648849144297,-109.536814780378,Direct,Yes,https://waterrights.utah.gov/cgi-bin/dvrtview.exe?Modinfo=StationView&STATION_ID=9508,1,DAILY_RECORDS,Mean daily discharge in CFS,Mean daily discharge in CFS,1,CFS,22,2004,2025
UINTAH,NULL,9524,UNION CANAL,10595,,Conveyance,1,9524,ASHLEY CREEK,Observational,ramp flume in HDPE Culvert,FLOWMETER,A,40.3716757475056,-109.407266289577,Scrape,Yes,https://waterrights.utah.gov/cgi-bin/dvrtview.exe?Modinfo=StationView&STATION_ID=9524,1,DAILY_RECORDS,Mean daily discharge in CFS,Mean daily discharge in CFS,1,CFS,2,2024,2025
UINTAH,NULL,9525,RIVER CANAL,10594,,Conveyance,1,9525,ASHLEY CREEK,Observational,12-ft Suppressed Weir,FLOWMETER,A,40.4052001983564,-109.431204879161,Scrape,Yes,https://waterrights.utah.gov/cgi-bin/dvrtview.exe?Modinfo=StationView&STATION_ID=9525,1,DAILY_RECORDS,Mean daily discharge in CFS,Mean daily discharge in CFS,1,CFS,1,2025,2025
UINTAH,NULL,9526,ISLAND DITCH - REVERSE FLOW PUMPED TO THORNBURGH DIVERSION,10585,Island Ditch Pump,Conveyance,1,9526,ASHLEY CREEK,Observational,Ultrasonic meter (installed 2008),FLOWMETER,A,40.4837300521582,-109.553914611948,Scrape,Yes,https://waterrights.utah.gov/cgi-bin/dvrtview.exe?Modinfo=StationView&STATION_ID=9526,1,DAILY_RECORDS,Mean daily discharge in CFS,Mean daily discharge in CFS,1,CFS,2,2024,2025
EMERY,NULL,9534,FLOW - LOWRY CREEK,6504,LOWRY CREEK FLOW INTO JOE`S VALLEY RESERVOIR,Stream,1,9534,COTTONWOOD CREEK,Observational,2 foot parshall flume (2024),DIGITAL,A,39.3370997362225,-111.279090070009,Scrape,No,https://waterrights.utah.gov/cgi-bin/dvrtview.exe?Modinfo=StationView&STATION_ID=9534,1,DAILY_RECORDS,Mean daily discharge in CFS,Mean daily discharge in CFS,1,CFS,17,2009,2025
EMERY,NULL,9535,FLOW - SEELY CREEK,6609,Seely Creek,Stream,1,9535,COTTONWOOD CREEK,Observational,50 foot cipoletti wier,DIGITAL,A,39.2929273272897,-111.294192152345,Scrape,Yes,https://waterrights.utah.gov/cgi-bin/dvrtview.exe?Modinfo=StationView&STATION_ID=9535,1,DAILY_RECORDS,Mean daily discharge in CFS,Mean daily discharge in CFS,1,CFS,30,1991,2025
EMERY,NULL,9538,FLOW - CLIPPER AND WESTERN PIPELINE,6632,Clipper & Western Canal Total Flow,Conveyance,1,9538,COTTONWOOD CREEK,Observational,PARSHALL FLUME,DIGITAL,A,39.2611343780335,-111.124156233661,Scrape,Yes,https://waterrights.utah.gov/cgi-bin/dvrtview.exe?Modinfo=StationView&STATION_ID=9538,1,DAILY_RECORDS,Mean daily discharge in CFS,Mean daily discharge in CFS,1,CFS,42,1940,2025
EMERY,NULL,9539,FLOW - BLUE CUT CANAL,8666,Blue Cut Canal total flow,Conveyance,1,9539,COTTONWOOD CREEK,Observational,6 FOOT PARSHALL FLUME,NULL,I,39.2355942656939,-111.060546652693,Scrape,Yes,https://waterrights.utah.gov/cgi-bin/dvrtview.exe?Modinfo=StationView&STATION_ID=9539,1,DAILY_RECORDS,Mean daily discharge in CFS,Mean daily discharge in CFS,1,CFS,36,1940,2019
EMERY,NULL,9540,FLOW - MAMMOTH CANAL,6509,Flow - Mammoth Canal,Conveyance,1,9540,COTTONWOOD CREEK,Observational,6 FOOT PARSHALL FLUME,DIGITAL,I,39.251492066483,-111.10111783988,Scrape,Yes,https://waterrights.utah.gov/cgi-bin/dvrtview.exe?Modinfo=StationView&STATION_ID=9540,1,DAILY_RECORDS,Mean daily discharge in CFS,Mean daily discharge in CFS,1,CFS,36,1940,2020
EMERY,NULL,9541,FLOW - COTTONWOOD CREEK BY-PASSING CC&H CANAL DIVERSION,10425,CC&H CANAL BYPASS,Stream,1,9541,COTTONWOOD CREEK,Observational,,DIGITAL,A,39.2570666575627,-111.108887272956,Scrape,Yes,https://waterrights.utah.gov/cgi-bin/dvrtview.exe?Modinfo=StationView&STATION_ID=9541,1,DAILY_RECORDS,Mean daily discharge in CFS,Mean daily discharge in CFS,1,CFS,10,2009,2025
EMERY,NULL,9542,FLOW - BOULGER CREEK,5678,BOULGER CREEK,Stream,1,9542,HUNTINGTON CREEK,Observational,Ultra sonic control section,DIGITAL,A,39.6422111403376,-111.245404354607,Scrape,Yes,https://waterrights.utah.gov/cgi-bin/dvrtview.exe?Modinfo=StationView&STATION_ID=9542,1,DAILY_RECORDS,Mean daily discharge in CFS,Mean daily discharge in CFS,1,CFS,17,2009,2025
EMERY,NULL,9543,FLOW - UPPER HUNTINGTON CREEK,6628,FLOW UPPER HUNTINGTON CREEK,Stream,1,9543,HUNTINGTON CREEK,Observational,Bubble with control section,DIGITAL,A,39.652962838977,-111.24017237103,Scrape,Yes,https://waterrights.utah.gov/cgi-bin/dvrtview.exe?Modinfo=StationView&STATION_ID=9543,1,DAILY_RECORDS,Mean daily discharge in CFS,Mean daily discharge in CFS,1,CFS,16,2009,2024
EMERY,NULL,9544,HUNTINGTON PLANT DIVERSION INTAKE A,6587,UP&L HUNTINGTON PLANT DIVERSION INTAKE A,Conveyance,1,9544,HUNTINGTON CREEK,Observational,UP&L METER,DIGITAL,A,39.3910421828161,-111.092842880029,Scrape,Yes,https://waterrights.utah.gov/cgi-bin/dvrtview.exe?Modinfo=StationView&STATION_ID=9544,3,DAILY_RECORDS,Mean daily discharge in CFS,Mean daily discharge in GPM,448.8,CFS,13,2011,2023
EMERY,NULL,9545,FLOW - HUNTINGTON CANAL,6423,Flow - Huntington Canal,Conveyance,1,9545,HUNTINGTON CREEK,Observational,8 foot parshall with ultrasonic,DIGITAL,A,39.3482733660712,-111.011152216874,Scrape,Yes,https://waterrights.utah.gov/cgi-bin/dvrtview.exe?Modinfo=StationView&STATION_ID=9545,1,DAILY_RECORDS,Mean daily discharge in CFS,Mean daily discharge in CFS,1,CFS,18,1930,2025
PRICE_DL,NULL,9567,CARBON REC. DIST. CANAL PUMP,Carbon Rec. Dist. Canal Pump,Golf Course,Conveyance,1,9567,PRICE RIVER,Observational,On/Off Switch,FLOWMETER,A,39.6384985290117,-110.861635255861,Direct,Yes,https://waterrights.utah.gov/cgi-bin/dvrtview.exe?Modinfo=StationView&STATION_ID=9567,1,DAILY_RECORDS,Mean daily discharge in CFS,Mean daily discharge in CFS,1,CFS,16,2009,2024
SNAKE,NULL,9569,BIG SPRINGS CREEK ABV. DEARDEN RANCH,B0,"Big Springs Creek; Radio- 201, 1",Stream,1,9569,SNAKE VALLEY,Observational,2` Parshall flume,DIGITAL,A,38.7721776002751,-114.046912086837,Direct,Yes,https://waterrights.utah.gov/cgi-bin/dvrtview.exe?Modinfo=StationView&STATION_ID=9569,1,DAILY_RECORDS,Mean daily discharge in CFS,Mean daily discharge in CFS,1,CFS,17,2009,2025
SNAKE,NULL,9570,EAST MIDDLE DITCH,B1,"East Middle Ditch; Radio- 201,1",Conveyance,1,9570,SNAKE VALLEY,Observational,3` Parshall flume,DIGITAL,A,38.7772112559109,-114.042856626132,Direct,Yes,https://waterrights.utah.gov/cgi-bin/dvrtview.exe?Modinfo=StationView&STATION_ID=9570,1,DAILY_RECORDS,Mean daily discharge in CFS,Mean daily discharge in CFS,1,CFS,17,2009,2025
SNAKE,NULL,9571,WEST MIDDLE DITCH,B2,"West Middle Ditch; Radio 201,1",Conveyance,1,9571,SNAKE VALLEY,Observational,20 CFS ramp flume,DIGITAL,A,38.7779521759921,-114.042773048826,Direct,Yes,https://waterrights.utah.gov/cgi-bin/dvrtview.exe?Modinfo=StationView&STATION_ID=9571,1,DAILY_RECORDS,Mean daily discharge in CFS,Mean daily discharge in CFS,1,CFS,17,2009,2025
SNAKE,NULL,9572,CLAY SPRING,3,"Clay Spring Repeater; Radio- 201,1; 204,4",Stream,1,9572,SNAKE VALLEY,Observational,90 V-notch weir,DIGITAL,A,38.8655114014762,-113.993601956192,Direct,Yes,https://waterrights.utah.gov/cgi-bin/dvrtview.exe?Modinfo=StationView&STATION_ID=9572,1,DAILY_RECORDS,Mean daily discharge in CFS,Mean daily discharge in CFS,1,CFS,17,2009,2025
SNAKE_DL,NULL,9573,KELL SPRING,SV_Kell Spring,"Kell Spring, Radio 204,4",Stream,1,9573,SNAKE VALLEY,Observational,Ultrasonic flow meter,FLOWMETER,A,39.3038357847332,-114.008470191891,Direct,Yes,https://waterrights.utah.gov/cgi-bin/dvrtview.exe?Modinfo=StationView&STATION_ID=9573,1,DAILY_RECORDS,Mean daily discharge in CFS,Mean daily discharge in CFS,1,CFS,17,2009,2025
DUCHESNE,NULL,9577,335_IVIE,8637,IVIE,Conveyance,4,9577,DUCHESNE RIVER,Observational,,DIGITAL,A,40.2906631420188,-110.488645940357,Scrape,Yes,https://waterrights.utah.gov/cgi-bin/dvrtview.exe?Modinfo=StationView&STATION_ID=9577,1,DAILY_RECORDS,Mean daily discharge in CFS,Mean daily discharge in CFS,1,CFS,16,2009,2025
PRICE_DL,NULL,9578,CARBON REC. DIST. CLUBHOUSE SPRINKLER INFLOW,Carbon Rec. Dist. Clubhouse Sprinkler,CARBON REC. DIST. CLUBHOUSE SPRINKLER INFLOW,Conveyance,1,9578,PRICE RIVER,Observational,Flow Meter,FLOWMETER,A,39.6448193451573,-110.863583105582,Direct,Yes,https://waterrights.utah.gov/cgi-bin/dvrtview.exe?Modinfo=StationView&STATION_ID=9578,1,DAILY_RECORDS,Mean daily discharge in CFS,Mean daily discharge in CFS,1,CFS,17,2009,2025
SNAKE_DL,NULL,9589,TWIN SPRINGS (SOUTH),SV_Twin Springs South,"Twin Springs (South); Radio- 202,2",Stream,1,9589,SNAKE VALLEY,Observational,Ramp Flume,DIGITAL,A,39.4029946620546,-113.862812026364,Direct,Yes,https://waterrights.utah.gov/cgi-bin/dvrtview.exe?Modinfo=StationView&STATION_ID=9589,1,DAILY_RECORDS,Mean daily discharge in CFS,Mean daily discharge in CFS,1,CFS,16,2010,2025
DEEP_CREEK,NULL,9592,MILL CANYON FLUME,0,Deep Creek Mill Canyon Flume,Stream,1,9592,DEEP CREEK,Observational,4-ft parshall Flume,DIGITAL,A,40.5708762278491,-109.850661487779,Direct,Yes,https://waterrights.utah.gov/cgi-bin/dvrtview.exe?Modinfo=StationView&STATION_ID=9592,1,DAILY_RECORDS,Mean daily discharge in CFS,Mean daily discharge in CFS,1,CFS,13,2013,2025
SNAKE_DL,NULL,9599,TWIN SPRINGS (NORTH),SV_Twin Springs North,"Twin Springs (North); Radio- 202,2",Stream,1,9599,SNAKE VALLEY,Observational,Ramp Flume,DIGITAL,A,39.4036897695746,-113.863850690888,Direct,Yes,https://waterrights.utah.gov/cgi-bin/dvrtview.exe?Modinfo=StationView&STATION_ID=9599,1,DAILY_RECORDS,Mean daily discharge in CFS,Mean daily discharge in CFS,1,CFS,16,2009,2024
SNAKE_DL,NULL,9600,MILLER SPRING,SV_Miller Ranch Spring,"Miller Ranch Spring, Radio 202,2",Stream,1,9600,SNAKE VALLEY,Observational,Ramp Flume,DIGITAL,A,39.5796763679921,-113.865463179371,Direct,Yes,https://waterrights.utah.gov/cgi-bin/dvrtview.exe?Modinfo=StationView&STATION_ID=9600,1,DAILY_RECORDS,Mean daily discharge in CFS,Mean daily discharge in CFS,1,CFS,16,2010,2025
CU_SCADA,NULL,9606,UTAH LAKE STORAGE CONTENTS (CUWCD REALTIME DAILY AVG GAGE),OREM\UL\ANALOG\DEPTH0,Utah Lake - Elv Below Compromise,Reservoir,2,9606,UTAH LAKE/JORDAN RIVER,Observational,"Telemetry -Ultrasonic, transducer",DIGITAL,A,40.3593398119437,-111.896265046887,Scrape,Yes,https://waterrights.utah.gov/cgi-bin/dvrtview.exe?Modinfo=StationView&STATION_ID=9606,6,DAILY_RECORDS,Daily gage height in FEET,Daily gage height in FEET,1,FEET,17,2009,2025
LBEAR,NULL,9636,EAST ARMORY,AE,East Armory,Conveyance,1,9636,SUMMIT CREEK,Observational,Flume N4632122 E431056 NAD27,STAGE,A,41.8385334629903,-111.830041174246,Direct,Yes,https://waterrights.utah.gov/cgi-bin/dvrtview.exe?Modinfo=StationView&STATION_ID=9636,1,DAILY_RECORDS,Mean daily discharge in CFS,Mean daily discharge in CFS,1,CFS,16,2010,2025
SWARM,NULL,9650,0010 JULIUS PARK IMPORT FROM DRY FORK,Julius Park Inflow,JULIUS PARK IMPORT FROM DRY FORK,Conveyance,1,9650,DEEP CREEK,Observational,Steel 6` Cutthroat Flume,NULL,A,40.6389147935419,-109.893975911367,Direct,Yes,https://waterrights.utah.gov/cgi-bin/dvrtview.exe?Modinfo=StationView&STATION_ID=9650,1,DAILY_RECORDS,Mean daily discharge in CFS,Mean daily discharge in CFS,1,CFS,13,2011,2024
SEVIER,NULL,9662,DELTA CANAL B,3716,Canal B,Conveyance,1,9662,SEVIER RIVER,Observational,,DIGITAL,A,39.3786757861858,-112.569348194068,Scrape,Yes,https://waterrights.utah.gov/cgi-bin/dvrtview.exe?Modinfo=StationView&STATION_ID=9662,1,DAILY_RECORDS,Mean daily discharge in CFS,Mean daily discharge in CFS,1,CFS,20,2005,2025
SEVIER,NULL,9665,DELTA WEST DITCH,9670,DELTA WEST DITCH,Conveyance,1,9665,SEVIER RIVER,Observational,,DIGITAL,A,39.3774148725375,-112.568693760025,Scrape,Yes,https://waterrights.utah.gov/cgi-bin/dvrtview.exe?Modinfo=StationView&STATION_ID=9665,1,DAILY_RECORDS,Mean daily discharge in CFS,Mean daily discharge in CFS,1,CFS,20,2005,2025
SEVIER,NULL,9666,DELTA TERRY PUMP,4100,Terry Pump,Conveyance,1,9666,SEVIER RIVER,Observational,,DIGITAL,A,39.3779199256375,-112.568430418278,Scrape,Yes,https://waterrights.utah.gov/cgi-bin/dvrtview.exe?Modinfo=StationView&STATION_ID=9666,1,DAILY_RECORDS,Mean daily discharge in CFS,Mean daily discharge in CFS,1,CFS,20,2005,2025
SEVIER,NULL,9667,MELVILLE CANAL C,3722,MELVILLE CANAL C,Conveyance,1,9667,SEVIER RIVER,Observational,,DIGITAL,A,39.376983411881,-112.567885893598,Scrape,Yes,https://waterrights.utah.gov/cgi-bin/dvrtview.exe?Modinfo=StationView&STATION_ID=9667,1,DAILY_RECORDS,Mean daily discharge in CFS,Mean daily discharge in CFS,1,CFS,20,2005,2025
USGS,NULL,9677,BICKNELL BOTTOM USGS,09330000,Fremont River USGS 09330000 Bicknell Bottoms Top of Lower Fremont River,Stream,1,9677,LOWER FREMONT RIVER,Observational,USGS Streamflow device,DIGITAL,A,38.3069296288294,-111.518579318559,Scrape,Yes,https://waterrights.utah.gov/cgi-bin/dvrtview.exe?Modinfo=StationView&STATION_ID=9677,1,DAILY_RECORDS,Mean daily discharge in CFS,Mean daily discharge in CFS,1,CFS,15,2010,2025
EMERY,NULL,9678,FLOW - BLACK CANYON DITCH,5555,Black Canyon Ditch Total Flow,Conveyance,1,9678,COTTONWOOD CREEK,Observational,2 FOOT PARSHALL FLUME,DIGITAL,A,39.3800032048975,-111.28120083143,Scrape,Yes,https://waterrights.utah.gov/cgi-bin/dvrtview.exe?Modinfo=StationView&STATION_ID=9678,1,DAILY_RECORDS,Mean daily discharge in CFS,Mean daily discharge in CFS,1,CFS,29,1990,2025
EMERY,NULL,9680,HUNTINGTON PLANT DIVERSION INTAKE B,6588,UP&L HUNTINGTON PLANT DIVERSION INTAKE B,Conveyance,1,9680,HUNTINGTON CREEK,Observational,UP&L meter,DIGITAL,A,39.3909664190848,-111.092731588793,Scrape,Yes,https://waterrights.utah.gov/cgi-bin/dvrtview.exe?Modinfo=StationView&STATION_ID=9680,1,DAILY_RECORDS,Mean daily discharge in CFS,Mean daily discharge in CFS,1,CFS,13,2011,2023
SWARM,NULL,9683,0011 JULIUS PARK ELEVATION,Julius Park Elevation,Julius Park Reservoir Elevation,Reservoir,1,9683,DEEP CREEK,Observational,,NULL,A,40.637466135455,-109.895126484145,Direct,Yes,https://waterrights.utah.gov/cgi-bin/dvrtview.exe?Modinfo=StationView&STATION_ID=9683,4,DAILY_RECORDS,Daily Reservoir Storage in ACFT,Daily Reservoir Storage in ACFT,1,ACFT,8,2011,2024
DEEP_CREEK,NULL,9687,0303 WEST MOSBY CREEK - NILSEN - MOSBY,AA,Pipeline meter on West Mosby Creek pipeline Diversion.,Conveyance,1,9687,DEEP CREEK,Observational,,FLOWMETER,A,40.5710688362168,-109.8403811305,Direct,Yes,https://waterrights.utah.gov/cgi-bin/dvrtview.exe?Modinfo=StationView&STATION_ID=9687,1,DAILY_RECORDS,Mean daily discharge in CFS,Mean daily discharge in CFS,1,CFS,15,2011,2025
BEAVER,NULL,9730,MINERSVILLE INFLOW,A1,Adamsville,Stream,1,9730,BEAVER RIVER,Observational,Flows to Minerville Reservoir,DIGITAL,A,38.2517607139274,-112.791040277074,Direct,Yes,https://waterrights.utah.gov/cgi-bin/dvrtview.exe?Modinfo=StationView&STATION_ID=9730,1,DAILY_RECORDS,Mean daily discharge in CFS,Mean daily discharge in CFS,1,CFS,14,2012,2025
GREENRIV,NULL,9731,GREEN RIVER CANAL COMPANY (WATER DEPTH IN FEET),Green River Depth,Radio 202:2 - Pakbus 2,Conveyance,1,9731,GREEN RIVER,Observational,Shaft Encoder,DIGITAL,A,NULL,NULL,Direct,Yes,https://waterrights.utah.gov/cgi-bin/dvrtview.exe?Modinfo=StationView&STATION_ID=9731,6,DAILY_RECORDS,Daily gage height in FEET,Daily gage height in FEET,1,FEET,13,2012,2024
GREENRIV,NULL,9732,GREEN RIVER CANAL COMPANY (VELOCITY),Green River Flow,Radio 202:2 - Pakbus 2,,1,9732,GREEN RIVER,Observational,MACE Agriflo with SDI12 interface,DIGITAL,A,NULL,NULL,Direct,Yes,https://waterrights.utah.gov/cgi-bin/dvrtview.exe?Modinfo=StationView&STATION_ID=9732,1,DAILY_RECORDS,Mean daily discharge in CFS,Mean daily discharge in CFS,1,CFS,13,2012,2025
EMERY,NULL,9733,FLOW - PEACOCK DITCH,6578,Peacock Ditch Diversion Measured After Peacock Pond Separated,Conveyance,1,9733,COTTONWOOD CREEK,Observational,Parshall Flume,DIGITAL,I,39.2754956521466,-111.179053376442,Scrape,Yes,https://waterrights.utah.gov/cgi-bin/dvrtview.exe?Modinfo=StationView&STATION_ID=9733,1,DAILY_RECORDS,Mean daily discharge in CFS,Mean daily discharge in CFS,1,CFS,26,1988,2021
EMERY,NULL,9735,HCIC CLEVELAND -  PIPELINE PORTION,10344,CLEVELAND PIPELINE FLOW,Conveyance,1,9735,HUNTINGTON CREEK,Observational,13 foot rectangular w/ ultrasonic,DIGITAL,A,39.3581956077452,-111.030671384717,Scrape,Yes,https://waterrights.utah.gov/cgi-bin/dvrtview.exe?Modinfo=StationView&STATION_ID=9735,1,DAILY_RECORDS,Mean daily discharge in CFS,Mean daily discharge in CFS,1,CFS,14,2012,2025
LITTLEBEAR,NULL,9738,PARADISE CANAL BELOW BLACK TUBE,I3,Paradise Canal Below Black Tube,Conveyance,1,9738,LITTLE BEAR RIVER,Observational,4ft Parshall Flume,DIGITAL,A,41.5322714288858,-111.813020534177,Direct,Yes,https://waterrights.utah.gov/cgi-bin/dvrtview.exe?Modinfo=StationView&STATION_ID=9738,1,DAILY_RECORDS,Mean daily discharge in CFS,Mean daily discharge in CFS,1,CFS,14,2012,2025
LITTLEBEAR,NULL,9739,HIGHLINE CANAL BELOW WEEKS FARM,Io,Highline Canal Below Weeks Farm,Conveyance,1,9739,LITTLE BEAR RIVER,Observational,Greyline Instruments AVFM 5.0,FLOWMETER,A,41.5762905124496,-111.816182239157,Direct,Yes,https://waterrights.utah.gov/cgi-bin/dvrtview.exe?Modinfo=StationView&STATION_ID=9739,1,DAILY_RECORDS,Mean daily discharge in CFS,Mean daily discharge in CFS,1,CFS,13,2012,2024
USGS,NULL,9755,WHITE RIVER  BL TABBYUNE CRK  (USGS),09312600,White River near Soldier Summit,Stream,1,9755,PRICE RIVER,Observational,,NULL,A,39.8760345185475,-111.037301766858,Scrape,Yes,https://waterrights.utah.gov/cgi-bin/dvrtview.exe?Modinfo=StationView&STATION_ID=9755,1,DAILY_RECORDS,Mean daily discharge in CFS,Mean daily discharge in CFS,1,CFS,13,2013,2025
USGS,NULL,9756,MUD CRK BL WINTER QUARTERS CYN @ SCOFIELD (USGS),09310700,Mud Creek near Scofield Reservoir,Stream,1,9756,PRICE RIVER,Observational,,NULL,A,39.7220413123096,-111.161434240315,Scrape,Yes,https://waterrights.utah.gov/cgi-bin/dvrtview.exe?Modinfo=StationView&STATION_ID=9756,1,DAILY_RECORDS,Mean daily discharge in CFS,Mean daily discharge in CFS,1,CFS,13,2013,2025
USGS,NULL,9758,MILL CREEK ABOVE SHELEY TUNNEL (USGS),09183500,USGS MILL CREEK AT SHELEY TUNNEL NEAR MOAB UTAH,Stream,1,9758,MILL CREEK (MOAB),Observational,BUBBLER / RATED STREAM SECTION,NULL,A,38.4820848091504,-109.404962361266,Scrape,Yes,https://waterrights.utah.gov/cgi-bin/dvrtview.exe?Modinfo=StationView&STATION_ID=9758,1,DAILY_RECORDS,Mean daily discharge in CFS,Mean daily discharge in CFS,1,CFS,13,2013,2025
USGS,NULL,9759,MILL CREEK BELOW SHELEY TUNNEL (USGS),09183600,Mill Creek below Sheley Tunnel,Stream,1,9759,MILL CREEK (MOAB),Observational,WATER STAGE RECORDER,NULL,A,38.4854846398136,-109.410941060486,Direct,Yes,https://waterrights.utah.gov/cgi-bin/dvrtview.exe?Modinfo=StationView&STATION_ID=9759,1,DAILY_RECORDS,Mean daily discharge in CFS,Mean daily discharge in CFS,1,CFS,13,2013,2025
USGS,NULL,9814,USGS GREEN RIVER AT GREEN RIVER,09315000,Green River at Green River,Stream,1,9814,GREEN RIVER,Observational,,FLOWMETER,A,38.9855064462551,-110.149919309547,Scrape,Yes,https://waterrights.utah.gov/cgi-bin/dvrtview.exe?Modinfo=StationView&STATION_ID=9814,1,DAILY_RECORDS,Mean daily discharge in CFS,Mean daily discharge in CFS,1,CFS,13,2013,2025
BEAVER,NULL,9815,FURNACE DAM FLOW TO RF MINERSVILLE,A6,Past Furnace Dam,Dry Dam Release,1,9815,BEAVER RIVER,Observational,32` WEIR Contracted,DIGITAL,A,38.2510765058882,-112.757205821965,Direct,Yes,https://waterrights.utah.gov/cgi-bin/dvrtview.exe?Modinfo=StationView&STATION_ID=9815,1,DAILY_RECORDS,Mean daily discharge in CFS,Mean daily discharge in CFS,1,CFS,9,2013,2022
WEBER,NULL,9826,OGDEN BAY BIRD REFUGE - MIDDLE RUN,Ogden Bay Middle Run,Weber River at Ogden Bay. Middle run in Wildlife Management Area.,Conveyance,1,9826,WEBER RIVER,Observational,,DIGITAL,A,41.213262092109,-112.160853289545,Manual,No,https://waterrights.utah.gov/cgi-bin/dvrtview.exe?Modinfo=StationView&STATION_ID=9826,1,DAILY_RECORDS,Mean daily discharge in CFS,Mean daily discharge in CFS,1,CFS,12,2013,2024
WEBER,NULL,9827,OGDEN BAY BIRD REFUGE - NORTH RUN,Ogden Bay North Run,Weber River at Ogden Bay. North run in Wildlife Management Area.,Conveyance,1,9827,WEBER RIVER,Observational,rated section and gaging station,DIGITAL,A,41.2132633602626,-112.160836504576,Manual,No,https://waterrights.utah.gov/cgi-bin/dvrtview.exe?Modinfo=StationView&STATION_ID=9827,1,DAILY_RECORDS,Mean daily discharge in CFS,Mean daily discharge in CFS,1,CFS,12,2013,2024
USGS,NULL,9830,FAIRVIEW TUNNEL (USGS),09309600,Fairview Tunnel,Conveyance,1,9830,PRICE RIVER,Observational,USGS Radar mounted in tunnel entranc,NULL,A,39.6697160420016,-111.313334640602,Scrape,Yes,https://waterrights.utah.gov/cgi-bin/dvrtview.exe?Modinfo=StationView&STATION_ID=9830,1,DAILY_RECORDS,Mean daily discharge in CFS,Mean daily discharge in CFS,1,CFS,13,2013,2025
PRWUA,NULL,9831,WEBER-PROVO CANAL (OAKLEY GAUGED FLOW),S06_FIT_6M,"Data From http://www.prwua.org/water-operations/daily-average-data.php?s=csv, To:WEBER_RIVER_WEBER-PROVO_CANAL_NEAR_OAKLEY",Conveyance,1,9831,WEBER RIVER,Observational,PARSHALL FLUME,NULL,A,40.7120290345731,-111.278818895052,Scrape,Yes,https://waterrights.utah.gov/cgi-bin/dvrtview.exe?Modinfo=StationView&STATION_ID=9831,1,DAILY_RECORDS,Mean daily discharge in CFS,Mean daily discharge in CFS,1,CFS,28,1996,2025
SLCO,NULL,9833,09.051 JORDAN RIVER AT 90TH SOUTH GAGE STATION (AUTOMATED),70,Jordan River @ 90th South,Stream,1,9833,UTAH LAKE/JORDAN RIVER,Observational,90th South Gage SL Cnty Flood Contrl,NULL,A,40.5876106557459,-111.912822492112,Scrape,Yes,https://waterrights.utah.gov/cgi-bin/dvrtview.exe?Modinfo=StationView&STATION_ID=9833,1,DAILY_RECORDS,Mean daily discharge in CFS,Mean daily discharge in CFS,1,CFS,11,2014,2024
PRWUA,NULL,9834,WEBER-PROVO CANAL (PRWUA BEAVER CREEK DIVERSION),S08_FIT_1M,"Data From:www.prwua.org, To: WEBER_RIVER_WEBER-PROVO_CANAL_(PRWUA_BEAVER_CREEK_DIVERSION)",Conveyance,1,9834,WEBER RIVER,Observational,Electronic,NULL,A,40.6450350047919,-111.284556273058,Scrape,Yes,https://waterrights.utah.gov/cgi-bin/dvrtview.exe?Modinfo=StationView&STATION_ID=9834,1,DAILY_RECORDS,Mean daily discharge in CFS,Mean daily discharge in CFS,1,CFS,12,2014,2025
PRWUA,NULL,9837,WEBER-PROVO CANAL BEAVER CRK TO BSC IRR AND/OR RETURN TO CRK,S08_FIT_2M,"Data From:www.prwua.org, To:WEBER_RIVER_BEAVER_CREEK_TO_BSC_IRR_DIST_AND/OR_RETURN_TO_CREEK",Dry Dam Release,1,9837,WEBER RIVER,Observational,Weir operated by PRWUA on SCADA,NULL,I,NULL,NULL,Scrape,Yes,https://waterrights.utah.gov/cgi-bin/dvrtview.exe?Modinfo=StationView&STATION_ID=9837,1,DAILY_RECORDS,Mean daily discharge in CFS,Mean daily discharge in CFS,1,CFS,8,2014,2021
PRWUA,NULL,9838,WEBER-PROVO CANAL (FOREBAY POOL ELEVATION),S06_LIT_1M,"Data From:www.prwua.org, To: WEBER_RIVER_WEBER-PROVO_CANAL_(FOREBAY_POOL_ELEVATION)",Conveyance,1,9838,WEBER RIVER,Observational,Ogee Crest if gate is closed,NULL,A,40.7157376177505,-111.278198446911,Scrape,Yes,https://waterrights.utah.gov/cgi-bin/dvrtview.exe?Modinfo=StationView&STATION_ID=9838,6,DAILY_RECORDS,Daily gage height in FEET,Daily gage height in FEET,1,FEET,12,2014,2025
USGS,NULL,9840,CACHE HIGHLINE CANAL (USGS),10108400,UPPER CANAL TOTAL (LOGAN HYDE PARK SMITHFIELD AND LOGAN & NORTHERN),Conveyance,1,9840,LOGAN RIVER,Observational,8-ft Parshall Flume. USGS Data,DIGITAL,A,41.7434684614725,-111.761905718597,Scrape,Yes,https://waterrights.utah.gov/cgi-bin/dvrtview.exe?Modinfo=StationView&STATION_ID=9840,1,DAILY_RECORDS,Mean daily discharge in CFS,Mean daily discharge in CFS,1,CFS,13,2013,2025
BLUE_MOUNTAIN_DL,NULL,9846,MONTICELLO - NORTH FORK SPRINGS,MONTICELLO - NORTH FORK SPRINGS,Same Datalogger as Bankhead Springs,Conveyance,1,9846,BLUE MOUNTAIN,Observational,MCCROMETER MAGNETIC METER,FLOWMETER,A,37.8738654011571,-109.428297751584,Direct,Yes,https://waterrights.utah.gov/cgi-bin/dvrtview.exe?Modinfo=StationView&STATION_ID=9846,1,DAILY_RECORDS,Mean daily discharge in CFS,Mean daily discharge in CFS,1,CFS,12,2013,2024
BLUE_MOUNTAIN_DL,NULL,9847,MONTICELLO - BANKHEAD SPRINGS,MONTICELLO - BANKHEAD SPRINGS,Same Datalogger as North Fork Springs,Conveyance,2,9847,BLUE MOUNTAIN,Observational,MCCROMETER MAGNETIC METER,FLOWMETER,A,37.8738339780825,-109.428198062079,Direct,Yes,https://waterrights.utah.gov/cgi-bin/dvrtview.exe?Modinfo=StationView&STATION_ID=9847,1,DAILY_RECORDS,Mean daily discharge in CFS,Mean daily discharge in CFS,1,CFS,12,2013,2024
BLUE_MOUNTAIN_DL,NULL,9848,MONTICELLO - POLE CANYON SPRINGS,MONTICELLO - POLE CANYON SPRINGS,Same Datalogger as South Fork Springs,Conveyance,1,9848,BLUE MOUNTAIN,Observational,MCCROMETER MAGNETIC METER,FLOWMETER,A,37.8638488390709,-109.402947231405,Direct,Yes,https://waterrights.utah.gov/cgi-bin/dvrtview.exe?Modinfo=StationView&STATION_ID=9848,1,DAILY_RECORDS,Mean daily discharge in CFS,Mean daily discharge in CFS,1,CFS,12,2013,2024
BLUE_MOUNTAIN_DL,NULL,9849,MONTICELLO - SOUTH FORK SPRINGS,MONTICELLO - SOUTH FORK SPRINGS,Same Datalogger as Pole Canyon Springs,Conveyance,2,9849,BLUE MOUNTAIN,Observational,MCCROMETER MAGNETIC METER,FLOWMETER,A,37.863834802057,-109.402591518291,Direct,Yes,https://waterrights.utah.gov/cgi-bin/dvrtview.exe?Modinfo=StationView&STATION_ID=9849,1,DAILY_RECORDS,Mean daily discharge in CFS,Mean daily discharge in CFS,1,CFS,12,2013,2024
SLCO,NULL,9868,JORDAN RIVER AT 9000 SOUTH,70,Jordan River @ 90th South,Stream,1,9868,UTAH LAKE/JORDAN RIVER,Observational,Stage Height Sensor; Rated Section,NULL,A,40.5875953428442,-111.912732192546,Scrape,Yes,https://waterrights.utah.gov/cgi-bin/dvrtview.exe?Modinfo=StationView&STATION_ID=9868,1,DAILY_RECORDS,Mean daily discharge in CFS,Mean daily discharge in CFS,1,CFS,11,2014,2024
SLCO,NULL,9869,BIG COTTONWOOD CREEK AT CANYON MOUTH,67,Big Cottonwood Creek @ Canyon Mouth,Stream,1,9869,SLCO FLOOD CONTROL,Observational,Stage Height Sensor; Rated Section,NULL,A,40.6182333583306,-111.778933046651,Scrape,Yes,https://waterrights.utah.gov/cgi-bin/dvrtview.exe?Modinfo=StationView&STATION_ID=9869,1,DAILY_RECORDS,Mean daily discharge in CFS,Mean daily discharge in CFS,1,CFS,11,2014,2024
SLCO,NULL,9870,BIG COTTONWOOD CREEK AT 300 WEST,81,Big Cottonwood Creek @ 300 West,Stream,1,9870,SLCO FLOOD CONTROL,Observational,Stage Height Sensor; Rated Section,NULL,A,40.6810795694731,-111.899598888052,Scrape,Yes,https://waterrights.utah.gov/cgi-bin/dvrtview.exe?Modinfo=StationView&STATION_ID=9870,1,DAILY_RECORDS,Mean daily discharge in CFS,Mean daily discharge in CFS,1,CFS,11,2014,2024
SLCO,NULL,9871,MILL CREEK AT CANYON MOUTH,76,Mill Creek @ Canyon Mouth,Stream,1,9871,SLCO FLOOD CONTROL,Observational,Stage Height Sensor; Rated Section,NULL,A,40.6893017018666,-111.78289632376,Scrape,Yes,https://waterrights.utah.gov/cgi-bin/dvrtview.exe?Modinfo=StationView&STATION_ID=9871,1,DAILY_RECORDS,Mean daily discharge in CFS,Mean daily discharge in CFS,1,CFS,11,2014,2024
SLCO,NULL,9872,MILL CREEK AT 460 WEST,82,Mill Creek @ 460 West,Stream,1,9872,SLCO FLOOD CONTROL,Observational,Stage Height Sensor; Rated Section,NULL,A,40.7062203869862,-111.904657201672,Scrape,Yes,https://waterrights.utah.gov/cgi-bin/dvrtview.exe?Modinfo=StationView&STATION_ID=9872,1,DAILY_RECORDS,Mean daily discharge in CFS,Mean daily discharge in CFS,1,CFS,11,2014,2024
SLCO,NULL,9873,EMIGRATION CREEK AT CANYON MOUTH,86,Emigration Creek @ Rotary Park,Stream,1,9873,SLCO FLOOD CONTROL,Observational,Stage Height Sensor; Rated Section,NULL,A,40.7495445041412,-111.809995686027,Scrape,Yes,https://waterrights.utah.gov/cgi-bin/dvrtview.exe?Modinfo=StationView&STATION_ID=9873,1,DAILY_RECORDS,Mean daily discharge in CFS,Mean daily discharge in CFS,1,CFS,11,2014,2024
SLCO,NULL,9874,SLCO JORDAN RIVER AT 500 NORTH,92,Jordan River @ 500 North,Stream,1,9874,LOWER JORDAN RIVER,Observational,Stage Height Sensor; Rated Section,NULL,A,40.7803143442304,-111.938070095413,Scrape,Yes,https://waterrights.utah.gov/cgi-bin/dvrtview.exe?Modinfo=StationView&STATION_ID=9874,1,DAILY_RECORDS,Mean daily discharge in CFS,Mean daily discharge in CFS,1,CFS,11,2011,2024
CU_SCADA,NULL,9885,WEBER-PROVO CANAL (WSK IRR RTN FLOW TO WP CANAL),HPWSKRFLOW_HIST,Return flow to Weber Canal from the Washington South Kamas Canal,,1,9885,WEBER RIVER,Observational,FLUME FOR INFLOW INTO CANAL,DIGITAL,A,40.6237908773617,-111.303382675826,Scrape,Yes,https://waterrights.utah.gov/cgi-bin/dvrtview.exe?Modinfo=StationView&STATION_ID=9885,1,DAILY_RECORDS,Mean daily discharge in CFS,Mean daily discharge in CFS,1,CFS,12,2014,2025
USGS,NULL,9893,"USGS 09404450 EAST FORK VIRGIN RIVER NEAR GLENDALE, UT",09404450,East Fork Virgin River near Glendale USGS Gauge 09404450,Stream,1,9893,EAST FORK VIRGIN RIVER,Observational,USGS Streamflow device,DIGITAL,A,37.3396537529601,-112.604709494719,Scrape,Yes,https://waterrights.utah.gov/cgi-bin/dvrtview.exe?Modinfo=StationView&STATION_ID=9893,1,DAILY_RECORDS,Mean daily discharge in CFS,Mean daily discharge in CFS,1,CFS,20,2006,2025
EMERY,NULL,9895,EWCD - HUNTINGTON NORTH CONTENTS,6459,Emery WCD - Huntington North Reservoir Contents,Reservoir,1,9895,HUNTINGTON CREEK,Observational,Staff gage,DIGITAL,A,39.3488141333701,-110.949722222757,Scrape,Yes,https://waterrights.utah.gov/cgi-bin/dvrtview.exe?Modinfo=StationView&STATION_ID=9895,4,DAILY_RECORDS,Daily Reservoir Storage in ACFT,Daily Reservoir Storage in ACFT,1,ACFT,13,2013,2025
USGS,NULL,9896,USGS EAST CANYON CREEK NEAR JEREMY RANCH UTAH,10133800,"USGS East Canyon Creek near Jeremy Ranch, UT",Stream,1,9896,WEBER RIVER,Observational,,NULL,A,40.7595989753303,-111.564504858612,Scrape,Yes,https://waterrights.utah.gov/cgi-bin/dvrtview.exe?Modinfo=StationView&STATION_ID=9896,1,DAILY_RECORDS,Mean daily discharge in CFS,Mean daily discharge in CFS,1,CFS,13,2013,2025
USGS,NULL,9897,USGS EAST CANYON CREEK BELOW I-80 REST STOP NEAR PARK CITY UTAH,10133650,"USGS East Canyon Creek bl I-80 Rest Stop nr Park City, UT",Stream,1,9897,WEBER RIVER,Observational,,NULL,A,40.7237285765906,-111.519400542243,Scrape,Yes,https://waterrights.utah.gov/cgi-bin/dvrtview.exe?Modinfo=StationView&STATION_ID=9897,1,DAILY_RECORDS,Mean daily discharge in CFS,Mean daily discharge in CFS,1,CFS,13,2013,2025
USGS,NULL,9898,USGS SILVER CREEK NEAR SILVER CREEK JUNCTION UTAH,10129900,"USGS Silver Creek near Silver Creek Junction, UT",Stream,1,9898,WEBER RIVER,Observational,,NULL,A,40.7353157600373,-111.476032410384,Scrape,Yes,https://waterrights.utah.gov/cgi-bin/dvrtview.exe?Modinfo=StationView&STATION_ID=9898,1,DAILY_RECORDS,Mean daily discharge in CFS,Mean daily discharge in CFS,1,CFS,13,2013,2025
PRWUA,NULL,9899,WEBER-PROVO CANAL (FRANCIS GAUGED FLOW),S11_FIT_1M,"Data From:www.prwua.org, To: Provo River Weber-Provo Canal (Total Delivery)",Conveyance,1,9899,WEBER RIVER,Observational,Francis flume or weir,NULL,A,40.6100079943704,-111.305505664031,Manual,Yes,https://waterrights.utah.gov/cgi-bin/dvrtview.exe?Modinfo=StationView&STATION_ID=9899,1,DAILY_RECORDS,Mean daily discharge in CFS,Mean daily discharge in CFS,1,CFS,12,2014,2025
PRICE_CITY,NULL,9906,PRICE MUNICIPAL TREATMENT PLANT (DAILY),Treatment-Total,Collected from Price City FTP  https://dtscada.com/files/WaterPlantFlow.csv,Conveyance,1,9906,PRICE RIVER,Observational,,NULL,A,39.7454447143763,-110.879717872633,Scrape,Yes,https://waterrights.utah.gov/cgi-bin/dvrtview.exe?Modinfo=StationView&STATION_ID=9906,1,DAILY_RECORDS,Mean daily discharge in CFS,Mean daily discharge in CFS,1,CFS,13,2013,2025
PRICE_CITY,NULL,9907,PRICE MUNICIPAL SPRING PRODUCTION (DAILY),Spring-Production,Collected from Price City FTP  https://dtscada.com/files/WaterPlantFlow.csv,Conveyance,1,9907,PRICE RIVER,Observational,,DIGITAL,A,39.74544175375,-110.879738863857,Scrape,Yes,https://waterrights.utah.gov/cgi-bin/dvrtview.exe?Modinfo=StationView&STATION_ID=9907,1,DAILY_RECORDS,Mean daily discharge in CFS,Mean daily discharge in CFS,1,CFS,14,2012,2025
PRWID,NULL,9908,PRICE RIVER WATER IMPROVEMENT DISTRICT DAILY DIVERSIONS,PlantProduction,Data Published to: http://192.150.142.136:81/,Conveyance,1,9908,PRICE RIVER,Observational,ULTRASONIC FLOW METER,NULL,A,39.7474607428438,-110.882664560834,Scrape,Yes,https://waterrights.utah.gov/cgi-bin/dvrtview.exe?Modinfo=StationView&STATION_ID=9908,1,DAILY_RECORDS,Mean daily discharge in CFS,Mean daily discharge in CFS,1,CFS,13,2013,2025
WEBER,NULL,9909,QUARRY MOUNTAIN RANCH HOA,Quarry Mountain Ranch HOA,Quarry Mountain Diversion from McLeod Creek,Conveyance,1,9909,WEBER RIVER,Observational,Flume installed in 2016.,NULL,A,40.6886138072825,-111.531804757252,Direct,Yes,https://waterrights.utah.gov/cgi-bin/dvrtview.exe?Modinfo=StationView&STATION_ID=9909,1,DAILY_RECORDS,Mean daily discharge in CFS,Mean daily discharge in CFS,1,CFS,12,2013,2025
USGS,NULL,9923,BEAVER RIVER NEAR BEAVER (USGS),10234500,Beaver River,Stream,1,9923,BEAVER RIVER,Observational,,NULL,A,38.2799678728547,-112.568250037468,Scrape,Yes,https://waterrights.utah.gov/cgi-bin/dvrtview.exe?Modinfo=StationView&STATION_ID=9923,1,DAILY_RECORDS,Mean daily discharge in CFS,Mean daily discharge in CFS,1,CFS,12,2014,2025
SPRINGVILLE_IRR,NULL,9925,SPRINGVILLE IRR PLAT A DITCH 4,108,Plat A Ditch 4,Conveyance,1,9925,HOBBLE CREEK,Observational,,NULL,A,40.1579455839714,-111.597951623943,Direct,Yes,https://waterrights.utah.gov/cgi-bin/dvrtview.exe?Modinfo=StationView&STATION_ID=9925,1,DAILY_RECORDS,Mean daily discharge in CFS,Mean daily discharge in CFS,1,CFS,9,2014,2023
SPRINGVILLE_IRR,NULL,9926,SPRINGVILLE IRR SWENSON,110,Swenson,Conveyance,1,9926,HOBBLE CREEK,Observational,Radial Gate,NULL,A,40.1577421905767,-111.598020538888,Scrape,Yes,https://waterrights.utah.gov/cgi-bin/dvrtview.exe?Modinfo=StationView&STATION_ID=9926,1,DAILY_RECORDS,Mean daily discharge in CFS,Mean daily discharge in CFS,1,CFS,6,2014,2023
SPRINGVILLE_IRR,NULL,9927,SPRINGVILLE IRR UHAUL,112,District 4-Uhaul,Conveyance,1,9927,HOBBLE CREEK,Observational,,NULL,I,40.1571483821636,-111.613625364357,,No,https://waterrights.utah.gov/cgi-bin/dvrtview.exe?Modinfo=StationView&STATION_ID=9927,1,DAILY_RECORDS,Mean daily discharge in CFS,Mean daily discharge in CFS,1,CFS,6,2014,2023
SPRINGVILLE_IRR,NULL,9928,SPRINGVILLE IRR DISTRICT 4,112,District 4-Uhaul,Conveyance,2,9928,HOBBLE CREEK,Observational,,NULL,I,40.1571483821636,-111.613625364357,,No,https://waterrights.utah.gov/cgi-bin/dvrtview.exe?Modinfo=StationView&STATION_ID=9928,1,DAILY_RECORDS,Mean daily discharge in CFS,Mean daily discharge in CFS,1,CFS,6,2014,2023
SPRINGVILLE_IRR,NULL,9930,SPRINGVILLE IRR OLD DRY CREEK,115,Old Dry Creek,Conveyance,1,9930,HOBBLE CREEK,Observational,,NULL,I,40.1459997019832,-111.642512890379,,No,https://waterrights.utah.gov/cgi-bin/dvrtview.exe?Modinfo=StationView&STATION_ID=9930,1,DAILY_RECORDS,Mean daily discharge in CFS,Mean daily discharge in CFS,1,CFS,4,2014,2017
SPRINGVILLE_IRR,NULL,9931,SPRINGVILLE IRR SPANISH INFLOW,116,Spanish Inflow,Conveyance,1,9931,HOBBLE CREEK,Observational,,NULL,I,40.144495728042,-111.635877174991,Unknown,Unknown,https://waterrights.utah.gov/cgi-bin/dvrtview.exe?Modinfo=StationView&STATION_ID=9931,1,DAILY_RECORDS,Mean daily discharge in CFS,Mean daily discharge in CFS,1,CFS,8,2014,2022
SPRINGVILLE_IRR,NULL,9932,SPRINGVILLE IRR DOOGLE,114,Doogle,Conveyance,1,9932,HOBBLE CREEK,Observational,,NULL,I,40.1537628549734,-111.618303483749,Manual,No,https://waterrights.utah.gov/cgi-bin/dvrtview.exe?Modinfo=StationView&STATION_ID=9932,1,DAILY_RECORDS,Mean daily discharge in CFS,Mean daily discharge in CFS,1,CFS,7,2014,2023
SPRINGVILLE_IRR,NULL,9935,SPRINGVILLE IRR SAGE DITCH,Price Ditch,,Conveyance,1,9935,HOBBLE CREEK,Observational,,DIGITAL,A,40.1500932715422,-111.588128983866,Direct,Yes,https://waterrights.utah.gov/cgi-bin/dvrtview.exe?Modinfo=StationView&STATION_ID=9935,1,DAILY_RECORDS,Mean daily discharge in CFS,Mean daily discharge in CFS,1,CFS,11,2014,2025
SPRINGVILLE_IRR,NULL,9936,SPRINGVILLE IRR MAPLETON CANAL,MAPLETON CANAL,Radio ADD: 102 CH:1,Conveyance,2,9936,HOBBLE CREEK,Observational,,NULL,A,40.156828346409,-111.530562652563,Direct,Yes,https://waterrights.utah.gov/cgi-bin/dvrtview.exe?Modinfo=StationView&STATION_ID=9936,1,DAILY_RECORDS,Mean daily discharge in CFS,Mean daily discharge in CFS,1,CFS,4,2014,2023
SPRINGVILLE_IRR,NULL,9937,SPRINGVILLE IRR HIGHLINE CANAL,HIGHLINE CANAL,Radio ADD: 102 CH:1,Conveyance,1,9937,HOBBLE CREEK,Observational,2` ramp flume to be piped/meter,NULL,A,40.1568037262407,-111.530874585371,Manual,No,https://waterrights.utah.gov/cgi-bin/dvrtview.exe?Modinfo=StationView&STATION_ID=9937,1,DAILY_RECORDS,Mean daily discharge in CFS,Mean daily discharge in CFS,1,CFS,6,2014,2025
SPRINGVILLE_IRR,NULL,9938,SPRINGVILLE IRR ISLAND DITCH,ISLAND DITCH,Radio ADD: 102 CH:1,Conveyance,1,9938,HOBBLE CREEK,Observational,18` Parshall Flume,NULL,A,40.1480570135202,-111.567145300752,Direct,Yes,https://waterrights.utah.gov/cgi-bin/dvrtview.exe?Modinfo=StationView&STATION_ID=9938,1,DAILY_RECORDS,Mean daily discharge in CFS,Mean daily discharge in CFS,1,CFS,10,2014,2025
USGS,NULL,9940,LOGAN RIVER ABOVE FIRST DAM (USGS),10109000,Logan River Above State Dam,Stream,1,9940,LOGAN RIVER,Observational,,NULL,A,41.7436183455675,-111.783838805529,Scrape,Yes,https://waterrights.utah.gov/cgi-bin/dvrtview.exe?Modinfo=StationView&STATION_ID=9940,1,DAILY_RECORDS,Mean daily discharge in CFS,Mean daily discharge in CFS,1,CFS,12,2014,2025
SPRINGVILLE_IRR,NULL,9941,SPRINGVILLE IRR RIGHT HAND FORK,101,Right Hand Fork/Jolley`s Ranch,Stream,1,9941,HOBBLE CREEK,Observational,,NULL,I,40.1678123229559,-111.489747094655,Direct,Yes,https://waterrights.utah.gov/cgi-bin/dvrtview.exe?Modinfo=StationView&STATION_ID=9941,1,DAILY_RECORDS,Mean daily discharge in CFS,Mean daily discharge in CFS,1,CFS,10,2014,2024
SPRINGVILLE_IRR,NULL,9942,SPRINGVILLE IRR JOLLEY`S RANCH,101,Right Hand Fork/Jolley`s Ranch,Conveyance,2,9942,HOBBLE CREEK,Observational,,NULL,A,40.1668640338993,-111.493831359028,Direct,Yes,https://waterrights.utah.gov/cgi-bin/dvrtview.exe?Modinfo=StationView&STATION_ID=9942,1,DAILY_RECORDS,Mean daily discharge in CFS,Mean daily discharge in CFS,1,CFS,10,2014,2024
SPRINGVILLE_IRR,NULL,9943,SPRINGVILLE IRR DITCH 2,111,Ditch 2,Conveyance,1,9943,HOBBLE CREEK,Observational,,NULL,I,40.1624707958226,-111.595106726921,,No,https://waterrights.utah.gov/cgi-bin/dvrtview.exe?Modinfo=StationView&STATION_ID=9943,1,DAILY_RECORDS,Mean daily discharge in CFS,Mean daily discharge in CFS,1,CFS,6,2014,2023
SPRINGVILLE_IRR,NULL,9944,SPRINGVILLE IRR NEW DRY CREEK,117,New Dry Creek,Conveyance,1,9944,HOBBLE CREEK,Observational,,NULL,I,40.1485021236645,-111.616447744496,Direct,Yes,https://waterrights.utah.gov/cgi-bin/dvrtview.exe?Modinfo=StationView&STATION_ID=9944,1,DAILY_RECORDS,Mean daily discharge in CFS,Mean daily discharge in CFS,1,CFS,5,2014,2018
LBEAR,NULL,9945,WELLSVILLE MENDON CANAL RETURN FLOW,AA1,Wellsville Mendon Canal Return Flow,Conveyance,1,9945,LITTLE BEAR RIVER,Observational,4` Weir,DIGITAL,I,NULL,NULL,Direct,Yes,https://waterrights.utah.gov/cgi-bin/dvrtview.exe?Modinfo=StationView&STATION_ID=9945,1,DAILY_RECORDS,Mean daily discharge in CFS,Mean daily discharge in CFS,1,CFS,7,2014,2024
COTTONWOOD_HYDRO,NULL,9953,COTTONWOOD HYDRO UPPER,mainFlowAverage,,Hydropower,2,9953,LITTLE COTTONWOOD CREEK,Observational,Ultrasonic Pipe Meter- Single Pass,NULL,I,NULL,NULL,,Yes,https://waterrights.utah.gov/cgi-bin/dvrtview.exe?Modinfo=StationView&STATION_ID=9953,1,DAILY_RECORDS,Mean daily discharge in CFS,Mean daily discharge in CFS,1,CFS,3,2014,2016
COTTONWOOD_HYDRO,NULL,9954,COTTONWOOD HYDRO LOWER,mainFlowAverage,,Hydropower,1,9954,LITTLE COTTONWOOD CREEK,Observational,Ultrasonic Pipe Meter- Single Pass,NULL,I,NULL,NULL,,Yes,https://waterrights.utah.gov/cgi-bin/dvrtview.exe?Modinfo=StationView&STATION_ID=9954,1,DAILY_RECORDS,Mean daily discharge in CFS,Mean daily discharge in CFS,1,CFS,3,2014,2016
WEBER_BASIN,NULL,9956,WEBER BASIN GATEWAY CANAL TUNNEL (DAVIS AQUEDUCT),Bifurcation Davis Flow,Davis Aqueduct Flow,Conveyance,1,9956,WEBER RIVER,Observational,venturi meter,NULL,A,41.1318744816431,-111.895423783995,Scrape,Yes,https://waterrights.utah.gov/cgi-bin/dvrtview.exe?Modinfo=StationView&STATION_ID=9956,1,DAILY_RECORDS,Mean daily discharge in CFS,Mean daily discharge in CFS,1,CFS,12,2014,2025
WEBER_BASIN,NULL,9957,WEBER BASIN GATEWAY CANAL TUNNEL (WEBER AQUEDUCT),Bifurcation Weber Flow,,Conveyance,1,9957,WEBER RIVER,Observational,venturi meter,NULL,A,41.1331219746785,-111.895399369568,Scrape,Yes,https://waterrights.utah.gov/cgi-bin/dvrtview.exe?Modinfo=StationView&STATION_ID=9957,1,DAILY_RECORDS,Mean daily discharge in CFS,Mean daily discharge in CFS,1,CFS,12,2014,2025
WEBER_BASIN,NULL,9958,WEBER BASIN WILLARD CANAL FROM RIVER,Willard Canal Flow South,"This is one of two meters on the Willard Canal, not to be taken too seriously because the canal is very difficult to get a reliable water measurement.",Conveyance,1,9958,WEBER RIVER,Observational,electronic,NULL,A,41.2391484367226,-112.012028926345,Scrape,Yes,https://waterrights.utah.gov/cgi-bin/dvrtview.exe?Modinfo=StationView&STATION_ID=9958,1,DAILY_RECORDS,Mean daily discharge in CFS,Mean daily discharge in CFS,1,CFS,12,2014,2025
WEBER_MT_REGIONAL,NULL,9963,WEBER BASIN LOST CANYON CREEK PIPELINE,LostCanyonBooster,,Conveyance,1,9963,WEBER RIVER,Observational,,NULL,A,40.7549158365652,-111.372336896688,Scrape,Yes,https://waterrights.utah.gov/cgi-bin/dvrtview.exe?Modinfo=StationView&STATION_ID=9963,1,DAILY_RECORDS,Mean daily discharge in CFS,Mean daily discharge in CFS,1,CFS,12,2014,2025
SEVIER_DL,NULL,9968,KINGSTON PIPELINE,KINGSTONPIPELINE,Kingston Pipeline,Conveyance,1,9968,SEVIER RIVER,Observational,Dynasonic Transit Time sensor,DIGITAL,A,38.2041293413411,-112.161768448236,Direct,Yes,https://waterrights.utah.gov/cgi-bin/dvrtview.exe?Modinfo=StationView&STATION_ID=9968,1,DAILY_RECORDS,Mean daily discharge in CFS,Mean daily discharge in CFS,1,CFS,14,2012,2025
SLCO,NULL,9973,EMIGRATION CREEK AT ROTARY PARK,86,Emigration Creek @ Rotary Park,Stream,1,9973,EMIGRATION CREEK,Observational,,NULL,A,NULL,NULL,Scrape,Yes,https://waterrights.utah.gov/cgi-bin/dvrtview.exe?Modinfo=StationView&STATION_ID=9973,1,DAILY_RECORDS,Mean daily discharge in CFS,Mean daily discharge in CFS,1,CFS,11,2014,2024
USGS,NULL,10019,LITTLE BEAR RIVER @ PARADISE (USGS),10105900,Little Bear River (Paradise),Stream,1,10019,LITTLE BEAR RIVER,Observational,,NULL,A,41.5754999747764,-111.855221626762,Scrape,Yes,https://waterrights.utah.gov/cgi-bin/dvrtview.exe?Modinfo=StationView&STATION_ID=10019,1,DAILY_RECORDS,Mean daily discharge in CFS,Mean daily discharge in CFS,1,CFS,11,2015,2025
MWDSLS,NULL,10025,MWDSLS DESPAIN DIVERSIONS,2,LCC Despain Diversion,Conveyance,1,10025,LITTLE COTTONWOOD CREEK,Observational,Calculation,DIGITAL,A,NULL,NULL,Scrape,Yes,https://waterrights.utah.gov/cgi-bin/dvrtview.exe?Modinfo=StationView&STATION_ID=10025,1,DAILY_RECORDS,Mean daily discharge in CFS,Mean daily discharge in CFS,1,CFS,11,2015,2025
MWDSLS,NULL,10026,MWDSLS 15 FT PARSHALL,3,LCC 15 ft Parshall,Conveyance,1,10026,LITTLE COTTONWOOD CREEK,Observational,,DIGITAL,A,40.5785459053711,-111.79758482775,Scrape,Yes,https://waterrights.utah.gov/cgi-bin/dvrtview.exe?Modinfo=StationView&STATION_ID=10026,1,DAILY_RECORDS,Mean daily discharge in CFS,Mean daily discharge in CFS,1,CFS,11,2015,2025
MWDSLS,NULL,10030,MWDSLS FARMERS GATE,6,LCC Farmers Gate,Conveyance,1,10030,LITTLE COTTONWOOD CREEK,Observational,,FLOWMETER,A,40.5848723037581,-111.800751840615,Scrape,Yes,https://waterrights.utah.gov/cgi-bin/dvrtview.exe?Modinfo=StationView&STATION_ID=10030,1,DAILY_RECORDS,Mean daily discharge in CFS,Mean daily discharge in CFS,1,CFS,11,2015,2025
MWDSLS,NULL,10031,MWDSLS SANDY DITCH SIPHON,7,LCC Sandy Ditch Siphon,Conveyance,1,10031,LITTLE COTTONWOOD CREEK,Observational,Mag Meter,NULL,A,40.5844636250726,-111.800764348271,Scrape,Yes,https://waterrights.utah.gov/cgi-bin/dvrtview.exe?Modinfo=StationView&STATION_ID=10031,1,DAILY_RECORDS,Mean daily discharge in CFS,Mean daily discharge in CFS,1,CFS,11,2015,2025
MWDSLS,NULL,10032,MWDSLS OVERFLOW TAILRACE,8,LCC overflow to creek,Dry Dam Release,1,10032,LITTLE COTTONWOOD CREEK,Observational,Bubbler at discharge point,STAGE,A,40.5843981431106,-111.800792552671,Scrape,Yes,https://waterrights.utah.gov/cgi-bin/dvrtview.exe?Modinfo=StationView&STATION_ID=10032,1,DAILY_RECORDS,Mean daily discharge in CFS,Mean daily discharge in CFS,1,CFS,11,2015,2025
MWDSLS,NULL,10033,MWDSLS SANDY DITCH WEIR,9,LCC Sandy Ditch Weir,Conveyance,1,10033,LITTLE COTTONWOOD CREEK,Observational,Mag Meter,FLOWMETER,A,40.5848481567662,-111.800779640153,Scrape,Yes,https://waterrights.utah.gov/cgi-bin/dvrtview.exe?Modinfo=StationView&STATION_ID=10033,1,DAILY_RECORDS,Mean daily discharge in CFS,Mean daily discharge in CFS,1,CFS,11,2015,2025
MWDSLS,NULL,10034,MWDSLS WTP CREEKSIDE DIVERSION,10,LCC LCWTP Creek Intake,Conveyance,1,10034,LITTLE COTTONWOOD CREEK,Observational,8 probe 4 path Ultrasonic,NULL,A,40.5839103379498,-111.801582119424,Scrape,Yes,https://waterrights.utah.gov/cgi-bin/dvrtview.exe?Modinfo=StationView&STATION_ID=10034,1,DAILY_RECORDS,Mean daily discharge in CFS,Mean daily discharge in CFS,1,CFS,11,2015,2025
MWDSLS,NULL,10035,MWDSLS WTP TAILRACE,5,LCC LCWTP,Dry Dam Release,1,10035,LITTLE COTTONWOOD CREEK,Observational,8 probe 4 path Ultrasonic,NULL,A,40.5849129522964,-111.800698407229,Scrape,Yes,https://waterrights.utah.gov/cgi-bin/dvrtview.exe?Modinfo=StationView&STATION_ID=10035,1,DAILY_RECORDS,Mean daily discharge in CFS,Mean daily discharge in CFS,1,CFS,11,2015,2025
USGS,NULL,10054,USGS @ WOODLAND,10154200,Woodland Gage,Stream,1,10054,PROVO RIVER,Observational,Bubbler,DIGITAL,A,40.557778875613,-111.169067811828,Scrape,Yes,https://waterrights.utah.gov/cgi-bin/dvrtview.exe?Modinfo=StationView&STATION_ID=10054,1,DAILY_RECORDS,Mean daily discharge in CFS,Mean daily discharge in CFS,1,CFS,12,1974,2025
SEVIER,NULL,10063,CLOVER FLAT IRR CO - MEADOW DITCH,10250,MEADOW DITCH,Conveyance,1,10063,SEVIER RIVER,Observational,,DIGITAL,A,38.1401995759159,-112.014669973489,Scrape,Yes,https://waterrights.utah.gov/cgi-bin/dvrtview.exe?Modinfo=StationView&STATION_ID=10063,1,DAILY_RECORDS,Mean daily discharge in CFS,Mean daily discharge in CFS,1,CFS,11,2014,2024
SEVIER,NULL,10064,CLOVER FLAT IRR CO - CLOVER FLAT DITCH,10237,CLOVER FLAT,Conveyance,1,10064,SEVIER RIVER,Observational,,DIGITAL,A,38.1315201192019,-112.000752928964,Scrape,Yes,https://waterrights.utah.gov/cgi-bin/dvrtview.exe?Modinfo=StationView&STATION_ID=10064,1,DAILY_RECORDS,Mean daily discharge in CFS,Mean daily discharge in CFS,1,CFS,11,2014,2024
MWDSLS,NULL,10066,06.01.10 UTAH LAKE DISTRIBUTING CANAL (59-13) NORTH BRANCH CFS,18,ULDC North Branch from Jordan River (18 is column S),Conveyance,1,10066,UTAH LAKE/JORDAN RIVER,Observational,,NULL,A,40.4409830908643,-111.921012584133,Scrape,Yes,https://waterrights.utah.gov/cgi-bin/dvrtview.exe?Modinfo=StationView&STATION_ID=10066,1,DAILY_RECORDS,Mean daily discharge in CFS,Mean daily discharge in CFS,1,CFS,10,2016,2025
MWDSLS,NULL,10067,06.01.20 UTAH LAKE DISTRIBUTING CANAL (59-13) SOUTH BRANCH CFS,19,ULDC South Branch from Jordan River  (19 is column T),Conveyance,1,10067,UTAH LAKE/JORDAN RIVER,Observational,,DIGITAL,A,40.440805309914,-111.920515912041,Scrape,Yes,https://waterrights.utah.gov/cgi-bin/dvrtview.exe?Modinfo=StationView&STATION_ID=10067,1,DAILY_RECORDS,Mean daily discharge in CFS,Mean daily discharge in CFS,1,CFS,7,2016,2025
MWDSLS,NULL,10068,UTAH LAKE DISTRIBUTING CANAL SOUTH BRANCH FROM PR AQUEDUCT,16,PRA to ULDC South Branch (Column Q is 16),Conveyance,1,10068,PROVO RIVER,Observational,flume,NULL,A,40.4408059705925,-111.920515531948,Scrape,Yes,https://waterrights.utah.gov/cgi-bin/dvrtview.exe?Modinfo=StationView&STATION_ID=10068,1,DAILY_RECORDS,Mean daily discharge in CFS,Mean daily discharge in CFS,1,CFS,10,2016,2025
MWDSLS,NULL,10069,UTAH LAKE DISTRIBUTING CANAL NORTH BRANCH FROM PR AQUEDUCT,15,PRA to ULDC North Branch matches column P,Conveyance,1,10069,PROVO RIVER,Observational,,NULL,A,40.4409810204902,-111.92101802694,Scrape,Yes,https://waterrights.utah.gov/cgi-bin/dvrtview.exe?Modinfo=StationView&STATION_ID=10069,1,DAILY_RECORDS,Mean daily discharge in CFS,Mean daily discharge in CFS,1,CFS,9,2016,2025
CU_SCADA,NULL,10078,JORDANELLE SURFACE AREA,JD_CALC_RES_CONTENT,Jordanelle Reservoir Content - Acre-Feet,Reservoir,1,10078,PROVO RIVER,Observational,,STAGE,A,40.5995689922009,-111.421218901818,Scrape,Yes,https://waterrights.utah.gov/cgi-bin/dvrtview.exe?Modinfo=StationView&STATION_ID=10078,17,DAILY_RECORDS,Daily Surface Area in Acres,Daily Surface Area in Acres,1,AC,9,2017,2025
CU_SCADA,NULL,10079,DEER CREEK SURFACE AREA,OREM\DC\ANALOG\RES_LVL,Deer Creek Reservoir Elevation,Reservoir,1,10079,PROVO RIVER,Observational,,STAGE,A,40.4073211451058,-111.526616897588,Scrape,Yes,https://waterrights.utah.gov/cgi-bin/dvrtview.exe?Modinfo=StationView&STATION_ID=10079,17,DAILY_RECORDS,Daily Surface Area in Acres,Daily Surface Area in Acres,1,AC,9,2017,2025
USGS,NULL,10112,"USGS WEBER RIVER AT I-84 AT UINTAH, UT",10136600,,Stream,1,10112,WEBER RIVER,Observational,,NULL,A,41.1370461192788,-111.919273348565,Scrape,Yes,https://waterrights.utah.gov/cgi-bin/dvrtview.exe?Modinfo=StationView&STATION_ID=10112,1,DAILY_RECORDS,Mean daily discharge in CFS,Mean daily discharge in CFS,1,CFS,10,2016,2025
USGS,NULL,10113,"USGS WEBER RIVER NEAR PEOA, UTAH",10129300,Weber River at Peoa above Rockport,Stream,1,10113,WEBER RIVER,Observational,,NULL,A,40.7510753548872,-111.370118473431,Scrape,Yes,https://waterrights.utah.gov/cgi-bin/dvrtview.exe?Modinfo=StationView&STATION_ID=10113,1,DAILY_RECORDS,Mean daily discharge in CFS,Mean daily discharge in CFS,1,CFS,10,2016,2025
USGS,NULL,10115,USGS WEBER RIVER AT OGDEN UTAH (ABOVE OGDEN RIVER),10137000,"USGS 10137000 WEBER RIVER AT OGDEN, UTAH (above Ogden River)",Stream,1,10115,WEBER RIVER,Observational,USGS STREAMGAGE INSTALLED 2016,NULL,A,41.2270977225315,-111.987194479747,Scrape,Yes,https://waterrights.utah.gov/cgi-bin/dvrtview.exe?Modinfo=StationView&STATION_ID=10115,1,DAILY_RECORDS,Mean daily discharge in CFS,Mean daily discharge in CFS,1,CFS,10,2016,2025
USGS,NULL,10119,CLEAR CREEK ABOVE DIVERSIONS,10194200,CLEAR CREEK ABOVE THE DIVERSIONS,Stream,1,10119,SEVIER RIVER,Observational,USGS,DIGITAL,A,38.5793724806052,-112.288542170611,Scrape,Yes,https://waterrights.utah.gov/cgi-bin/dvrtview.exe?Modinfo=StationView&STATION_ID=10119,1,DAILY_RECORDS,Mean daily discharge in CFS,Mean daily discharge in CFS,1,CFS,16,1934,2025
USGS,NULL,10120,USGS PROVO RIVER AT PROVO,10163000,,Stream,1,10120,PROVO RIVER,Observational,,NULL,A,40.2391294293322,-111.711366769315,Scrape,Yes,https://waterrights.utah.gov/cgi-bin/dvrtview.exe?Modinfo=StationView&STATION_ID=10120,1,DAILY_RECORDS,Mean daily discharge in CFS,Mean daily discharge in CFS,1,CFS,12,2014,2025
WEBER,NULL,10123,HARDSCRABBLE CREEK TOTAL,HARDSCRABBLE,HARDSCRABBLE CREEK TOTAL,Stream,1,10123,WEBER RIVER,Observational,rated section and gaging station,NULL,A,40.9549072530262,-111.712342932403,Direct,Yes,https://waterrights.utah.gov/cgi-bin/dvrtview.exe?Modinfo=StationView&STATION_ID=10123,1,DAILY_RECORDS,Mean daily discharge in CFS,Mean daily discharge in CFS,1,CFS,9,2017,2025
IDAHO,NULL,10139,(01) WKUNZ,10047305,WKUNZ,Conveyance,NULL,10139,LBR - IDAHO,Observational,,NULL,A,NULL,NULL,Scrape,Yes,https://waterrights.utah.gov/cgi-bin/dvrtview.exe?Modinfo=StationView&STATION_ID=10139,1,DAILY_RECORDS,Mean daily discharge in CFS,Mean daily discharge in CFS,1,CFS,26,2000,2025
IDAHO,NULL,10140,(02) HCASTLE,10067705,HCASTLE,Conveyance,NULL,10140,LBR - IDAHO,Observational,,NULL,A,NULL,NULL,Scrape,Yes,https://waterrights.utah.gov/cgi-bin/dvrtview.exe?Modinfo=StationView&STATION_ID=10140,1,DAILY_RECORDS,Mean daily discharge in CFS,Mean daily discharge in CFS,1,CFS,26,2000,2025
IDAHO,NULL,10141,(03) STEVENS,10067725,STEVENS,Conveyance,NULL,10141,LBR - IDAHO,Observational,,NULL,A,NULL,NULL,Scrape,Yes,https://waterrights.utah.gov/cgi-bin/dvrtview.exe?Modinfo=StationView&STATION_ID=10141,1,DAILY_RECORDS,Mean daily discharge in CFS,Mean daily discharge in CFS,1,CFS,26,2000,2025
IDAHO,NULL,10142,(04) CKUNZ,10067831,CKUNZ,Conveyance,NULL,10142,LBR - IDAHO,Observational,,NULL,A,NULL,NULL,Scrape,Yes,https://waterrights.utah.gov/cgi-bin/dvrtview.exe?Modinfo=StationView&STATION_ID=10142,1,DAILY_RECORDS,Mean daily discharge in CFS,Mean daily discharge in CFS,1,CFS,26,2000,2025
IDAHO,NULL,10143,(05) SRKUNZ,10067834,SRKUNZ,Conveyance,NULL,10143,LBR - IDAHO,Observational,,NULL,A,NULL,NULL,Scrape,Yes,https://waterrights.utah.gov/cgi-bin/dvrtview.exe?Modinfo=StationView&STATION_ID=10143,1,DAILY_RECORDS,Mean daily discharge in CFS,Mean daily discharge in CFS,1,CFS,26,2000,2025
IDAHO,NULL,10144,(06) DKUNZ,10067855,DKUNZ,Conveyance,NULL,10144,LBR - IDAHO,Observational,,NULL,A,NULL,NULL,Scrape,Yes,https://waterrights.utah.gov/cgi-bin/dvrtview.exe?Modinfo=StationView&STATION_ID=10144,1,DAILY_RECORDS,Mean daily discharge in CFS,Mean daily discharge in CFS,1,CFS,26,2000,2025
IDAHO,NULL,10145,(07) PKUNZ1,10067870,PKUNZ1,Conveyance,NULL,10145,LBR - IDAHO,Observational,,NULL,A,NULL,NULL,Scrape,Yes,https://waterrights.utah.gov/cgi-bin/dvrtview.exe?Modinfo=StationView&STATION_ID=10145,1,DAILY_RECORDS,Mean daily discharge in CFS,Mean daily discharge in CFS,1,CFS,26,2000,2025
IDAHO,NULL,10146,(08) PKUNZ2,10067874,PKUNZ2,Conveyance,NULL,10146,LBR - IDAHO,Observational,,NULL,A,NULL,NULL,Scrape,Yes,https://waterrights.utah.gov/cgi-bin/dvrtview.exe?Modinfo=StationView&STATION_ID=10146,1,DAILY_RECORDS,Mean daily discharge in CFS,Mean daily discharge in CFS,1,CFS,26,2000,2025
IDAHO,NULL,10147,(09) ID01,10068205,ID01,Conveyance,NULL,10147,LBR - IDAHO,Observational,,NULL,A,NULL,NULL,Scrape,Yes,https://waterrights.utah.gov/cgi-bin/dvrtview.exe?Modinfo=StationView&STATION_ID=10147,1,DAILY_RECORDS,Mean daily discharge in CFS,Mean daily discharge in CFS,1,CFS,26,2000,2025
IDAHO,NULL,10148,(10) PHELPS,10068210,PHELPS,Conveyance,NULL,10148,LBR - IDAHO,Observational,,NULL,A,NULL,NULL,Scrape,Yes,https://waterrights.utah.gov/cgi-bin/dvrtview.exe?Modinfo=StationView&STATION_ID=10148,1,DAILY_RECORDS,Mean daily discharge in CFS,Mean daily discharge in CFS,1,CFS,26,2000,2025
IDAHO,NULL,10149,(11) BUDGE,10072550,BUDGE,Conveyance,NULL,10149,LBR - IDAHO,Observational,,NULL,A,NULL,NULL,Scrape,Yes,https://waterrights.utah.gov/cgi-bin/dvrtview.exe?Modinfo=StationView&STATION_ID=10149,1,DAILY_RECORDS,Mean daily discharge in CFS,Mean daily discharge in CFS,1,CFS,26,2000,2025
IDAHO,NULL,10150,(12) SGOLF,10078905,SGOLF,Conveyance,NULL,10150,LBR - IDAHO,Observational,,NULL,A,NULL,NULL,Scrape,Yes,https://waterrights.utah.gov/cgi-bin/dvrtview.exe?Modinfo=StationView&STATION_ID=10150,1,DAILY_RECORDS,Mean daily discharge in CFS,Mean daily discharge in CFS,1,CFS,26,2000,2025
IDAHO,NULL,10151,(13) LCHANCE,10079600,LCHANCE,Conveyance,NULL,10151,LBR - IDAHO,Observational,,NULL,A,NULL,NULL,Scrape,Yes,https://waterrights.utah.gov/cgi-bin/dvrtview.exe?Modinfo=StationView&STATION_ID=10151,1,DAILY_RECORDS,Mean daily discharge in CFS,Mean daily discharge in CFS,1,CFS,26,2000,2025
IDAHO,NULL,10152,(14) BENCHB,10079800,BENCHB,Conveyance,NULL,10152,LBR - IDAHO,Observational,,NULL,A,NULL,NULL,Scrape,Yes,https://waterrights.utah.gov/cgi-bin/dvrtview.exe?Modinfo=StationView&STATION_ID=10152,1,DAILY_RECORDS,Mean daily discharge in CFS,Mean daily discharge in CFS,1,CFS,26,2000,2025
IDAHO,NULL,10153,(15) GVALLEY,10080105,GVALLEY,Conveyance,NULL,10153,LBR - IDAHO,Observational,,NULL,A,NULL,NULL,Scrape,Yes,https://waterrights.utah.gov/cgi-bin/dvrtview.exe?Modinfo=StationView&STATION_ID=10153,1,DAILY_RECORDS,Mean daily discharge in CFS,Mean daily discharge in CFS,1,CFS,26,2000,2025
IDAHO,NULL,10154,(16) HOGAN,10080355,HOGAN,Conveyance,NULL,10154,LBR - IDAHO,Observational,,NULL,A,NULL,NULL,Scrape,Yes,https://waterrights.utah.gov/cgi-bin/dvrtview.exe?Modinfo=StationView&STATION_ID=10154,1,DAILY_RECORDS,Mean daily discharge in CFS,Mean daily discharge in CFS,1,CFS,26,2000,2025
IDAHO,NULL,10155,(17) WANLASS,10080385,WANLASS,Conveyance,NULL,10155,LBR - IDAHO,Observational,,NULL,A,NULL,NULL,Scrape,Yes,https://waterrights.utah.gov/cgi-bin/dvrtview.exe?Modinfo=StationView&STATION_ID=10155,1,DAILY_RECORDS,Mean daily discharge in CFS,Mean daily discharge in CFS,1,CFS,26,2000,2025
IDAHO,NULL,10156,(18) COOMBS,10081650,COOMBS,Conveyance,NULL,10156,LBR - IDAHO,Observational,,NULL,A,NULL,NULL,Scrape,Yes,https://waterrights.utah.gov/cgi-bin/dvrtview.exe?Modinfo=StationView&STATION_ID=10156,1,DAILY_RECORDS,Mean daily discharge in CFS,Mean daily discharge in CFS,1,CFS,26,2000,2025
IDAHO,NULL,10157,(19) LWHITE,10082550,LWHITE,Conveyance,NULL,10157,LBR - IDAHO,Observational,,NULL,A,NULL,NULL,Scrape,Yes,https://waterrights.utah.gov/cgi-bin/dvrtview.exe?Modinfo=StationView&STATION_ID=10157,1,DAILY_RECORDS,Mean daily discharge in CFS,Mean daily discharge in CFS,1,CFS,26,2000,2025
IDAHO,NULL,10158,(20) RPANTER,10083505,RPANTER,Conveyance,NULL,10158,LBR - IDAHO,Observational,,NULL,A,NULL,NULL,Scrape,Yes,https://waterrights.utah.gov/cgi-bin/dvrtview.exe?Modinfo=StationView&STATION_ID=10158,1,DAILY_RECORDS,Mean daily discharge in CFS,Mean daily discharge in CFS,1,CFS,26,2000,2025
IDAHO,NULL,10159,(21) SMBOSEN,10086950,SMBOSEN,Conveyance,NULL,10159,LBR - IDAHO,Observational,,NULL,A,NULL,NULL,Scrape,Yes,https://waterrights.utah.gov/cgi-bin/dvrtview.exe?Modinfo=StationView&STATION_ID=10159,1,DAILY_RECORDS,Mean daily discharge in CFS,Mean daily discharge in CFS,1,CFS,26,2000,2025
IDAHO,NULL,10160,(22) TLPUMPS,10086975,TLPUMPS,Conveyance,NULL,10160,LBR - IDAHO,Observational,,NULL,A,NULL,NULL,Scrape,Yes,https://waterrights.utah.gov/cgi-bin/dvrtview.exe?Modinfo=StationView&STATION_ID=10160,1,DAILY_RECORDS,Mean daily discharge in CFS,Mean daily discharge in CFS,1,CFS,26,2000,2025
IDAHO,NULL,10161,(23) WSMITH,10089820,WSMITH,Conveyance,NULL,10161,LBR - IDAHO,Observational,,NULL,A,NULL,NULL,Scrape,Yes,https://waterrights.utah.gov/cgi-bin/dvrtview.exe?Modinfo=StationView&STATION_ID=10161,1,DAILY_RECORDS,Mean daily discharge in CFS,Mean daily discharge in CFS,1,CFS,26,2000,2025
IDAHO,NULL,10162,(24) NELSON,10089850,NELSON,Conveyance,NULL,10162,LBR - IDAHO,Observational,,NULL,A,NULL,NULL,Scrape,Yes,https://waterrights.utah.gov/cgi-bin/dvrtview.exe?Modinfo=StationView&STATION_ID=10162,1,DAILY_RECORDS,Mean daily discharge in CFS,Mean daily discharge in CFS,1,CFS,26,2000,2025
IDAHO,NULL,10163,(25) UPRDALE,10089880,UPRDALE,Conveyance,NULL,10163,LBR - IDAHO,Observational,,NULL,A,NULL,NULL,Scrape,Yes,https://waterrights.utah.gov/cgi-bin/dvrtview.exe?Modinfo=StationView&STATION_ID=10163,1,DAILY_RECORDS,Mean daily discharge in CFS,Mean daily discharge in CFS,1,CFS,26,2000,2025
IDAHO,NULL,10164,(26) RDALE,10089950,RDALE,Conveyance,NULL,10164,LBR - IDAHO,Observational,,NULL,A,NULL,NULL,Scrape,Yes,https://waterrights.utah.gov/cgi-bin/dvrtview.exe?Modinfo=StationView&STATION_ID=10164,1,DAILY_RECORDS,Mean daily discharge in CFS,Mean daily discharge in CFS,1,CFS,26,2000,2025
IDAHO,NULL,10165,(27) HIGLEY,10089955,HIGLEY,Conveyance,NULL,10165,LBR - IDAHO,Observational,,NULL,A,NULL,NULL,Scrape,Yes,https://waterrights.utah.gov/cgi-bin/dvrtview.exe?Modinfo=StationView&STATION_ID=10165,1,DAILY_RECORDS,Mean daily discharge in CFS,Mean daily discharge in CFS,1,CFS,26,2000,2025
IDAHO,NULL,10166,(28) RDALEPR,10089960,RDALEPR,Conveyance,NULL,10166,LBR - IDAHO,Observational,,NULL,A,NULL,NULL,Scrape,Yes,https://waterrights.utah.gov/cgi-bin/dvrtview.exe?Modinfo=StationView&STATION_ID=10166,1,DAILY_RECORDS,Mean daily discharge in CFS,Mean daily discharge in CFS,1,CFS,26,2000,2025
IDAHO,NULL,10167,(29) HNDRSON,10089970,HNDRSON,Conveyance,NULL,10167,LBR - IDAHO,Observational,,NULL,A,NULL,NULL,Scrape,Yes,https://waterrights.utah.gov/cgi-bin/dvrtview.exe?Modinfo=StationView&STATION_ID=10167,1,DAILY_RECORDS,Mean daily discharge in CFS,Mean daily discharge in CFS,1,CFS,26,2000,2025
IDAHO,NULL,10168,(30) WCCANAL,10090250,WCCANAL,Conveyance,NULL,10168,LBR - IDAHO,Observational,,NULL,A,NULL,NULL,Scrape,Yes,https://waterrights.utah.gov/cgi-bin/dvrtview.exe?Modinfo=StationView&STATION_ID=10168,1,DAILY_RECORDS,Mean daily discharge in CFS,Mean daily discharge in CFS,1,CFS,26,2000,2025
IDAHO,NULL,10169,(31) JOHNSON,10091110,JOHNSON,Conveyance,NULL,10169,LBR - IDAHO,Observational,,NULL,A,NULL,NULL,Scrape,Yes,https://waterrights.utah.gov/cgi-bin/dvrtview.exe?Modinfo=StationView&STATION_ID=10169,1,DAILY_RECORDS,Mean daily discharge in CFS,Mean daily discharge in CFS,1,CFS,26,2000,2025
IDAHO,NULL,10170,(32) HODGES,10091120,HODGES,Conveyance,NULL,10170,LBR - IDAHO,Observational,,NULL,A,NULL,NULL,Scrape,Yes,https://waterrights.utah.gov/cgi-bin/dvrtview.exe?Modinfo=StationView&STATION_ID=10170,1,DAILY_RECORDS,Mean daily discharge in CFS,Mean daily discharge in CFS,1,CFS,26,2000,2025
IDAHO,NULL,10171,(33) FJENSEN,10091455,FJENSEN,Conveyance,NULL,10171,LBR - IDAHO,Observational,,NULL,A,NULL,NULL,Scrape,Yes,https://waterrights.utah.gov/cgi-bin/dvrtview.exe?Modinfo=StationView&STATION_ID=10171,1,DAILY_RECORDS,Mean daily discharge in CFS,Mean daily discharge in CFS,1,CFS,26,2000,2025
IDAHO,NULL,10172,(34) BOBKA,10091460,BOBKA,Conveyance,NULL,10172,LBR - IDAHO,Observational,,NULL,A,NULL,NULL,Scrape,Yes,https://waterrights.utah.gov/cgi-bin/dvrtview.exe?Modinfo=StationView&STATION_ID=10172,1,DAILY_RECORDS,Mean daily discharge in CFS,Mean daily discharge in CFS,1,CFS,26,2000,2025
IDAHO,NULL,10173,(35) BASTION,10091495,BASTION,Conveyance,NULL,10173,LBR - IDAHO,Observational,,NULL,A,NULL,NULL,Scrape,Yes,https://waterrights.utah.gov/cgi-bin/dvrtview.exe?Modinfo=StationView&STATION_ID=10173,1,DAILY_RECORDS,Mean daily discharge in CFS,Mean daily discharge in CFS,1,CFS,26,2000,2025
IDAHO,NULL,10174,(36) INGLAMT,10091503,INGLAMT,Conveyance,NULL,10174,LBR - IDAHO,Observational,,NULL,A,NULL,NULL,Scrape,Yes,https://waterrights.utah.gov/cgi-bin/dvrtview.exe?Modinfo=StationView&STATION_ID=10174,1,DAILY_RECORDS,Mean daily discharge in CFS,Mean daily discharge in CFS,1,CFS,26,2000,2025
IDAHO,NULL,10175,(37) AINGLET,10091563,AINGLET,Conveyance,NULL,10175,LBR - IDAHO,Observational,,NULL,A,NULL,NULL,Scrape,Yes,https://waterrights.utah.gov/cgi-bin/dvrtview.exe?Modinfo=StationView&STATION_ID=10175,1,DAILY_RECORDS,Mean daily discharge in CFS,Mean daily discharge in CFS,1,CFS,26,2000,2025
IDAHO,NULL,10176,(38) CRPUMP,10092650,CRPUMP,Conveyance,NULL,10176,LBR - IDAHO,Observational,,NULL,A,NULL,NULL,Scrape,Yes,https://waterrights.utah.gov/cgi-bin/dvrtview.exe?Modinfo=StationView&STATION_ID=10176,1,DAILY_RECORDS,Mean daily discharge in CFS,Mean daily discharge in CFS,1,CFS,26,2000,2025
IDAHO,NULL,10177,(39) CWHITNY,10092755,CWHITNY,Conveyance,NULL,10177,LBR - IDAHO,Observational,,NULL,A,NULL,NULL,Scrape,Yes,https://waterrights.utah.gov/cgi-bin/dvrtview.exe?Modinfo=StationView&STATION_ID=10177,1,DAILY_RECORDS,Mean daily discharge in CFS,Mean daily discharge in CFS,1,CFS,26,2000,2025
BEAR_UPL,NULL,10180,BRONEIDA,Bear R. Below UP&L at Oneida,BRONEIDA,Stream,1,10180,LBR - IDAHO,Observational,,NULL,A,NULL,NULL,Scrape,Yes,https://waterrights.utah.gov/cgi-bin/dvrtview.exe?Modinfo=StationView&STATION_ID=10180,1,DAILY_RECORDS,Mean daily discharge in CFS,Mean daily discharge in CFS,1,CFS,26,2000,2025
USGS,NULL,10181,BRUTIDSL,10092700,UT/ID State Line,Stream,1,10181,LBR - IDAHO,Observational,,NULL,A,42.0916556919612,-111.916296815912,Scrape,Yes,https://waterrights.utah.gov/cgi-bin/dvrtview.exe?Modinfo=StationView&STATION_ID=10181,1,DAILY_RECORDS,Mean daily discharge in CFS,Mean daily discharge in CFS,1,CFS,26,2000,2025
OGDEN,NULL,10191,SOUTH FORK 5-FT PARSHALL,CHINAHUT,South Fork 5-ft flume above Ogden Valley Canal and Huntsville Irrigation Company split,Conveyance,1,10191,OGDEN RIVER,Observational,5-ft concrete/steel Parshall Flume,NULL,A,41.25898950357,-111.69847613351,Scrape,Yes,https://waterrights.utah.gov/cgi-bin/dvrtview.exe?Modinfo=StationView&STATION_ID=10191,1,DAILY_RECORDS,Mean daily discharge in CFS,Mean daily discharge in CFS,1,CFS,9,2017,2025
SaratogaSpringsSCADA,NULL,10203,01.02.01 SARATOGA SPRINGS PUMP STATION (CFS),sBoosterMarinaProduction,,Conveyance,1,10203,UTAH LAKE/JORDAN RIVER,Observational,Meter,NULL,A,40.2908384905778,-111.870483870922,Scrape,Yes,https://waterrights.utah.gov/cgi-bin/dvrtview.exe?Modinfo=StationView&STATION_ID=10203,1,DAILY_RECORDS,Mean daily discharge in CFS,Mean daily discharge in CFS,1,CFS,9,2017,2025
BEAR_UPPER,NULL,10206,BURDETTE WESTON NORTH PUMP,15713,Burdette Weston North Pump,Conveyance,1,10206,UPPER BEAR,Observational,Strap on Ultrasonic flow meter,DIGITAL,A,41.7598649070362,-111.07853712638,Scrape,Yes,https://waterrights.utah.gov/cgi-bin/dvrtview.exe?Modinfo=StationView&STATION_ID=10206,1,DAILY_RECORDS,Mean daily discharge in CFS,Mean daily discharge in CFS,1,CFS,8,2017,2025
BEAR_UPPER,NULL,10207,BURDETTE WESTON SOUTH PUMP,15714,Burdette Weston South Pump,Conveyance,1,10207,UPPER BEAR,Observational,Strap on Ultrasonic flow meter,NULL,A,41.7597337283272,-111.078524106819,Scrape,Yes,https://waterrights.utah.gov/cgi-bin/dvrtview.exe?Modinfo=StationView&STATION_ID=10207,1,DAILY_RECORDS,Mean daily discharge in CFS,Mean daily discharge in CFS,1,CFS,8,2017,2025
WEBER,NULL,10208,THURSTON BRIDGE,THURSTON BRIDGE,East Canyon Creek @ Thurston Bridge,Stream,1,10208,WEBER RIVER,Observational,STREAMGAGING REQ`D.  ROCK SILL.,NULL,A,41.0544182983929,-111.714678740175,Direct,Yes,https://waterrights.utah.gov/cgi-bin/dvrtview.exe?Modinfo=StationView&STATION_ID=10208,1,DAILY_RECORDS,Mean daily discharge in CFS,Mean daily discharge in CFS,1,CFS,9,2017,2025
EMERY,NULL,10217,HUNTINGTON CREEK BELOW POWER PLANT,9194,Huntington River Below Power Plant,Stream,1,10217,HUNTINGTON CREEK,Observational,,DIGITAL,A,39.3850916754223,-111.088287050283,Scrape,Yes,https://waterrights.utah.gov/cgi-bin/dvrtview.exe?Modinfo=StationView&STATION_ID=10217,1,DAILY_RECORDS,Mean daily discharge in CFS,Mean daily discharge in CFS,1,CFS,28,1983,2025
LITTLE_BEAR,NULL,10287,SOUTH FORK OF LITTLE BEAR RIVER,SOUTH FORK LITTLE BEAR,SOUTH FORK OF LITTLE BEAR RIVER,Stream,1,10287,LITTLE BEAR RIVER,Observational,,ONOFF,A,41.5011487920904,-111.816632366585,Direct,Yes,https://waterrights.utah.gov/cgi-bin/dvrtview.exe?Modinfo=StationView&STATION_ID=10287,1,DAILY_RECORDS,Mean daily discharge in CFS,Mean daily discharge in CFS,1,CFS,8,2018,2025
EMERY,NULL,10297,CCCIC - SWASEY DIVERSION BYPASS METER,12034,SWASEY DIVERSION BYPASS METER,Conveyance,1,10297,COTTONWOOD CREEK,Observational,,NULL,A,39.2568087328231,-111.108350676384,Scrape,Yes,https://waterrights.utah.gov/cgi-bin/dvrtview.exe?Modinfo=StationView&STATION_ID=10297,1,DAILY_RECORDS,Mean daily discharge in CFS,Mean daily discharge in CFS,1,CFS,12,1987,2025
SNAKE,NULL,10318,LELAND HARRIS WELL,C4,Leland Harris Well,Well,1,10318,SNAKE VALLEY,Observational,,DIGITAL,A,39.5585987054931,-113.895669866371,,,https://waterrights.utah.gov/cgi-bin/dvrtview.exe?Modinfo=StationView&STATION_ID=10318,6,DAILY_RECORDS,Daily gage height in FEET,Daily gage height in FEET,1,FEET,6,2018,2023
USGS,NULL,10321,USGS PROVO RIVER NEAR WOODLAND,10154200,Woodland Gage,Stream,1,10321,PROVO RIVER,Observational,,NULL,A,40.5577819922146,-111.168883354937,Scrape,Yes,https://waterrights.utah.gov/cgi-bin/dvrtview.exe?Modinfo=StationView&STATION_ID=10321,1,DAILY_RECORDS,Mean daily discharge in CFS,Mean daily discharge in CFS,1,CFS,8,2018,2025
OGDEN,NULL,10332,CO-OP FLUME,CO-OP FARM,South Fork CO-OP FLUME to two users:  CO-OP Farm and Huntsville South Bench,Conveyance,1,10332,OGDEN RIVER,Observational,30-INCH FLUME,NULL,A,41.2589212278014,-111.697805698451,Direct,Yes,https://waterrights.utah.gov/cgi-bin/dvrtview.exe?Modinfo=StationView&STATION_ID=10332,1,DAILY_RECORDS,Mean daily discharge in CFS,Mean daily discharge in CFS,1,CFS,9,2017,2025
BEAVER CREEK,NULL,10337,BEAVER CREEK NEAR GRIST MILL,Gristmill,,Stream,1,10337,WEBER RIVER,Observational,Weir with gaging station,NULL,A,40.6381625037131,-111.262343933684,Direct,Yes,https://waterrights.utah.gov/cgi-bin/dvrtview.exe?Modinfo=StationView&STATION_ID=10337,1,DAILY_RECORDS,Mean daily discharge in CFS,Mean daily discharge in CFS,1,CFS,8,2018,2025
WR_STREAM_GAGES,NULL,10339,EAST CANYON CREEK BELOW JEREMY RANCH GOLF COURSE,0,In order to access the realtime data in DVRTVIEW the divert station must be tied to a capture station. This is a dummy capture station for DVRT stations getting their data from stream gage programs,Stream,1,10339,WEBER RIVER,Observational,old USGS site,NULL,I,40.7895399525437,-111.597247531695,Direct,Yes,https://waterrights.utah.gov/cgi-bin/dvrtview.exe?Modinfo=StationView&STATION_ID=10339,1,DAILY_RECORDS,Mean daily discharge in CFS,Mean daily discharge in CFS,1,CFS,3,2018,2020
CU_SCADA,NULL,10364,DEER CREEK CONTENTS (FROM ELEV),OREM\DC\ANALOG\RES_LVL,Deer Creek Reservoir Elevation,Reservoir,1,10364,PROVO RIVER,Observational,,STAGE,A,40.4073211451058,-111.526616897588,Scrape,Yes,https://waterrights.utah.gov/cgi-bin/dvrtview.exe?Modinfo=StationView&STATION_ID=10364,4,DAILY_RECORDS,Daily Reservoir Storage in ACFT,Daily Reservoir Storage in ACFT,1,ACFT,9,2006,2025
USGS,NULL,10365,USGS UINTA RIVER AT RANDLETT,09301500,UINTA RIVER AT RANDLETT,Stream,1,10365,DUCHESNE RIVER,Observational,,DIGITAL,A,40.2333981558785,-109.803918247652,Scrape,Yes,https://waterrights.utah.gov/cgi-bin/dvrtview.exe?Modinfo=StationView&STATION_ID=10365,1,DAILY_RECORDS,Mean daily discharge in CFS,Mean daily discharge in CFS,1,CFS,10,2016,2025
USGS,NULL,10366,USGS DUCHESNE RIVER NEAR RANDLETT,09302000,DUCHESNE RIVER NEAR RANDLETT,Stream,1,10366,DUCHESNE RIVER,Observational,,DIGITAL,A,40.2100414614141,-109.781557635845,Scrape,Yes,https://waterrights.utah.gov/cgi-bin/dvrtview.exe?Modinfo=StationView&STATION_ID=10366,1,DAILY_RECORDS,Mean daily discharge in CFS,Mean daily discharge in CFS,1,CFS,10,2016,2025
USGS,NULL,10370,"USGS DUCHESNE RIV ABV UINTA RIV, NR RANDLETT, U",09295100,,Stream,1,10370,DUCHESNE RIVER,Observational,,DIGITAL,A,40.206703836954,-109.859913975182,Scrape,Yes,https://waterrights.utah.gov/cgi-bin/dvrtview.exe?Modinfo=StationView&STATION_ID=10370,1,DAILY_RECORDS,Mean daily discharge in CFS,Mean daily discharge in CFS,1,CFS,10,2016,2025
SEVIER,NULL,10371,SEVIER RIVER ABOVE CLEAR CREEK,4052,SEVIER RIVER ABOVE CLEAR CREEK,Stream,1,10371,SEVIER RIVER,Observational,,NULL,A,38.5749935617621,-112.258907643865,Scrape,Yes,https://waterrights.utah.gov/cgi-bin/dvrtview.exe?Modinfo=StationView&STATION_ID=10371,1,DAILY_RECORDS,Mean daily discharge in CFS,Mean daily discharge in CFS,1,CFS,17,1939,2025
CU_SCADA,NULL,10372,WASHINGTON LAKE CONTENTS (FROM ELEVATION),OREM\WL\ANALOG\RES_LVL,Washington Lake Reservoir Elevation,Reservoir,1,10372,PROVO RIVER,Observational,,DIGITAL,A,40.6767185849684,-110.966703335658,Scrape,Yes,https://waterrights.utah.gov/cgi-bin/dvrtview.exe?Modinfo=StationView&STATION_ID=10372,6,DAILY_RECORDS,Daily gage height in FEET,Daily gage height in FEET,1,FEET,4,2022,2025
SLCO,NULL,10387,ROSE CREEK AT JORDAN RIVER,117,Rose Creek @ Jordan River,Stream,1,10387,SLCO FLOOD CONTROL,Observational,Stage Height Sensor; Rated Section,DIGITAL,A,40.4941692764678,-111.933349795498,Scrape,Yes,https://waterrights.utah.gov/cgi-bin/dvrtview.exe?Modinfo=StationView&STATION_ID=10387,1,DAILY_RECORDS,Mean daily discharge in CFS,Mean daily discharge in CFS,1,CFS,6,2018,2024
SLCO,NULL,10388,MIDAS CREEK AT JORDAN RIVER,62,Midas Creek @ Jordan River,Stream,1,10388,SLCO FLOOD CONTROL,Observational,Stage Height Sensor; Rated Section,DIGITAL,A,40.5484895203913,-111.918601016251,Scrape,Yes,https://waterrights.utah.gov/cgi-bin/dvrtview.exe?Modinfo=StationView&STATION_ID=10388,1,DAILY_RECORDS,Mean daily discharge in CFS,Mean daily discharge in CFS,1,CFS,7,2017,2024
SLCO,NULL,10389,BINGHAM CREEK AT JORDAN RIVER,71,Bingham Creek @ Jordan River,Stream,1,10389,SLCO FLOOD CONTROL,Observational,Stage Height Sensor; Rated Section,DIGITAL,A,40.6048141456923,-111.924618506722,Scrape,Yes,https://waterrights.utah.gov/cgi-bin/dvrtview.exe?Modinfo=StationView&STATION_ID=10389,1,DAILY_RECORDS,Mean daily discharge in CFS,Mean daily discharge in CFS,1,CFS,7,2017,2024
SLCO,NULL,10390,SLCO LITTLE COTTONWOOD CREEK AT 300 WEST,80,Little Cottonwood Creek @ 300 West,Stream,1,10390,LITTLE COTTONWOOD CREEK,Observational,Stage Height Sensor; Rated Section,DIGITAL,A,40.6642363634326,-111.898800046338,Scrape,Yes,https://waterrights.utah.gov/cgi-bin/dvrtview.exe?Modinfo=StationView&STATION_ID=10390,1,DAILY_RECORDS,Mean daily discharge in CFS,Mean daily discharge in CFS,1,CFS,7,2017,2024
SLCO,NULL,10393,CITY CREEK AT MEMORY GROVE,91,City Creek @ Memory Grove,Stream,1,10393,SLCO FLOOD CONTROL,Observational,Stage Height Sensor; Rated Section,DIGITAL,A,40.78405774234,-111.883010995985,Scrape,Yes,https://waterrights.utah.gov/cgi-bin/dvrtview.exe?Modinfo=StationView&STATION_ID=10393,1,DAILY_RECORDS,Mean daily discharge in CFS,Mean daily discharge in CFS,1,CFS,7,2017,2024
SLCO,NULL,10394,BIG COTTONWOOD CREEK AT COTTONWOOD LANE,73,Big Cottonwood Creek @ Cottonwood Lane,Stream,1,10394,SLCO FLOOD CONTROL,Observational,Stage Height Sensor; Rated Section,DIGITAL,A,40.6561753164183,-111.824083990798,Scrape,Yes,https://waterrights.utah.gov/cgi-bin/dvrtview.exe?Modinfo=StationView&STATION_ID=10394,1,DAILY_RECORDS,Mean daily discharge in CFS,Mean daily discharge in CFS,1,CFS,7,2017,2024
SLCO,NULL,10395,BIG COTTONWOOD CREEK AT CREEKSIDE PARK,79,Big Cottonwood Creek @ Creekside Park,Stream,1,10395,SLCO FLOOD CONTROL,Observational,Stage Height Sensor; Rated Section,DIGITAL,A,40.6656772449241,-111.849913717784,Scrape,Yes,https://waterrights.utah.gov/cgi-bin/dvrtview.exe?Modinfo=StationView&STATION_ID=10395,1,DAILY_RECORDS,Mean daily discharge in CFS,Mean daily discharge in CFS,1,CFS,7,2017,2024
SLCO,NULL,10398,SLCO LITTLE COTTONWOOD CREEK AT TANNERS FLAT,111,Little Cottonwood Creek @ Tanners Flat,Stream,1,10398,LITTLE COTTONWOOD CREEK,Observational,Stage Height Sensor; Rated Section,DIGITAL,A,40.569950170733,-111.700659135827,Scrape,Yes,https://waterrights.utah.gov/cgi-bin/dvrtview.exe?Modinfo=StationView&STATION_ID=10398,1,DAILY_RECORDS,Mean daily discharge in CFS,Mean daily discharge in CFS,1,CFS,3,2022,2024
SLCO,NULL,10400,SLCO LITTLE COTTONWOOD CREEK AT CRESTWOOD PARK,68,Little Cottonwood Creek@Crestwood Park,Stream,1,10400,LITTLE COTTONWOOD CREEK,Observational,Stage Height Sensor; Rated Section,DIGITAL,A,40.6144372821852,-111.842837050119,Scrape,Yes,https://waterrights.utah.gov/cgi-bin/dvrtview.exe?Modinfo=StationView&STATION_ID=10400,1,DAILY_RECORDS,Mean daily discharge in CFS,Mean daily discharge in CFS,1,CFS,7,2017,2024
USGS,NULL,10401,"MILL CREEK BLW PACK CREEK NR MOUTH AT MOAB, UT (USGS)",09185100,"MILL CREEK BLW PACK CREEK NR MOUTH AT MOAB, UT",Stream,1,10401,MILL CREEK (MOAB),Observational,,STAGE,A,38.5733345216607,-109.566970807079,Scrape,Yes,https://waterrights.utah.gov/cgi-bin/dvrtview.exe?Modinfo=StationView&STATION_ID=10401,1,DAILY_RECORDS,Mean daily discharge in CFS,Mean daily discharge in CFS,1,CFS,8,2018,2025
JORDAN,NULL,10415,06.02.03 U&SL CANAL AT 9200 WEST,06.02.03 U&SL CANAL AT 9200 WEST,U&SL canal @ 9200 West (Kennecott Gauge),Conveyance,1,10415,UTAH LAKE/JORDAN RIVER,Observational,D & V sensor in trapezoidal section,NULL,A,40.6996016908572,-112.109500592118,Direct,Yes,https://waterrights.utah.gov/cgi-bin/dvrtview.exe?Modinfo=StationView&STATION_ID=10415,1,DAILY_RECORDS,Mean daily discharge in CFS,Mean daily discharge in CFS,1,CFS,6,2019,2025
PROVO,NULL,10417,BENCH CREEK IRR CO. BENCH CREEK DIVERSION,Bench Creek Flume,,Conveyance,1,10417,PROVO RIVER,Observational,RAMP FLUME,NULL,A,40.5527649311382,-111.186277996234,Direct,Yes,https://waterrights.utah.gov/cgi-bin/dvrtview.exe?Modinfo=StationView&STATION_ID=10417,1,DAILY_RECORDS,Mean daily discharge in CFS,Mean daily discharge in CFS,1,CFS,7,2019,2025
LITTLEBEAR,NULL,10424,PARADISE CITY THROUGH THE HIGHLINE CANAL,IF,PARADISE CITY THROUGH THE HIGHLINE CANAL,Conveyance,1,10424,LITTLE BEAR RIVER,Observational,Ultrasonic flow meter,FLOWMETER,A,41.5685100129995,-111.824084608743,Direct,Yes,https://waterrights.utah.gov/cgi-bin/dvrtview.exe?Modinfo=StationView&STATION_ID=10424,1,DAILY_RECORDS,Mean daily discharge in CFS,Mean daily discharge in CFS,1,CFS,26,1996,2024
USGS,NULL,10440,01 USGS 10242000 COAL CREEK NEAR CEDAR CITY UT,10242000,"USGS 10242000 COAL CREEK NEAR CEDAR CITY, UT",Stream,1,10440,CEDAR VALLEY (SURFACE),Observational,USGS GAUGE,DIGITAL,A,37.6716818055528,-113.036727784983,Scrape,Yes,https://waterrights.utah.gov/cgi-bin/dvrtview.exe?Modinfo=StationView&STATION_ID=10440,1,DAILY_RECORDS,Mean daily discharge in CFS,Mean daily discharge in CFS,1,CFS,6,2020,2025
CICWCD,NULL,10441,02 SOUTH AND WEST FIELD,12861,02 SOUTH AND WEST FIELD,Conveyance,1,10441,CEDAR VALLEY (SURFACE),Observational,CICWCD FLOW METER,NULL,A,37.6721096169964,-113.044199617619,Scrape,Yes,https://waterrights.utah.gov/cgi-bin/dvrtview.exe?Modinfo=StationView&STATION_ID=10441,1,DAILY_RECORDS,Mean daily discharge in CFS,Mean daily discharge in CFS,1,CFS,6,2020,2025
CICWCD,NULL,10442,03 NORTH WEST FIELD BULLDOG,12900,03 NORTH WEST FIELD BULLDOG,Conveyance,1,10442,CEDAR VALLEY (SURFACE),Observational,CICWCD FLOW METER,NULL,A,37.6876484012083,-113.063668355145,Scrape,Yes,https://waterrights.utah.gov/cgi-bin/dvrtview.exe?Modinfo=StationView&STATION_ID=10442,1,DAILY_RECORDS,Mean daily discharge in CFS,Mean daily discharge in CFS,1,CFS,5,2021,2025
CICWCD,NULL,10443,04 EAST EXENSION AND NORTH FIELD COMBINED,12899,04 EAST EXENSION AND NORTH FIELD COMBINED,Conveyance,1,10443,CEDAR VALLEY (SURFACE),Observational,CICWCD FLOW METER,NULL,A,37.6876602413669,-113.063653510362,Scrape,Yes,https://waterrights.utah.gov/cgi-bin/dvrtview.exe?Modinfo=StationView&STATION_ID=10443,1,DAILY_RECORDS,Mean daily discharge in CFS,Mean daily discharge in CFS,1,CFS,5,2021,2025
CICWCD,NULL,10446,07 UNION FIELD= MAIN ST DIVERSION,12898,07 UNION FIELD,Conveyance,1,10446,CEDAR VALLEY (SURFACE),Observational,CICWCD FLOW METER,NULL,A,37.6876735959614,-113.063646362096,Scrape,Yes,https://waterrights.utah.gov/cgi-bin/dvrtview.exe?Modinfo=StationView&STATION_ID=10446,1,DAILY_RECORDS,Mean daily discharge in CFS,Mean daily discharge in CFS,1,CFS,4,2022,2025
CICWCD,NULL,10447,08 OLD FIELD,12858,08 OLD FIELD,Conveyance,1,10447,CEDAR VALLEY (SURFACE),Observational,CICWCD FLOW METER,NULL,A,37.6869012460614,-113.063146157758,Scrape,Yes,https://waterrights.utah.gov/cgi-bin/dvrtview.exe?Modinfo=StationView&STATION_ID=10447,1,DAILY_RECORDS,Mean daily discharge in CFS,Mean daily discharge in CFS,1,CFS,6,2020,2025
CICWCD,NULL,10448,09 SCHMIDT PIT,12890,09 SCHMIDT PIT,Conveyance,1,10448,CEDAR VALLEY (SURFACE),Observational,CICWCD FLOW METER,FLOWMETER,A,37.6999828182414,-113.079785379729,Scrape,Yes,https://waterrights.utah.gov/cgi-bin/dvrtview.exe?Modinfo=StationView&STATION_ID=10448,1,DAILY_RECORDS,Mean daily discharge in CFS,Mean daily discharge in CFS,1,CFS,4,2020,2024
CICWCD,NULL,10449,10 WESTERN ROCK,12872,10 WESTERN ROCK,Conveyance,1,10449,CEDAR VALLEY (SURFACE),Observational,CICWCD FLOW METER,NULL,A,37.7134069755975,-113.087837008414,Scrape,Yes,https://waterrights.utah.gov/cgi-bin/dvrtview.exe?Modinfo=StationView&STATION_ID=10449,1,DAILY_RECORDS,Mean daily discharge in CFS,Mean daily discharge in CFS,1,CFS,5,2021,2025
CICWCD,NULL,10450,11 HORSE ALLEY INLET,12849,11 HORSE ALLEY INLET,Conveyance,1,10450,CEDAR VALLEY (SURFACE),Observational,CICWCD FLOW METER,NULL,A,37.6860875296951,-113.097624673553,Scrape,Yes,https://waterrights.utah.gov/cgi-bin/dvrtview.exe?Modinfo=StationView&STATION_ID=10450,1,DAILY_RECORDS,Mean daily discharge in CFS,Mean daily discharge in CFS,1,CFS,6,2020,2025
CICWCD,NULL,10451,12 HORSE ALLEY OUTLET,12868,12 HORSE ALLEY OUTLET,Conveyance,1,10451,CEDAR VALLEY (SURFACE),Observational,CICWCD FLOW METER,NULL,A,37.6859069261458,-113.100096997643,Scrape,Yes,https://waterrights.utah.gov/cgi-bin/dvrtview.exe?Modinfo=StationView&STATION_ID=10451,1,DAILY_RECORDS,Mean daily discharge in CFS,Mean daily discharge in CFS,1,CFS,6,2020,2025
CICWCD,NULL,10452,13 AIRPORT PIT,12844,13 AIRPORT PIT,Conveyance,1,10452,CEDAR VALLEY (SURFACE),Observational,CICWCD FLOW METER,NULL,A,37.6943986689644,-113.102205087667,Scrape,Yes,https://waterrights.utah.gov/cgi-bin/dvrtview.exe?Modinfo=StationView&STATION_ID=10452,1,DAILY_RECORDS,Mean daily discharge in CFS,Mean daily discharge in CFS,1,CFS,4,2020,2023
CICWCD,NULL,10453,14 KANARRAVILLE,12855,14 KANNARAVILLE,Conveyance,1,10453,CEDAR VALLEY (SURFACE),Observational,CICWCD FLOW METER,NULL,A,37.5399371829121,-113.17332881302,Scrape,Yes,https://waterrights.utah.gov/cgi-bin/dvrtview.exe?Modinfo=StationView&STATION_ID=10453,1,DAILY_RECORDS,Mean daily discharge in CFS,Mean daily discharge in CFS,1,CFS,3,2023,2025
SEVIER,NULL,10455,EAST BENCH IRRIGATION CO,10857,East Bench Irrigation Co,Conveyance,1,10455,SEVIER RIVER,Observational,,DIGITAL,A,37.8393739184281,-112.403316879933,Scrape,Yes,https://waterrights.utah.gov/cgi-bin/dvrtview.exe?Modinfo=StationView&STATION_ID=10455,1,DAILY_RECORDS,Mean daily discharge in CFS,Mean daily discharge in CFS,1,CFS,13,2012,2024
CICWCD,NULL,10456,15 QUICHIPA MAIN FLOW,13096,15 QUICHIPA MAIN FLOW 13096,Conveyance,1,10456,CEDAR VALLEY (SURFACE),Observational,CICWCD FLOW METER,FLOWMETER,A,37.6597165197379,-113.193943997612,Scrape,Yes,https://waterrights.utah.gov/cgi-bin/dvrtview.exe?Modinfo=StationView&STATION_ID=10456,1,DAILY_RECORDS,Mean daily discharge in CFS,Mean daily discharge in CFS,1,CFS,6,2020,2025
CICWCD,NULL,10457,16 QUICHIPA WEIR FLOW,13094,16 QUICHIPA WEIR FLOW 13094,Conveyance,1,10457,CEDAR VALLEY (SURFACE),Observational,CICWCD FLOW METER,FLOWMETER,A,37.6600155602776,-113.19517787429,Scrape,Yes,https://waterrights.utah.gov/cgi-bin/dvrtview.exe?Modinfo=StationView&STATION_ID=10457,1,DAILY_RECORDS,Mean daily discharge in CFS,Mean daily discharge in CFS,1,CFS,6,2020,2025
USGS,NULL,10496,USGS 09261700 BIG BRUSH CREEK ABV RED FLEET RES,09261700,BIG BRUSH ABOVE RED FLEET,Stream,1,10496,ASHLEY CREEK,Observational,,DIGITAL,A,40.588813476338,-109.465383480312,Scrape,Yes,https://waterrights.utah.gov/cgi-bin/dvrtview.exe?Modinfo=StationView&STATION_ID=10496,1,DAILY_RECORDS,Mean daily discharge in CFS,Mean daily discharge in CFS,1,CFS,5,2021,2025
USGS,NULL,10497,USGS 09266500 ASHLEY CREEK NEAR VERNAL,09266500,ASHLEY CREEK NEAR VERNAL,Stream,1,10497,ASHLEY CREEK,Observational,,DIGITAL,A,40.5774435583107,-109.62204171042,Scrape,Yes,https://waterrights.utah.gov/cgi-bin/dvrtview.exe?Modinfo=StationView&STATION_ID=10497,1,DAILY_RECORDS,Mean daily discharge in CFS,Mean daily discharge in CFS,1,CFS,5,2021,2025
IDAHO,NULL,10514,04A  WEST CACHE CORNISH PUMP,10092900,,Conveyance,1,10514,LOWER BEAR RIVER,Observational,,NULL,A,42.1707759863938,-111.848768143439,Manual,Yes,https://waterrights.utah.gov/cgi-bin/dvrtview.exe?Modinfo=StationView&STATION_ID=10514,1,DAILY_RECORDS,Mean daily discharge in CFS,Mean daily discharge in CFS,1,CFS,5,2021,2025
LITTLE_BEAR,NULL,10516,HYRUM IRRIGATING COMPANY,Hyrum Irrigating Company,Head of Hyrum Canal,Conveyance,1,10516,LITTLE BEAR RIVER,Observational,Cutthroat flume,NULL,A,41.5154790720677,-111.813172401855,Direct,Yes,https://waterrights.utah.gov/cgi-bin/dvrtview.exe?Modinfo=StationView&STATION_ID=10516,1,DAILY_RECORDS,Mean daily discharge in CFS,Mean daily discharge in CFS,1,CFS,5,2021,2025
USGS,NULL,10529,USGS 09270500 DRY FORK AT MOUTH NEAR DRY FORK,09270500,,Stream,1,10529,ASHLEY CREEK,Observational,,DIGITAL,I,40.5262026458242,-109.605851867351,,Yes,https://waterrights.utah.gov/cgi-bin/dvrtview.exe?Modinfo=StationView&STATION_ID=10529,1,DAILY_RECORDS,Mean daily discharge in CFS,Mean daily discharge in CFS,1,CFS,0,NULL,NULL
WEBER,NULL,10533,GLENWILD CREEK DIVERSION,Glenwild Creek Diversion,Glenwild GC Creek Diversion,Conveyance,1,10533,WEBER RIVER,Observational,Flow Meter,NULL,A,40.7286090288723,-111.536486713657,Direct,Yes,https://waterrights.utah.gov/cgi-bin/dvrtview.exe?Modinfo=StationView&STATION_ID=10533,2,DAILY_RECORDS,MEAN daily discharge in CFS,Mean daily discharge in ACFT,1.98347107,CFS,5,2020,2024
WEBER_BASIN,NULL,10541,WEBER BASIN WILLARD 2 RIVER LEVEL,Willard 2 River Level,,Stream,1,10541,WEBER RIVER,Observational,Electronic,NULL,A,41.2494650330478,-112.0132000067,Scrape,Yes,https://waterrights.utah.gov/cgi-bin/dvrtview.exe?Modinfo=StationView&STATION_ID=10541,6,DAILY_RECORDS,Daily gage height in FEET,Daily gage height in FEET,1,FEET,4,2022,2025
WEBER_BASIN,NULL,10546,WEBER BASIN NORTH SUMMIT 18,No. Summit 18 Flow,,Conveyance,1,10546,WEBER RIVER,Observational,Electronic,NULL,A,40.7903498738596,-111.404016732099,Scrape,Yes,https://waterrights.utah.gov/cgi-bin/dvrtview.exe?Modinfo=StationView&STATION_ID=10546,1,DAILY_RECORDS,Mean daily discharge in CFS,Mean daily discharge in CFS,1,CFS,4,2022,2025
WEBER_BASIN,NULL,10547,WEBER BASIN NORTH SUMMIT 24,No. Summit 24 Flow,,Conveyance,1,10547,WEBER RIVER,Observational,Electronic,NULL,A,40.7904149028214,-111.404079519816,Scrape,Yes,https://waterrights.utah.gov/cgi-bin/dvrtview.exe?Modinfo=StationView&STATION_ID=10547,1,DAILY_RECORDS,Mean daily discharge in CFS,Mean daily discharge in CFS,1,CFS,4,2022,2025
SEVIER_DL,NULL,10550,PANGUITCH LAKE ELEVATION,PANGUITCH LAKE ELEVATION,PANGUITCH LAKE ELEVATION,Reservoir,1,10550,SEVIER RIVER,Observational,Pressure Transducer,NULL,A,37.7246582333276,-112.628255141088,Direct,Yes,https://waterrights.utah.gov/cgi-bin/dvrtview.exe?Modinfo=StationView&STATION_ID=10550,4,DAILY_RECORDS,Daily Reservoir Storage in ACFT,Daily Reservoir Storage in ACFT,1,ACFT,13,2012,2024
BEAR_UPL,NULL,10552,BEAR R. BELOW ONEIDA,Bear R. Below UP&L a,Bear R. Below UP&L at Oneida,Stream,1,10552,BEAR RIVER (UPL),Observational,,NULL,A,42.2674405681748,-111.749938135563,Scrape,Yes,https://waterrights.utah.gov/cgi-bin/dvrtview.exe?Modinfo=StationView&STATION_ID=10552,1,DAILY_RECORDS,Mean daily discharge in CFS,Mean daily discharge in CFS,1,CFS,5,2021,2025
CU_SCADA,NULL,10554,SYAR TUNNEL,STGATEFLOW_PUB,"Syar Tunnel Gate (Syar Inlet Structure), Created by LSR 2022",Conveyance,1,10554,SPANISH FORK RIVER,Observational,Scraped from data provided by CUWCD,NULL,A,40.165441502824,-111.188639356198,Scrape,Yes,https://waterrights.utah.gov/cgi-bin/dvrtview.exe?Modinfo=StationView&STATION_ID=10554,1,DAILY_RECORDS,Mean daily discharge in CFS,Mean daily discharge in CFS,1,CFS,4,2022,2025
USGS,NULL,10555,FERRON CREEK,09326500,"USGS 09326500 FERRON CREEK (UPPER STATION) NEAR FERRON, UT",Stream,1,10555,FERRON CREEK,Observational,,NULL,A,39.1040614590571,-111.216676043774,Scrape,Yes,https://waterrights.utah.gov/cgi-bin/dvrtview.exe?Modinfo=StationView&STATION_ID=10555,1,DAILY_RECORDS,Mean daily discharge in CFS,Mean daily discharge in CFS,1,CFS,29,1997,2025
EMERY,NULL,10558,CVSSD 12-INCH,12776,CVSSD 12-inch #12776,Conveyance,1,10558,FERRON CREEK,Observational,,NULL,A,NULL,NULL,Scrape,Yes,https://waterrights.utah.gov/cgi-bin/dvrtview.exe?Modinfo=StationView&STATION_ID=10558,1,DAILY_RECORDS,Mean daily discharge in CFS,Mean daily discharge in CFS,1,CFS,8,2018,2025
EMERY,NULL,10559,CVSSD 24-INCH,12777,CVSSD 24-inch #12777,Conveyance,1,10559,FERRON CREEK,Observational,,NULL,A,NULL,NULL,Scrape,Yes,https://waterrights.utah.gov/cgi-bin/dvrtview.exe?Modinfo=StationView&STATION_ID=10559,1,DAILY_RECORDS,Mean daily discharge in CFS,Mean daily discharge in CFS,1,CFS,8,2018,2025
EMERY,NULL,10560,STOCKWATER LINE,12775,Stockwater Line #12775,Conveyance,1,10560,FERRON CREEK,Observational,,NULL,A,NULL,NULL,Scrape,Yes,https://waterrights.utah.gov/cgi-bin/dvrtview.exe?Modinfo=StationView&STATION_ID=10560,1,DAILY_RECORDS,Mean daily discharge in CFS,Mean daily discharge in CFS,1,CFS,8,2018,2025
EMERY,NULL,10561,UP&L 24-INCH,12771,UP&L 24-inch #12771,Conveyance,1,10561,FERRON CREEK,Observational,,NULL,A,NULL,NULL,Scrape,Yes,https://waterrights.utah.gov/cgi-bin/dvrtview.exe?Modinfo=StationView&STATION_ID=10561,1,DAILY_RECORDS,Mean daily discharge in CFS,Mean daily discharge in CFS,1,CFS,8,2018,2025
EMERY,NULL,10562,NORTH LINE 36-INCH,12772,North Line 36-inch #12772,Conveyance,1,10562,FERRON CREEK,Observational,,NULL,A,39.0997251789264,-111.187717231265,Scrape,Yes,https://waterrights.utah.gov/cgi-bin/dvrtview.exe?Modinfo=StationView&STATION_ID=10562,1,DAILY_RECORDS,Mean daily discharge in CFS,Mean daily discharge in CFS,1,CFS,8,2018,2025
EMERY,NULL,10563,SOUTH LINE 36-INCH,12774,South Line 36-inch #12774,Conveyance,1,10563,FERRON CREEK,Observational,,NULL,A,39.0995879048998,-111.18777164904,Scrape,Yes,https://waterrights.utah.gov/cgi-bin/dvrtview.exe?Modinfo=StationView&STATION_ID=10563,1,DAILY_RECORDS,Mean daily discharge in CFS,Mean daily discharge in CFS,1,CFS,8,2018,2025
EMERY,NULL,10564,NORTH DITCH,6565,North Ditch #6565,Conveyance,1,10564,FERRON CREEK,Observational,,NULL,A,39.098640023549,-111.185883935418,Scrape,Yes,https://waterrights.utah.gov/cgi-bin/dvrtview.exe?Modinfo=StationView&STATION_ID=10564,1,DAILY_RECORDS,Mean daily discharge in CFS,Mean daily discharge in CFS,1,CFS,16,2010,2025
EMERY,NULL,10565,SOUTH DITCH,6611,South Ditch #6611,Conveyance,1,10565,FERRON CREEK,Observational,,NULL,A,39.0984095103937,-111.186097203409,Scrape,Yes,https://waterrights.utah.gov/cgi-bin/dvrtview.exe?Modinfo=StationView&STATION_ID=10565,1,DAILY_RECORDS,Mean daily discharge in CFS,Mean daily discharge in CFS,1,CFS,16,2010,2025
EMERY,NULL,10566,MOLEN DITCH,6533,Molen Ditch #6533,Conveyance,1,10566,FERRON CREEK,Observational,,NULL,A,39.0902467277552,-111.154184931255,Scrape,Yes,https://waterrights.utah.gov/cgi-bin/dvrtview.exe?Modinfo=StationView&STATION_ID=10566,1,DAILY_RECORDS,Mean daily discharge in CFS,Mean daily discharge in CFS,1,CFS,16,2010,2025
USGS,NULL,10567,MUDDY CREEK,09330500,"USGS 09330500 MUDDY CREEK NEAR EMERY, UT",Stream,1,10567,MUDDY CREEK,Observational,,NULL,A,38.9910593941846,-111.253863962636,Scrape,Yes,https://waterrights.utah.gov/cgi-bin/dvrtview.exe?Modinfo=StationView&STATION_ID=10567,1,DAILY_RECORDS,Mean daily discharge in CFS,Mean daily discharge in CFS,1,CFS,5,2021,2025
WEBER,NULL,10574,WEST GRADE CANAL,West Grade Canal,West Grade Canal,Conveyance,1,10574,WEBER RIVER,Observational,,NULL,A,40.6972792737816,-111.530571452116,Direct,Yes,https://waterrights.utah.gov/cgi-bin/dvrtview.exe?Modinfo=StationView&STATION_ID=10574,1,DAILY_RECORDS,Mean daily discharge in CFS,Mean daily discharge in CFS,1,CFS,4,2022,2025
IDAHO,NULL,10578,CHRISTENSEN (SPLIT FROM GRIFFITH),10091497,,Conveyance,1,10578,LBR - IDAHO,Observational,,NULL,A,NULL,NULL,Scrape,Yes,https://waterrights.utah.gov/cgi-bin/dvrtview.exe?Modinfo=StationView&STATION_ID=10578,1,DAILY_RECORDS,Mean daily discharge in CFS,Mean daily discharge in CFS,1,CFS,4,2022,2025
IDAHO,NULL,10579,GREEN ACRES (SPLIT FROM GRIFFITH),10091499,,Conveyance,1,10579,LBR - IDAHO,Observational,,NULL,A,NULL,NULL,Scrape,Yes,https://waterrights.utah.gov/cgi-bin/dvrtview.exe?Modinfo=StationView&STATION_ID=10579,1,DAILY_RECORDS,Mean daily discharge in CFS,Mean daily discharge in CFS,1,CFS,4,2022,2025
DUCHESNE,NULL,10581,ANDERSON FLUME,8495,*,Conveyance,NULL,10581,LAKE FORK RIVER,Observational,,NULL,A,40.3358014018095,-110.446524755787,Scrape,Yes,https://waterrights.utah.gov/cgi-bin/dvrtview.exe?Modinfo=StationView&STATION_ID=10581,1,DAILY_RECORDS,Mean daily discharge in CFS,Mean daily discharge in CFS,1,CFS,16,2010,2025
DUCHESNE,NULL,10582,BENCH CANAL (ACTIVE),8498,*,Conveyance,NULL,10582,UINTA AND WHITEROCKS RIVERS,Observational,,NULL,A,40.3976353836373,-109.917680931813,Scrape,Yes,https://waterrights.utah.gov/cgi-bin/dvrtview.exe?Modinfo=StationView&STATION_ID=10582,1,DAILY_RECORDS,Mean daily discharge in CFS,Mean daily discharge in CFS,1,CFS,16,2010,2025
DUCHESNE,NULL,10600,LAKE FORK WESTERN (AKA BONETA),8502,*,Conveyance,NULL,10600,LAKE FORK RIVER,Observational,,NULL,A,40.4144437139219,-110.355340199993,Scrape,Yes,https://waterrights.utah.gov/cgi-bin/dvrtview.exe?Modinfo=StationView&STATION_ID=10600,1,DAILY_RECORDS,Mean daily discharge in CFS,Mean daily discharge in CFS,1,CFS,16,2010,2025
DUCHESNE,NULL,10601,BOTTLE HOLLOW INLET,12323,*,Conveyance,NULL,10601,UINTA AND WHITEROCKS RIVERS,Observational,,NULL,A,40.2919350856556,-109.897126543541,Scrape,Yes,https://waterrights.utah.gov/cgi-bin/dvrtview.exe?Modinfo=StationView&STATION_ID=10601,1,DAILY_RECORDS,Mean daily discharge in CFS,Mean daily discharge in CFS,1,CFS,9,2017,2025
DUCHESNE,NULL,10602,BOTTLE HOLLOW OUTLET,13462,*,Reservoir Release,NULL,10602,UINTA AND WHITEROCKS RIVERS,Observational,,NULL,A,40.2843331721781,-109.875254285106,Scrape,Yes,https://waterrights.utah.gov/cgi-bin/dvrtview.exe?Modinfo=StationView&STATION_ID=10602,1,DAILY_RECORDS,Mean daily discharge in CFS,Mean daily discharge in CFS,1,CFS,6,2020,2025
DUCHESNE,NULL,10603,BROWNS 15`` PIPE,8507,*,Conveyance,NULL,10603,UINTA AND WHITEROCKS RIVERS,Observational,,NULL,A,40.4247906374615,-110.120440944239,Scrape,Yes,https://waterrights.utah.gov/cgi-bin/dvrtview.exe?Modinfo=StationView&STATION_ID=10603,1,DAILY_RECORDS,Mean daily discharge in CFS,Mean daily discharge in CFS,1,CFS,16,2010,2025
DUCHESNE,NULL,10604,BROWNS DRAW FLUME 9307,9307,*,Conveyance,NULL,10604,UINTA AND WHITEROCKS RIVERS,Observational,,NULL,A,40.4291103206278,-110.154916965783,Scrape,Yes,https://waterrights.utah.gov/cgi-bin/dvrtview.exe?Modinfo=StationView&STATION_ID=10604,1,DAILY_RECORDS,Mean daily discharge in CFS,Mean daily discharge in CFS,1,CFS,16,2010,2025
DUCHESNE,NULL,10608,BSW FEEDER PIPE,10460,*,Conveyance,NULL,10608,LAKE FORK RIVER,Observational,,NULL,A,40.2968554860062,-110.238699384624,Scrape,Yes,https://waterrights.utah.gov/cgi-bin/dvrtview.exe?Modinfo=StationView&STATION_ID=10608,1,DAILY_RECORDS,Mean daily discharge in CFS,Mean daily discharge in CFS,1,CFS,14,2012,2025
DUCHESNE,NULL,10609,BSWFP DIVERSION (BYPASS),11044,*,Conveyance,NULL,10609,LAKE FORK RIVER,Observational,,NULL,I,40.3275725136266,-110.293311320347,Scrape,Yes,https://waterrights.utah.gov/cgi-bin/dvrtview.exe?Modinfo=StationView&STATION_ID=10609,1,DAILY_RECORDS,Mean daily discharge in CFS,Mean daily discharge in CFS,1,CFS,12,2014,2025
DUCHESNE,NULL,10610,CANAL C HEADGATE AND FLUME,8529,*,Conveyance,NULL,10610,LAKE FORK RIVER,Observational,,NULL,A,40.4001857670537,-110.341744358224,Scrape,Yes,https://waterrights.utah.gov/cgi-bin/dvrtview.exe?Modinfo=StationView&STATION_ID=10610,1,DAILY_RECORDS,Mean daily discharge in CFS,Mean daily discharge in CFS,1,CFS,16,2010,2025
DUCHESNE,NULL,10612,CLASS B FLUME,8539,*,Conveyance,NULL,10612,LAKE FORK RIVER,Observational,,NULL,A,40.4158958851374,-110.34927261308,Scrape,Yes,https://waterrights.utah.gov/cgi-bin/dvrtview.exe?Modinfo=StationView&STATION_ID=10612,1,DAILY_RECORDS,Mean daily discharge in CFS,Mean daily discharge in CFS,1,CFS,16,2010,2025
DUCHESNE,NULL,10613,CLASS C,8542,*,Conveyance,NULL,10613,LAKE FORK RIVER,Observational,,NULL,A,40.2719503385817,-110.222790694858,Scrape,Yes,https://waterrights.utah.gov/cgi-bin/dvrtview.exe?Modinfo=StationView&STATION_ID=10613,1,DAILY_RECORDS,Mean daily discharge in CFS,Mean daily discharge in CFS,1,CFS,16,2010,2025
DUCHESNE,NULL,10617,COTTONWOOD CREEK,11542,*,Conveyance,NULL,10617,UINTA AND WHITEROCKS RIVERS,Observational,,NULL,A,40.3140955601429,-110.012564709071,Scrape,Yes,https://waterrights.utah.gov/cgi-bin/dvrtview.exe?Modinfo=StationView&STATION_ID=10617,1,DAILY_RECORDS,Mean daily discharge in CFS,Mean daily discharge in CFS,1,CFS,11,2015,2025
DUCHESNE,NULL,10618,COTTONWOOD SPILL VENT,9316,*,Conveyance,NULL,10618,UINTA AND WHITEROCKS RIVERS,Observational,,NULL,A,40.3832856450264,-110.059179906135,Scrape,Yes,https://waterrights.utah.gov/cgi-bin/dvrtview.exe?Modinfo=StationView&STATION_ID=10618,1,DAILY_RECORDS,Mean daily discharge in CFS,Mean daily discharge in CFS,1,CFS,16,2010,2025
DUCHESNE,NULL,10619,D SPLIT,8559,*,Conveyance,NULL,10619,LAKE FORK RIVER,Observational,,NULL,A,40.2904918050028,-110.223157094471,Scrape,Yes,https://waterrights.utah.gov/cgi-bin/dvrtview.exe?Modinfo=StationView&STATION_ID=10619,1,DAILY_RECORDS,Mean daily discharge in CFS,Mean daily discharge in CFS,1,CFS,17,2009,2025
DUCHESNE,NULL,10620,DRY GULCH FLUME,9312,*,Conveyance,NULL,10620,LAKE FORK RIVER,Observational,,NULL,A,40.4378551207393,-110.165496616936,Scrape,Yes,https://waterrights.utah.gov/cgi-bin/dvrtview.exe?Modinfo=StationView&STATION_ID=10620,1,DAILY_RECORDS,Mean daily discharge in CFS,Mean daily discharge in CFS,1,CFS,15,2010,2024
DUCHESNE,NULL,10625,FARNSWORTH (INACTIVE),8598,*,Conveyance,1,10625,LAKE FORK RIVER,Observational,,NULL,I,40.5428363699758,-110.474250293744,Scrape,Yes,https://waterrights.utah.gov/cgi-bin/dvrtview.exe?Modinfo=StationView&STATION_ID=10625,1,DAILY_RECORDS,Mean daily discharge in CFS,Mean daily discharge in CFS,1,CFS,19,1999,2025
DUCHESNE,NULL,10626,FARNSWORTH HEADING FLOW,8599,*,Conveyance,NULL,10626,LAKE FORK RIVER,Observational,,NULL,A,40.5428247371942,-110.474235930369,Scrape,Yes,https://waterrights.utah.gov/cgi-bin/dvrtview.exe?Modinfo=StationView&STATION_ID=10626,1,DAILY_RECORDS,Mean daily discharge in CFS,Mean daily discharge in CFS,1,CFS,19,1999,2025
DUCHESNE,NULL,10627,FARNSWORTH 1&2 FLUME,12494,*,Conveyance,NULL,10627,LAKE FORK RIVER,Observational,,NULL,A,40.4213258340665,-110.412767677856,Scrape,Yes,https://waterrights.utah.gov/cgi-bin/dvrtview.exe?Modinfo=StationView&STATION_ID=10627,1,DAILY_RECORDS,Mean daily discharge in CFS,Mean daily discharge in CFS,1,CFS,8,2018,2025
DUCHESNE,NULL,10628,FARNSWORTH 3 FLUME,12498,*,Conveyance,NULL,10628,LAKE FORK RIVER,Observational,,NULL,A,40.4206105489437,-110.421880642966,Scrape,Yes,https://waterrights.utah.gov/cgi-bin/dvrtview.exe?Modinfo=StationView&STATION_ID=10628,1,DAILY_RECORDS,Mean daily discharge in CFS,Mean daily discharge in CFS,1,CFS,8,2018,2025
DUCHESNE,NULL,10629,FARNSWORTH 3.5 FLUME,12502,*,Conveyance,NULL,10629,LAKE FORK RIVER,Observational,,NULL,A,40.4207935635035,-110.422119368716,Scrape,Yes,https://waterrights.utah.gov/cgi-bin/dvrtview.exe?Modinfo=StationView&STATION_ID=10629,1,DAILY_RECORDS,Mean daily discharge in CFS,Mean daily discharge in CFS,1,CFS,8,2018,2025
DUCHESNE,NULL,10632,Harding 1,11666,*,Conveyance,NULL,10632,TEMP-43,Observational,,NULL,A,NULL,NULL,Scrape,Yes,https://waterrights.utah.gov/cgi-bin/dvrtview.exe?Modinfo=StationView&STATION_ID=10632,1,DAILY_RECORDS,Mean daily discharge in CFS,Mean daily discharge in CFS,1,CFS,10,2016,2025
DUCHESNE,NULL,10633,Harding 2,11670,*,Conveyance,NULL,10633,TEMP-43,Observational,,NULL,A,NULL,NULL,Scrape,Yes,https://waterrights.utah.gov/cgi-bin/dvrtview.exe?Modinfo=StationView&STATION_ID=10633,1,DAILY_RECORDS,Mean daily discharge in CFS,Mean daily discharge in CFS,1,CFS,7,2016,2024
DUCHESNE,NULL,10634,Harding 3,11674,*,Conveyance,NULL,10634,TEMP-43,Observational,,NULL,A,NULL,NULL,Scrape,Yes,https://waterrights.utah.gov/cgi-bin/dvrtview.exe?Modinfo=StationView&STATION_ID=10634,1,DAILY_RECORDS,Mean daily discharge in CFS,Mean daily discharge in CFS,1,CFS,9,2016,2024
DUCHESNE,NULL,10635,HENRY JIM DITCH,8614,*,Conveyance,NULL,10635,UINTA AND WHITEROCKS RIVERS,Observational,3 FOOT PARSHALL FLUME,NULL,A,40.2713763147053,-109.851263733733,Scrape,Yes,https://waterrights.utah.gov/cgi-bin/dvrtview.exe?Modinfo=StationView&STATION_ID=10635,1,DAILY_RECORDS,Mean daily discharge in CFS,Mean daily discharge in CFS,1,CFS,16,2010,2025
DUCHESNE,NULL,10643,LAKE FORK_C,8681,*,Conveyance,NULL,10643,LAKE FORK RIVER,Observational,,NULL,A,40.3446727626777,-110.285263012606,Scrape,Yes,https://waterrights.utah.gov/cgi-bin/dvrtview.exe?Modinfo=StationView&STATION_ID=10643,1,DAILY_RECORDS,Mean daily discharge in CFS,Mean daily discharge in CFS,1,CFS,16,2010,2025
DUCHESNE,NULL,10644,LFC PURDY,11337,*,Conveyance,NULL,10644,LAKE FORK RIVER,Observational,,NULL,A,40.2752206025261,-110.242935902338,Scrape,Yes,https://waterrights.utah.gov/cgi-bin/dvrtview.exe?Modinfo=StationView&STATION_ID=10644,1,DAILY_RECORDS,Mean daily discharge in CFS,Mean daily discharge in CFS,1,CFS,11,2015,2025
DUCHESNE,NULL,10645,LFC REDCAP,11346,*,Conveyance,NULL,10645,LAKE FORK RIVER,Observational,,NULL,A,40.2768159521973,-110.236757015293,Scrape,Yes,https://waterrights.utah.gov/cgi-bin/dvrtview.exe?Modinfo=StationView&STATION_ID=10645,1,DAILY_RECORDS,Mean daily discharge in CFS,Mean daily discharge in CFS,1,CFS,11,2015,2025
DUCHESNE,NULL,10646,LFC UTLAND,11328,*,Conveyance,NULL,10646,LAKE FORK RIVER,Observational,,NULL,A,40.2759198575176,-110.242454535994,Scrape,Yes,https://waterrights.utah.gov/cgi-bin/dvrtview.exe?Modinfo=StationView&STATION_ID=10646,1,DAILY_RECORDS,Mean daily discharge in CFS,Mean daily discharge in CFS,1,CFS,11,2015,2025
DUCHESNE,NULL,10649,LOWER K-2 PIPE,9302,*,Conveyance,NULL,10649,TEMP-43,Observational,,NULL,I,NULL,NULL,Scrape,Yes,https://waterrights.utah.gov/cgi-bin/dvrtview.exe?Modinfo=StationView&STATION_ID=10649,1,DAILY_RECORDS,Mean daily discharge in CFS,Mean daily discharge in CFS,1,CFS,12,2000,2021
DUCHESNE,NULL,10650,LOWER LAKEFORK FLUME,8702,*,Conveyance,NULL,10650,LAKE FORK RIVER,Observational,,NULL,I,40.4169128568063,-110.291407874171,Scrape,Yes,https://waterrights.utah.gov/cgi-bin/dvrtview.exe?Modinfo=StationView&STATION_ID=10650,1,DAILY_RECORDS,Mean daily discharge in CFS,Mean daily discharge in CFS,1,CFS,11,2010,2020
DUCHESNE,NULL,10652,MONARCH 1,13711,*,Conveyance,NULL,10652,UINTA AND WHITEROCKS RIVERS,Observational,,NULL,A,40.4432274435249,-110.150094413494,Scrape,Yes,https://waterrights.utah.gov/cgi-bin/dvrtview.exe?Modinfo=StationView&STATION_ID=10652,1,DAILY_RECORDS,Mean daily discharge in CFS,Mean daily discharge in CFS,1,CFS,4,2022,2025
DUCHESNE,NULL,10653,MONARCH 2,13717,*,Conveyance,NULL,10653,UINTA AND WHITEROCKS RIVERS,Observational,,NULL,A,40.4504833332775,-110.151243735812,Scrape,Yes,https://waterrights.utah.gov/cgi-bin/dvrtview.exe?Modinfo=StationView&STATION_ID=10653,1,DAILY_RECORDS,Mean daily discharge in CFS,Mean daily discharge in CFS,1,CFS,4,2022,2025
DUCHESNE,NULL,10654,MONTES CREEK 8725,8725,*,Conveyance,NULL,10654,UINTA AND WHITEROCKS RIVERS,Observational,,NULL,A,40.3537437012484,-109.956211876544,Scrape,Yes,https://waterrights.utah.gov/cgi-bin/dvrtview.exe?Modinfo=StationView&STATION_ID=10654,1,DAILY_RECORDS,Mean daily discharge in CFS,Mean daily discharge in CFS,1,CFS,15,2010,2024
DUCHESNE,NULL,10661,MURRAY DITCH (9524 SCRAPE),9524,*,Conveyance,NULL,10661,UINTA AND WHITEROCKS RIVERS,Observational,,NULL,A,40.4476598929515,-110.068475814656,Scrape,Yes,https://waterrights.utah.gov/cgi-bin/dvrtview.exe?Modinfo=StationView&STATION_ID=10661,1,DAILY_RECORDS,Mean daily discharge in CFS,Mean daily discharge in CFS,1,CFS,16,2010,2025
DUCHESNE,NULL,10664,OURAY CANAL EXTENSION 8934,8934,*,Conveyance,NULL,10664,UINTA AND WHITEROCKS RIVERS,Observational,,NULL,I,40.3786608105314,-109.771904401475,Scrape,Yes,https://waterrights.utah.gov/cgi-bin/dvrtview.exe?Modinfo=StationView&STATION_ID=10664,1,DAILY_RECORDS,Mean daily discharge in CFS,Mean daily discharge in CFS,1,CFS,7,2010,2019
DUCHESNE,NULL,10665,OURAY PARK 8747,8747,*,Conveyance,NULL,10665,UINTA AND WHITEROCKS RIVERS,Observational,8 FOOT PARSHALL FLUME W/ RECORDER,NULL,A,40.3832140244577,-109.859261843687,Scrape,Yes,https://waterrights.utah.gov/cgi-bin/dvrtview.exe?Modinfo=StationView&STATION_ID=10665,1,DAILY_RECORDS,Mean daily discharge in CFS,Mean daily discharge in CFS,1,CFS,16,2010,2025
DUCHESNE,NULL,10666,PARRY PAGE 2,10281,*,Conveyance,NULL,10666,UINTA AND WHITEROCKS RIVERS,Observational,,NULL,A,40.383162006498,-110.059127999325,Scrape,Yes,https://waterrights.utah.gov/cgi-bin/dvrtview.exe?Modinfo=StationView&STATION_ID=10666,1,DAILY_RECORDS,Mean daily discharge in CFS,Mean daily discharge in CFS,1,CFS,15,2011,2025
DUCHESNE,NULL,10668,PAYNE CANAL 1,8760,*,Conveyance,NULL,10668,LAKE FORK RIVER,Observational,,NULL,A,40.4658871687148,-110.349368618202,Scrape,Yes,https://waterrights.utah.gov/cgi-bin/dvrtview.exe?Modinfo=StationView&STATION_ID=10668,1,DAILY_RECORDS,Mean daily discharge in CFS,Mean daily discharge in CFS,1,CFS,16,2010,2025
DUCHESNE,NULL,10669,PAYNE/YELLOWSTONE FEEDER - YELLOWSTONE FLOW,8761,*,Conveyance,NULL,10669,LAKE FORK RIVER,Observational,,NULL,A,40.4658953257741,-110.349116491853,Scrape,Yes,https://waterrights.utah.gov/cgi-bin/dvrtview.exe?Modinfo=StationView&STATION_ID=10669,1,DAILY_RECORDS,Mean daily discharge in CFS,Mean daily discharge in CFS,1,CFS,16,2010,2025
DUCHESNE,NULL,10670,PURDY,7503,*,Conveyance,NULL,10670,LAKE FORK RIVER,Observational,PARSHALL FLUME,NULL,A,40.2874428233609,-110.248579641549,Scrape,Yes,https://waterrights.utah.gov/cgi-bin/dvrtview.exe?Modinfo=StationView&STATION_ID=10670,1,DAILY_RECORDS,Mean daily discharge in CFS,Mean daily discharge in CFS,1,CFS,17,2000,2025
DUCHESNE,NULL,10671,RAINBOW CANAL,12028,*,Conveyance,NULL,10671,UINTA AND WHITEROCKS RIVERS,Observational,,NULL,A,40.4556835880022,-110.083667638608,Scrape,Yes,https://waterrights.utah.gov/cgi-bin/dvrtview.exe?Modinfo=StationView&STATION_ID=10671,1,DAILY_RECORDS,Mean daily discharge in CFS,Mean daily discharge in CFS,1,CFS,9,2016,2025
DUCHESNE,NULL,10672,RED CAP CANAL (SCRAPE),8793,*,Conveyance,NULL,10672,LAKE FORK RIVER,Observational,7 FOOT PARSHALL FLUME W/ RECORDER,NULL,A,40.2573661060463,-110.226110737355,Scrape,Yes,https://waterrights.utah.gov/cgi-bin/dvrtview.exe?Modinfo=StationView&STATION_ID=10672,1,DAILY_RECORDS,Mean daily discharge in CFS,Mean daily discharge in CFS,1,CFS,16,2010,2025
DUCHESNE,NULL,10673,REDCAP GILBERT METER,10459,*,Conveyance,NULL,10673,LAKE FORK RIVER,Observational,,NULL,A,40.2511306003341,-110.219031058767,Scrape,Yes,https://waterrights.utah.gov/cgi-bin/dvrtview.exe?Modinfo=StationView&STATION_ID=10673,1,DAILY_RECORDS,Mean daily discharge in CFS,Mean daily discharge in CFS,1,CFS,14,2012,2025
DUCHESNE,NULL,10674,ROOSEVELT DITCH (9514),9514,*,Conveyance,NULL,10674,UINTA AND WHITEROCKS RIVERS,Observational,,NULL,A,40.4374169867617,-110.02958224302,Scrape,Yes,https://waterrights.utah.gov/cgi-bin/dvrtview.exe?Modinfo=StationView&STATION_ID=10674,1,DAILY_RECORDS,Mean daily discharge in CFS,Mean daily discharge in CFS,1,CFS,15,2010,2025
DUCHESNE,NULL,10675,RP ROOSEVELT TURNOUT,11825,*,Conveyance,NULL,10675,TEMP-43,Observational,,NULL,A,NULL,NULL,Scrape,Yes,https://waterrights.utah.gov/cgi-bin/dvrtview.exe?Modinfo=StationView&STATION_ID=10675,1,DAILY_RECORDS,Mean daily discharge in CFS,Mean daily discharge in CFS,1,CFS,10,2016,2025
DUCHESNE,NULL,10676,RP STATE ROAD,10758,*,Conveyance,NULL,10676,LAKE FORK RIVER,Observational,,NULL,A,40.3121853486277,-110.010100754254,Scrape,Yes,https://waterrights.utah.gov/cgi-bin/dvrtview.exe?Modinfo=StationView&STATION_ID=10676,1,DAILY_RECORDS,Mean daily discharge in CFS,Mean daily discharge in CFS,1,CFS,13,2013,2025
DUCHESNE,NULL,10678,SAND WASH PIPE LINE,8813,*,Conveyance,NULL,10678,LAKE FORK RIVER,Observational,,NULL,A,40.277814573722,-110.186579898777,Scrape,Yes,https://waterrights.utah.gov/cgi-bin/dvrtview.exe?Modinfo=StationView&STATION_ID=10678,1,DAILY_RECORDS,Mean daily discharge in CFS,Mean daily discharge in CFS,1,CFS,17,2009,2025
DUCHESNE,NULL,10683,SOUTH BONITA,8833,*,Conveyance,NULL,10683,LAKE FORK RIVER,Observational,,NULL,A,40.3791618707404,-110.334013240134,Scrape,Yes,https://waterrights.utah.gov/cgi-bin/dvrtview.exe?Modinfo=StationView&STATION_ID=10683,1,DAILY_RECORDS,Mean daily discharge in CFS,Mean daily discharge in CFS,1,CFS,17,2001,2025
DUCHESNE,NULL,10685,STATE ROAD TURN OUT,9284,*,Conveyance,NULL,10685,UINTA AND WHITEROCKS RIVERS,Observational,,NULL,A,40.410116317264,-110.113810798156,Scrape,Yes,https://waterrights.utah.gov/cgi-bin/dvrtview.exe?Modinfo=StationView&STATION_ID=10685,1,DAILY_RECORDS,Mean daily discharge in CFS,Mean daily discharge in CFS,1,CFS,10,2010,2022
DUCHESNE,NULL,10687,TN DODD 8851,8851,*,Conveyance,NULL,10687,UINTA AND WHITEROCKS RIVERS,Observational,4 FOOT PARSHALL FLUME,NULL,A,40.5136162782787,-110.029573204693,Scrape,Yes,https://waterrights.utah.gov/cgi-bin/dvrtview.exe?Modinfo=StationView&STATION_ID=10687,1,DAILY_RECORDS,Mean daily discharge in CFS,Mean daily discharge in CFS,1,CFS,16,2010,2025
DUCHESNE,NULL,10688,TWIN POTS FLOW,8858,*,Reservoir Release,NULL,10688,LAKE FORK RIVER,Observational,Steel Parshall Flume,NULL,A,40.5143270155776,-110.437829276939,Scrape,Yes,https://waterrights.utah.gov/cgi-bin/dvrtview.exe?Modinfo=StationView&STATION_ID=10688,1,DAILY_RECORDS,Mean daily discharge in CFS,Mean daily discharge in CFS,1,CFS,16,2010,2025
DUCHESNE,NULL,10689,TWIN POTS HEIGHT,9951,*,Reservoir,NULL,10689,LAKE FORK RIVER,Observational,,NULL,A,40.5133747771563,-110.437491658487,Scrape,Yes,https://waterrights.utah.gov/cgi-bin/dvrtview.exe?Modinfo=StationView&STATION_ID=10689,6,DAILY_RECORDS,Daily gage height in FEET,Daily gage height in FEET,1,FEET,16,2010,2025
DUCHESNE,NULL,10690,U.S. DEEP CREEK CANAL 8861,8861,*,Conveyance,NULL,10690,UINTA AND WHITEROCKS RIVERS,Observational,6 FOOT PARSHALL FLUME,NULL,A,40.4260624744763,-109.902963748402,Scrape,Yes,https://waterrights.utah.gov/cgi-bin/dvrtview.exe?Modinfo=StationView&STATION_ID=10690,1,DAILY_RECORDS,Mean daily discharge in CFS,Mean daily discharge in CFS,1,CFS,16,2010,2025
DUCHESNE,NULL,10691,U.S. WHITE ROCKS 8865,8865,*,Conveyance,NULL,10691,UINTA AND WHITEROCKS RIVERS,Observational,6 FOOT PARSHALL FLUME W/ RECORDER,NULL,A,40.5506816487896,-109.920650463804,Scrape,Yes,https://waterrights.utah.gov/cgi-bin/dvrtview.exe?Modinfo=StationView&STATION_ID=10691,1,DAILY_RECORDS,Mean daily discharge in CFS,Mean daily discharge in CFS,1,CFS,16,2010,2025
DUCHESNE,NULL,10692,UINTA CANAL 8873,8873,*,Conveyance,NULL,10692,UINTA AND WHITEROCKS RIVERS,Observational,12 FOOT PARSHALL FLUME,NULL,A,40.5055148206975,-110.009090529632,Scrape,Yes,https://waterrights.utah.gov/cgi-bin/dvrtview.exe?Modinfo=StationView&STATION_ID=10692,1,DAILY_RECORDS,Mean daily discharge in CFS,Mean daily discharge in CFS,1,CFS,12,1924,2025
DUCHESNE,NULL,10693,UINTA INDEPENDENT 8878,8878,*,Conveyance,NULL,10693,UINTA AND WHITEROCKS RIVERS,Observational,5 - FOOT PARSHALL FLUME,NULL,A,40.4745737475936,-109.965582984459,Scrape,Yes,https://waterrights.utah.gov/cgi-bin/dvrtview.exe?Modinfo=StationView&STATION_ID=10693,1,DAILY_RECORDS,Mean daily discharge in CFS,Mean daily discharge in CFS,1,CFS,16,2010,2025
DUCHESNE,NULL,10694,UINTAH NO. 1 CANAL 8882,8882,*,Conveyance,NULL,10694,UINTA AND WHITEROCKS RIVERS,Observational,10 FOOT PARSHALL FLUME,NULL,A,40.460753861245,-109.951528060279,Scrape,Yes,https://waterrights.utah.gov/cgi-bin/dvrtview.exe?Modinfo=StationView&STATION_ID=10694,1,DAILY_RECORDS,Mean daily discharge in CFS,Mean daily discharge in CFS,1,CFS,16,2010,2025
DUCHESNE,NULL,10695,UPALCO 18``,8891,*,Conveyance,NULL,10695,LAKE FORK RIVER,Observational,,NULL,I,NULL,NULL,Scrape,Yes,https://waterrights.utah.gov/cgi-bin/dvrtview.exe?Modinfo=StationView&STATION_ID=10695,1,DAILY_RECORDS,Mean daily discharge in CFS,Mean daily discharge in CFS,1,CFS,16,2010,2025
DUCHESNE,NULL,10696,UPALCO 30``,8892,*,Conveyance,NULL,10696,LAKE FORK RIVER,Observational,,NULL,I,NULL,NULL,Scrape,Yes,https://waterrights.utah.gov/cgi-bin/dvrtview.exe?Modinfo=StationView&STATION_ID=10696,1,DAILY_RECORDS,Mean daily discharge in CFS,Mean daily discharge in CFS,1,CFS,16,2010,2025
DUCHESNE,NULL,10702,US FARM CREEK,8923,*,Conveyance,NULL,10702,UINTA AND WHITEROCKS RIVERS,Observational,4 FOOT PARSHALL FLUME - CONCRETE,NULL,A,40.5498606955544,-109.924207531892,Scrape,Yes,https://waterrights.utah.gov/cgi-bin/dvrtview.exe?Modinfo=StationView&STATION_ID=10702,1,DAILY_RECORDS,Mean daily discharge in CFS,Mean daily discharge in CFS,1,CFS,16,2010,2025
DUCHESNE,NULL,10703,USLF_2.5,12519,*,Conveyance,NULL,10703,LAKE FORK RIVER,Observational,,NULL,I,40.417800000002,-110.3261,Scrape,Yes,https://waterrights.utah.gov/cgi-bin/dvrtview.exe?Modinfo=StationView&STATION_ID=10703,1,DAILY_RECORDS,Mean daily discharge in CFS,Mean daily discharge in CFS,1,CFS,4,2018,2025
DUCHESNE,NULL,10704,USLF_3,12515,*,Conveyance,NULL,10704,TEMP-43,Observational,,NULL,I,40.4182670000034,-110.322338,Scrape,Yes,https://waterrights.utah.gov/cgi-bin/dvrtview.exe?Modinfo=StationView&STATION_ID=10704,1,DAILY_RECORDS,Mean daily discharge in CFS,Mean daily discharge in CFS,1,CFS,3,2018,2020
DUCHESNE,NULL,10707,UTELAND,7981,*,Conveyance,NULL,10707,LAKE FORK RIVER,Observational,,NULL,A,40.2875062413034,-110.248489788221,Scrape,Yes,https://waterrights.utah.gov/cgi-bin/dvrtview.exe?Modinfo=StationView&STATION_ID=10707,1,DAILY_RECORDS,Mean daily discharge in CFS,Mean daily discharge in CFS,1,CFS,17,2000,2025
DUCHESNE,NULL,10708,WHITEROCKS EXCHANGE 10329,10329,*,Conveyance,NULL,10708,UINTA AND WHITEROCKS RIVERS,Observational,,NULL,A,NULL,NULL,Scrape,Yes,https://waterrights.utah.gov/cgi-bin/dvrtview.exe?Modinfo=StationView&STATION_ID=10708,1,DAILY_RECORDS,Mean daily discharge in CFS,Mean daily discharge in CFS,1,CFS,7,2015,2025
DUCHESNE,NULL,10709,WHITEROCKS - OURAY CANAL  8929,8929,*,Conveyance,NULL,10709,UINTA AND WHITEROCKS RIVERS,Observational,10 FOOT PARSHALL FLUME,NULL,A,40.4896184912397,-109.911303789549,Scrape,Yes,https://waterrights.utah.gov/cgi-bin/dvrtview.exe?Modinfo=StationView&STATION_ID=10709,1,DAILY_RECORDS,Mean daily discharge in CFS,Mean daily discharge in CFS,1,CFS,16,2010,2025
DUCHESNE,NULL,10710,YELLOWSTONE EXTENSION WEST NEOLA,9522,*,Conveyance,NULL,10710,LAKE FORK RIVER,Observational,,NULL,A,40.4460239875449,-110.060817779017,Scrape,Yes,https://waterrights.utah.gov/cgi-bin/dvrtview.exe?Modinfo=StationView&STATION_ID=10710,1,DAILY_RECORDS,Mean daily discharge in CFS,Mean daily discharge in CFS,1,CFS,16,2010,2025
DUCHESNE,NULL,10712,YFC END,13205,*,Conveyance,NULL,10712,LAKE FORK RIVER,Observational,,NULL,A,40.4644755139872,-110.138491697492,Scrape,Yes,https://waterrights.utah.gov/cgi-bin/dvrtview.exe?Modinfo=StationView&STATION_ID=10712,1,DAILY_RECORDS,Mean daily discharge in CFS,Mean daily discharge in CFS,1,CFS,6,2020,2025
DUCHESNE,NULL,10714,TWIN POTS CONTENT,10303,*,Reservoir,NULL,10714,LAKE FORK RIVER,Observational,,NULL,A,40.5133747771563,-110.437491658487,Scrape,Yes,https://waterrights.utah.gov/cgi-bin/dvrtview.exe?Modinfo=StationView&STATION_ID=10714,4,DAILY_RECORDS,Daily Reservoir Storage in ACFT,Daily Reservoir Storage in ACFT,1,ACFT,14,2012,2025
USGS,NULL,10715,"USGS SPANISH FORK AT CASTILLA, UT",10150500,"SPANISH FORK AT CASTILLA, UT",Stream,1,10715,SPANISH FORK RIVER,Observational,,NULL,A,40.0493337962888,-111.548147529295,Scrape,Yes,https://waterrights.utah.gov/cgi-bin/dvrtview.exe?Modinfo=StationView&STATION_ID=10715,1,DAILY_RECORDS,Mean daily discharge in CFS,Mean daily discharge in CFS,1,CFS,5,2021,2025
USGS,NULL,10717,"USGS DOLORES RIVER NEAR CISCO, UT",9180000,"USGS DOLORES RIVER NEAR CISCO, UT",Stream,NULL,10717,USGS GAGES,Observational,,NULL,A,38.7977485171747,-109.195158844789,Scrape,Yes,https://waterrights.utah.gov/cgi-bin/dvrtview.exe?Modinfo=StationView&STATION_ID=10717,1,DAILY_RECORDS,Mean daily discharge in CFS,Mean daily discharge in CFS,1,CFS,76,1950,2025
USGS,NULL,10718,"USGS COLORADO RIVER NEAR CISCO, UT",9180500,"USGS COLORADO RIVER NEAR CISCO, UT",Stream,NULL,10718,USGS GAGES,Observational,,NULL,A,38.8113625740608,-109.29297976822,Scrape,Yes,https://waterrights.utah.gov/cgi-bin/dvrtview.exe?Modinfo=StationView&STATION_ID=10718,1,DAILY_RECORDS,Mean daily discharge in CFS,Mean daily discharge in CFS,1,CFS,109,1913,2025
USGS,NULL,10719,"USGS PACK CREEK AT PACK CREEK ROAD BRIDGE NEAR MOAB, UT",9184600,"USGS PACK CREEK AT PACK CREEK ROAD BRIDGE NEAR MOAB, UT",Stream,NULL,10719,USGS GAGES,Observational,,NULL,A,38.4457796258242,-109.385252560967,Scrape,Yes,https://waterrights.utah.gov/cgi-bin/dvrtview.exe?Modinfo=StationView&STATION_ID=10719,1,DAILY_RECORDS,Mean daily discharge in CFS,Mean daily discharge in CFS,1,CFS,4,2022,2025
USGS,NULL,10720,"USGS COLORADO RIVER AT POTASH, UT",9185600,"USGS COLORADO RIVER AT POTASH, UT",Stream,NULL,10720,USGS GAGES,Observational,,NULL,A,38.5055264409989,-109.658032707111,Scrape,Yes,https://waterrights.utah.gov/cgi-bin/dvrtview.exe?Modinfo=StationView&STATION_ID=10720,1,DAILY_RECORDS,Mean daily discharge in CFS,Mean daily discharge in CFS,1,CFS,12,2014,2025
USGS,NULL,10721,"USGS BLACKS FORK NEAR ROBERTSON, WY",9217900,"USGS BLACKS FORK NEAR ROBERTSON, WY",Stream,NULL,10721,USGS GAGES,Observational,,NULL,A,40.9590332237672,-110.57963166052,Scrape,Yes,https://waterrights.utah.gov/cgi-bin/dvrtview.exe?Modinfo=StationView&STATION_ID=10721,1,DAILY_RECORDS,Mean daily discharge in CFS,Mean daily discharge in CFS,1,CFS,55,1966,2025
USGS,NULL,10722,"USGS GREEN RIVER NEAR GREENDALE, UT",9234500,"USGS GREEN RIVER NEAR GREENDALE, UT",Stream,NULL,10722,USGS GAGES,Observational,,NULL,A,40.9083211403365,-109.422347629568,Scrape,Yes,https://waterrights.utah.gov/cgi-bin/dvrtview.exe?Modinfo=StationView&STATION_ID=10722,1,DAILY_RECORDS,Mean daily discharge in CFS,Mean daily discharge in CFS,1,CFS,76,1950,2025
USGS,NULL,10723,"USGS GREEN RIVER NEAR JENSEN, UT",9261000,"USGS GREEN RIVER NEAR JENSEN, UT",Stream,NULL,10723,USGS GAGES,Observational,,NULL,A,40.4096831726667,-109.235041878997,Scrape,Yes,https://waterrights.utah.gov/cgi-bin/dvrtview.exe?Modinfo=StationView&STATION_ID=10723,1,DAILY_RECORDS,Mean daily discharge in CFS,Mean daily discharge in CFS,1,CFS,80,1946,2025
USGS,NULL,10724,"USGS GREEN RIVER AT OURAY, UTAH",9272400,"USGS GREEN RIVER AT OURAY, UTAH",Stream,NULL,10724,USGS GAGES,Observational,,NULL,A,40.0852954803755,-109.67687703792,Scrape,Yes,https://waterrights.utah.gov/cgi-bin/dvrtview.exe?Modinfo=StationView&STATION_ID=10724,1,DAILY_RECORDS,Mean daily discharge in CFS,Mean daily discharge in CFS,1,CFS,17,2009,2025
USGS,NULL,10725,"USGS DUCHESNE RIVER NEAR TABIONA, UT",9277500,"USGS DUCHESNE RIVER NEAR TABIONA, UT",Stream,NULL,10725,DUCHESNE RIVER,Observational,,NULL,A,40.3001556218909,-110.602345532622,Scrape,Yes,https://waterrights.utah.gov/cgi-bin/dvrtview.exe?Modinfo=StationView&STATION_ID=10725,1,DAILY_RECORDS,Mean daily discharge in CFS,Mean daily discharge in CFS,1,CFS,108,1918,2025
USGS,NULL,10726,"USGS ROCK CREEK NEAR MOUNTAIN HOME, UT",9279000,"USGS ROCK CREEK NEAR MOUNTAIN HOME, UT",Stream,NULL,10726,USGS GAGES,Observational,,NULL,A,40.4932419297007,-110.577034769748,Scrape,Yes,https://waterrights.utah.gov/cgi-bin/dvrtview.exe?Modinfo=StationView&STATION_ID=10726,1,DAILY_RECORDS,Mean daily discharge in CFS,Mean daily discharge in CFS,1,CFS,89,1937,2025
USGS,NULL,10727,"USGS STRAWBERRY RIVER AT PINNACLES NEAR FRUITLAND, UT",9285900,"USGS STRAWBERRY RIVER AT PINNACLES NEAR FRUITLAND, UT",Stream,NULL,10727,USGS GAGES,Observational,,NULL,A,40.1270922315338,-110.741952334766,Scrape,Yes,https://waterrights.utah.gov/cgi-bin/dvrtview.exe?Modinfo=StationView&STATION_ID=10727,1,DAILY_RECORDS,Mean daily discharge in CFS,Mean daily discharge in CFS,1,CFS,27,1989,2025
USGS,NULL,10728,"USGS CURRANT CREEK NEAR FRUITLAND, UT",9288000,"USGS CURRANT CREEK NEAR FRUITLAND, UT",Stream,NULL,10728,USGS GAGES,Observational,,NULL,A,40.2006728864159,-110.907691835459,Scrape,Yes,https://waterrights.utah.gov/cgi-bin/dvrtview.exe?Modinfo=StationView&STATION_ID=10728,1,DAILY_RECORDS,Mean daily discharge in CFS,Mean daily discharge in CFS,1,CFS,90,1935,2025
USGS,NULL,10729,"USGS STRAWBERRY RIVER NEAR DUCHESNE, UT",9288180,"USGS STRAWBERRY RIVER NEAR DUCHESNE, UT",Stream,NULL,10729,DUCHESNE RIVER,Observational,,NULL,A,40.1546916842634,-110.554914901074,Scrape,Yes,https://waterrights.utah.gov/cgi-bin/dvrtview.exe?Modinfo=StationView&STATION_ID=10729,1,DAILY_RECORDS,Mean daily discharge in CFS,Mean daily discharge in CFS,1,CFS,69,1934,2025
USGS,NULL,10730,"USGS LAKE FORK RIVER AB MOON LAKE, NR MOUNTAIN HOME, UT",9289500,"USGS LAKE FORK RIVER AB MOON LAKE, NR MOUNTAIN HOME, UT",Stream,NULL,10730,USGS GAGES,Observational,,NULL,A,40.606757023741,-110.526945039182,Scrape,Yes,https://waterrights.utah.gov/cgi-bin/dvrtview.exe?Modinfo=StationView&STATION_ID=10730,1,DAILY_RECORDS,Mean daily discharge in CFS,Mean daily discharge in CFS,1,CFS,79,1933,2025
USGS,NULL,10731,"USGS LAKE FORK RIVER BL MOON LAKE NR MOUNTAIN HOME, UT",9291000,"USGS LAKE FORK RIVER BL MOON LAKE NR MOUNTAIN HOME, UT",Stream,NULL,10731,USGS GAGES,Observational,,NULL,A,40.5563538488321,-110.484545985448,Scrape,Yes,https://waterrights.utah.gov/cgi-bin/dvrtview.exe?Modinfo=StationView&STATION_ID=10731,1,DAILY_RECORDS,Mean daily discharge in CFS,Mean daily discharge in CFS,1,CFS,84,1942,2025
USGS,NULL,10732,"USGS YELLOWSTONE R @ BRIDGE CMPGRND NR ALTONAH, UT",9292000,"USGS YELLOWSTONE R @ BRIDGE CMPGRND NR ALTONAH, UT",Stream,NULL,10732,USGS GAGES,Observational,,NULL,A,40.5463572237733,-110.333655089541,Scrape,Yes,https://waterrights.utah.gov/cgi-bin/dvrtview.exe?Modinfo=StationView&STATION_ID=10732,1,DAILY_RECORDS,Mean daily discharge in CFS,Mean daily discharge in CFS,1,CFS,30,1996,2025
USGS,NULL,10733,"USGS YELLOWSTONE RIVER NEAR ALTONAH, UT",9292500,"USGS YELLOWSTONE RIVER NEAR ALTONAH, UT",Stream,NULL,10733,USGS GAGES,Observational,,NULL,A,40.5119459634854,-110.341591444976,Scrape,Yes,https://waterrights.utah.gov/cgi-bin/dvrtview.exe?Modinfo=StationView&STATION_ID=10733,1,DAILY_RECORDS,Mean daily discharge in CFS,Mean daily discharge in CFS,1,CFS,82,1944,2025
USGS,NULL,10734,"USGS DUCHESNE RIVER AT MYTON, UT",9295000,"USGS DUCHESNE RIVER AT MYTON, UT",Stream,NULL,10734,USGS GAGES,Observational,,NULL,A,40.2001453747719,-110.063688406425,Scrape,Yes,https://waterrights.utah.gov/cgi-bin/dvrtview.exe?Modinfo=StationView&STATION_ID=10734,1,DAILY_RECORDS,Mean daily discharge in CFS,Mean daily discharge in CFS,1,CFS,116,1910,2025
USGS,NULL,10735,"USGS UINTA R BLW POWERPLANT DIVERSION, NR NEOLA, UT",9296800,"USGS UINTA R BLW POWERPLANT DIVERSION, NR NEOLA, UT",Stream,NULL,10735,USGS GAGES,Observational,,NULL,A,40.5912641537215,-110.114523229756,Scrape,Yes,https://waterrights.utah.gov/cgi-bin/dvrtview.exe?Modinfo=StationView&STATION_ID=10735,1,DAILY_RECORDS,Mean daily discharge in CFS,Mean daily discharge in CFS,1,CFS,36,1990,2025
USGS,NULL,10736,"USGS WHITEROCKS RIVER NEAR WHITEROCKS, UT",9299500,"USGS WHITEROCKS RIVER NEAR WHITEROCKS, UT",Stream,NULL,10736,USGS GAGES,Observational,,NULL,A,40.5934613335099,-109.932078366631,Scrape,Yes,https://waterrights.utah.gov/cgi-bin/dvrtview.exe?Modinfo=StationView&STATION_ID=10736,1,DAILY_RECORDS,Mean daily discharge in CFS,Mean daily discharge in CFS,1,CFS,110,1909,2025
USGS,NULL,10737,"USGS WHITE RIVER NEAR WATSON, UTAH",9306500,"USGS WHITE RIVER NEAR WATSON, UTAH",Stream,NULL,10737,USGS GAGES,Observational,,NULL,A,39.9791378496983,-109.178659589414,Scrape,Yes,https://waterrights.utah.gov/cgi-bin/dvrtview.exe?Modinfo=StationView&STATION_ID=10737,1,DAILY_RECORDS,Mean daily discharge in CFS,Mean daily discharge in CFS,1,CFS,98,1923,2025
USGS,NULL,10738,"USGS PRICE RIVER AT WOODSIDE, UT",9314500,"USGS PRICE RIVER AT WOODSIDE, UT",Stream,NULL,10738,USGS GAGES,Observational,,NULL,A,39.2644051995624,-110.342774703648,Scrape,Yes,https://waterrights.utah.gov/cgi-bin/dvrtview.exe?Modinfo=StationView&STATION_ID=10738,1,DAILY_RECORDS,Mean daily discharge in CFS,Mean daily discharge in CFS,1,CFS,74,1945,2025
USGS,NULL,10740,"USGS SAN RAFAEL RIVER NEAR GREEN RIVER, UT",9328500,"USGS SAN RAFAEL RIVER NEAR GREEN RIVER, UT",Stream,NULL,10740,USGS GAGES,Observational,,NULL,A,38.858235300717,-110.36985952625,Scrape,Yes,https://waterrights.utah.gov/cgi-bin/dvrtview.exe?Modinfo=StationView&STATION_ID=10740,1,DAILY_RECORDS,Mean daily discharge in CFS,Mean daily discharge in CFS,1,CFS,91,1909,2025
USGS,NULL,10741,"USGS SAN RAFAEL RIVER AT MOUTH NEAR GREEN RIVER, UT",9328910,"USGS SAN RAFAEL RIVER AT MOUTH NEAR GREEN RIVER, UT",Stream,NULL,10741,USGS GAGES,Observational,,NULL,A,38.757680885592,-110.143468477399,Scrape,Yes,https://waterrights.utah.gov/cgi-bin/dvrtview.exe?Modinfo=StationView&STATION_ID=10741,1,DAILY_RECORDS,Mean daily discharge in CFS,Mean daily discharge in CFS,1,CFS,11,2015,2025
USGS,NULL,10742,USGS GREEN RIVER AT MINERAL BOTTOM NR CYNLNDS NTL PARK,9328920,USGS GREEN RIVER AT MINERAL BOTTOM NR CYNLNDS NTL PARK,Stream,NULL,10742,USGS GAGES,Observational,,NULL,A,38.5243764637194,-109.99485363941,Scrape,Yes,https://waterrights.utah.gov/cgi-bin/dvrtview.exe?Modinfo=StationView&STATION_ID=10742,1,DAILY_RECORDS,Mean daily discharge in CFS,Mean daily discharge in CFS,1,CFS,12,2014,2025
USGS,NULL,10743,"USGS SEVEN MILE CREEK NEAR FISH LAKE, UT",9329050,"USGS SEVEN MILE CREEK NEAR FISH LAKE, UT",Stream,NULL,10743,USGS GAGES,Observational,,NULL,A,38.6277884045799,-111.64779242959,Scrape,Yes,https://waterrights.utah.gov/cgi-bin/dvrtview.exe?Modinfo=StationView&STATION_ID=10743,1,DAILY_RECORDS,Mean daily discharge in CFS,Mean daily discharge in CFS,1,CFS,53,1964,2025
USGS,NULL,10744,USGS DIRTY DEVIL R AB POISON SP WSH NR HANKSVILLE UT,9333500,USGS DIRTY DEVIL R AB POISON SP WSH NR HANKSVILLE UT,Stream,NULL,10744,USGS GAGES,Observational,,NULL,A,38.0942251436341,-110.406666221182,Scrape,Yes,https://waterrights.utah.gov/cgi-bin/dvrtview.exe?Modinfo=StationView&STATION_ID=10744,1,DAILY_RECORDS,Mean daily discharge in CFS,Mean daily discharge in CFS,1,CFS,71,1948,2025
USGS,NULL,10745,"USGS PINE CREEK NEAR ESCALANTE, UT",9337000,"USGS PINE CREEK NEAR ESCALANTE, UT",Stream,NULL,10745,USGS GAGES,Observational,,NULL,A,37.8625177210265,-111.635967857544,Scrape,Yes,https://waterrights.utah.gov/cgi-bin/dvrtview.exe?Modinfo=StationView&STATION_ID=10745,1,DAILY_RECORDS,Mean daily discharge in CFS,Mean daily discharge in CFS,1,CFS,75,1950,2025
USGS,NULL,10746,"USGS ESCALANTE RIVER NEAR ESCALANTE, UT",9337500,"USGS ESCALANTE RIVER NEAR ESCALANTE, UT",Stream,NULL,10746,USGS GAGES,Observational,,NULL,A,37.7780201225067,-111.574486161879,Scrape,Yes,https://waterrights.utah.gov/cgi-bin/dvrtview.exe?Modinfo=StationView&STATION_ID=10746,1,DAILY_RECORDS,Mean daily discharge in CFS,Mean daily discharge in CFS,1,CFS,71,1911,2025
USGS,NULL,10747,"USGS MCELMO CREEK NEAR BLUFF, UTAH",9372200,"USGS MCELMO CREEK NEAR BLUFF, UTAH",Stream,NULL,10747,USGS GAGES,Observational,,NULL,A,37.2197712204727,-109.183930373295,Scrape,Yes,https://waterrights.utah.gov/cgi-bin/dvrtview.exe?Modinfo=StationView&STATION_ID=10747,1,DAILY_RECORDS,Mean daily discharge in CFS,Mean daily discharge in CFS,1,CFS,4,2021,2024
USGS,NULL,10749,"USGS RECAPTURE CREEK NEAR BLANDING, UT",9378630,"USGS RECAPTURE CREEK NEAR BLANDING, UT",Stream,NULL,10749,USGS GAGES,Observational,,NULL,A,37.7555413441684,-109.476498859229,Scrape,Yes,https://waterrights.utah.gov/cgi-bin/dvrtview.exe?Modinfo=StationView&STATION_ID=10749,1,DAILY_RECORDS,Mean daily discharge in CFS,Mean daily discharge in CFS,1,CFS,61,1965,2025
USGS,NULL,10750,"USGS CHINLE CREEK AT MOUTH NEAR BLUFF,  UTAH",9379250,"USGS CHINLE CREEK AT MOUTH NEAR BLUFF,  UTAH",Stream,NULL,10750,USGS GAGES,Observational,,NULL,A,37.1998182485392,-109.710619187833,Scrape,Yes,https://waterrights.utah.gov/cgi-bin/dvrtview.exe?Modinfo=StationView&STATION_ID=10750,1,DAILY_RECORDS,Mean daily discharge in CFS,Mean daily discharge in CFS,1,CFS,4,2021,2024
USGS,NULL,10751,"USGS SAN JUAN RIVER NEAR BLUFF, UT",9379500,"USGS SAN JUAN RIVER NEAR BLUFF, UT",Stream,NULL,10751,USGS GAGES,Observational,,NULL,A,37.150520329646,-109.866771236895,Scrape,Yes,https://waterrights.utah.gov/cgi-bin/dvrtview.exe?Modinfo=StationView&STATION_ID=10751,1,DAILY_RECORDS,Mean daily discharge in CFS,Mean daily discharge in CFS,1,CFS,103,1914,2025
USGS,NULL,10752,"USGS PARIA RIVER NEAR KANAB, UTAH",9381800,"USGS PARIA RIVER NEAR KANAB, UTAH",Stream,NULL,10752,USGS GAGES,Observational,,NULL,A,37.1074530343527,-111.905931834546,Scrape,Yes,https://waterrights.utah.gov/cgi-bin/dvrtview.exe?Modinfo=StationView&STATION_ID=10752,1,DAILY_RECORDS,Mean daily discharge in CFS,Mean daily discharge in CFS,1,CFS,24,2002,2025
USGS,NULL,10753,"USGS KANAB CREEK NEAR KANAB, UT",9403600,"USGS KANAB CREEK NEAR KANAB, UT",Stream,NULL,10753,USGS GAGES,Observational,,NULL,A,37.1005385342733,-112.547974436165,Scrape,Yes,https://waterrights.utah.gov/cgi-bin/dvrtview.exe?Modinfo=StationView&STATION_ID=10753,1,DAILY_RECORDS,Mean daily discharge in CFS,Mean daily discharge in CFS,1,CFS,47,1979,2025
USGS,NULL,10754,"USGS EAST FORK VIRGIN RIVER NEAR SPRINGDALE, UT",9404900,"USGS EAST FORK VIRGIN RIVER NEAR SPRINGDALE, UT",Stream,NULL,10754,EAST FORK VIRGIN RIVER,Observational,,NULL,A,37.1639227453376,-112.958496876751,Scrape,Yes,https://waterrights.utah.gov/cgi-bin/dvrtview.exe?Modinfo=StationView&STATION_ID=10754,1,DAILY_RECORDS,Mean daily discharge in CFS,Mean daily discharge in CFS,1,CFS,35,1991,2025
USGS,NULL,10755,"USGS NORTH FORK VIRGIN RIVER NEAR SPRINGDALE, UT",9405500,"USGS NORTH FORK VIRGIN RIVER NEAR SPRINGDALE, UT",Stream,NULL,10755,USGS GAGES,Observational,,NULL,A,37.2096894079537,-112.978439832358,Scrape,Yes,https://waterrights.utah.gov/cgi-bin/dvrtview.exe?Modinfo=StationView&STATION_ID=10755,1,DAILY_RECORDS,Mean daily discharge in CFS,Mean daily discharge in CFS,1,CFS,102,1923,2025
USGS,NULL,10756,"USGS VIRGIN RIVER AT VIRGIN, UT",9406000,"USGS VIRGIN RIVER AT VIRGIN, UT",Stream,NULL,10756,USGS GAGES,Observational,,NULL,A,37.2037891973209,-113.180743268077,Scrape,Yes,https://waterrights.utah.gov/cgi-bin/dvrtview.exe?Modinfo=StationView&STATION_ID=10756,1,DAILY_RECORDS,Mean daily discharge in CFS,Mean daily discharge in CFS,1,CFS,111,1909,2025
USGS,NULL,10757,"USGS VIRGIN RIVER ABOVE LA VERKIN CREEK NR LA VERKIN, UT",9406100,"USGS VIRGIN RIVER AB LA VERKIN CREEK NR LA VERKIN, UT",Stream,NULL,10757,USGS GAGES,Observational,,NULL,A,37.1970744015963,-113.285010637497,Scrape,Yes,https://waterrights.utah.gov/cgi-bin/dvrtview.exe?Modinfo=StationView&STATION_ID=10757,1,DAILY_RECORDS,Mean daily discharge in CFS,Mean daily discharge in CFS,1,CFS,21,2005,2025
USGS,NULL,10758,"USGS LEEDS CREEK NEAR LEEDS, UT",9408000,"USGS LEEDS CREEK NEAR LEEDS, UT",Stream,NULL,10758,USGS GAGES,Observational,,NULL,A,37.2676533467346,-113.370579246878,Scrape,Yes,https://waterrights.utah.gov/cgi-bin/dvrtview.exe?Modinfo=StationView&STATION_ID=10758,1,DAILY_RECORDS,Mean daily discharge in CFS,Mean daily discharge in CFS,1,CFS,62,1964,2025
USGS,NULL,10759,"USGS VIRGIN RIVER ABOVE QUAIL CREEK NEAR HURRICANE, UT",9408135,"USGS VIRGIN RIVER AB QUAIL CREEK NEAR HURRICANE, UT",Stream,NULL,10759,USGS GAGES,Observational,,NULL,A,37.1920473530561,-113.353218023063,Scrape,Yes,https://waterrights.utah.gov/cgi-bin/dvrtview.exe?Modinfo=StationView&STATION_ID=10759,1,DAILY_RECORDS,Mean daily discharge in CFS,Mean daily discharge in CFS,1,CFS,26,1989,2025
USGS,NULL,10760,"USGS VIRGIN RIVER NEAR HURRICANE, UT",9408150,"USGS VIRGIN RIVER NEAR HURRICANE, UT",Stream,NULL,10760,USGS GAGES,Observational,,NULL,A,37.1627181866184,-113.395144548836,Scrape,Yes,https://waterrights.utah.gov/cgi-bin/dvrtview.exe?Modinfo=StationView&STATION_ID=10760,1,DAILY_RECORDS,Mean daily discharge in CFS,Mean daily discharge in CFS,1,CFS,59,1967,2025
USGS,NULL,10761,"USGS FORT PEARCE WASH NEAR ST. GEORGE, UT",9408195,"USGS FORT PEARCE WASH NEAR ST. GEORGE, UT",Stream,NULL,10761,USGS GAGES,Observational,,NULL,A,37.0017488321605,-113.468641417114,Scrape,Yes,https://waterrights.utah.gov/cgi-bin/dvrtview.exe?Modinfo=StationView&STATION_ID=10761,1,DAILY_RECORDS,Mean daily discharge in CFS,Mean daily discharge in CFS,1,CFS,31,1984,2025
USGS,NULL,10762,"USGS SANTA CLARA RIVER ABV BAKER RES, NR CENTRAL, UT",9409100,"USGS SANTA CLARA RIVER ABV BAKER RES, NR CENTRAL, UT",Stream,NULL,10762,USGS GAGES,Observational,,NULL,A,37.3846997820351,-113.631928468273,Scrape,Yes,https://waterrights.utah.gov/cgi-bin/dvrtview.exe?Modinfo=StationView&STATION_ID=10762,1,DAILY_RECORDS,Mean daily discharge in CFS,Mean daily discharge in CFS,1,CFS,37,1989,2025
USGS,NULL,10763,"USGS SANTA CLARA RIV BLW WINSOR DAM, NR SANTA CLARA, UT",9410100,"USGS SANTA CLARA RIV BLW WINSOR DAM, NR SANTA CLARA, UT",Stream,NULL,10763,USGS GAGES,Observational,,NULL,A,37.1899282363506,-113.768229062498,Scrape,Yes,https://waterrights.utah.gov/cgi-bin/dvrtview.exe?Modinfo=StationView&STATION_ID=10763,1,DAILY_RECORDS,Mean daily discharge in CFS,Mean daily discharge in CFS,1,CFS,43,1971,2025
USGS,NULL,10764,"USGS SANTA CLARA RIVER AT ST. GEORGE, UT",9413000,"USGS SANTA CLARA RIVER AT ST. GEORGE, UT",Stream,NULL,10764,USGS GAGES,Observational,,NULL,A,37.0755832277571,-113.592983874924,Scrape,Yes,https://waterrights.utah.gov/cgi-bin/dvrtview.exe?Modinfo=StationView&STATION_ID=10764,1,DAILY_RECORDS,Mean daily discharge in CFS,Mean daily discharge in CFS,1,CFS,49,1950,2025
USGS,NULL,10765,"USGS VIRGIN RIVER NEAR BLOOMINGTON, UT",9413200,"USGS VIRGIN RIVER NEAR BLOOMINGTON, UT",Stream,NULL,10765,USGS GAGES,Observational,,NULL,A,37.0698938129778,-113.583756764811,Scrape,Yes,https://waterrights.utah.gov/cgi-bin/dvrtview.exe?Modinfo=StationView&STATION_ID=10765,1,DAILY_RECORDS,Mean daily discharge in CFS,Mean daily discharge in CFS,1,CFS,49,1977,2025
USGS,NULL,10766,"USGS VIRGIN RIVER NEAR ST. GEORGE, UT",9413500,"USGS VIRGIN RIVER NEAR ST. GEORGE, UT",Stream,NULL,10766,USGS GAGES,Observational,,NULL,A,37.01488353921,-113.680467174098,Scrape,Yes,https://waterrights.utah.gov/cgi-bin/dvrtview.exe?Modinfo=StationView&STATION_ID=10766,1,DAILY_RECORDS,Mean daily discharge in CFS,Mean daily discharge in CFS,1,CFS,42,1950,2025
USGS,NULL,10767,"USGS BEAVER DAM WASH NEAR ENTERPRISE, UT",9413900,"USGS BEAVER DAM WASH NEAR ENTERPRISE, UT",Stream,NULL,10767,USGS GAGES,Observational,,NULL,A,37.4698437065206,-114.046668978514,Scrape,Yes,https://waterrights.utah.gov/cgi-bin/dvrtview.exe?Modinfo=StationView&STATION_ID=10767,1,DAILY_RECORDS,Mean daily discharge in CFS,Mean daily discharge in CFS,1,CFS,34,1991,2024
USGS,NULL,10768,USGS BEAR RIVER NEAR UTAH-WYOMING STATE LINE,10011500,USGS BEAR RIVER NEAR UTAH-WYOMING STATE LINE,Stream,NULL,10768,USGS GAGES,Observational,,NULL,A,40.9652502122877,-110.853228208612,Scrape,Yes,https://waterrights.utah.gov/cgi-bin/dvrtview.exe?Modinfo=StationView&STATION_ID=10768,1,DAILY_RECORDS,Mean daily discharge in CFS,Mean daily discharge in CFS,1,CFS,84,1942,2025
USGS,NULL,10769,"USGS BIG CREEK NEAR RANDOLPH, UT",10023000,"USGS BIG CREEK NEAR RANDOLPH, UT",Stream,NULL,10769,USGS GAGES,Observational,,NULL,A,41.6099395594904,-111.254011586602,Scrape,Yes,https://waterrights.utah.gov/cgi-bin/dvrtview.exe?Modinfo=StationView&STATION_ID=10769,1,DAILY_RECORDS,Mean daily discharge in CFS,Mean daily discharge in CFS,1,CFS,69,1939,2025
USGS,NULL,10770,"USGS BLACKSMITH FORK AB UP AND L CO.`S DAM NR HYRUM, UT",10113500,"USGS BLACKSMITH FORK AB UP and L CO.`S DAM NR HYRUM, UT",Stream,NULL,10770,USGS GAGES,Observational,,NULL,A,41.6230987420281,-111.738543717173,Scrape,Yes,https://waterrights.utah.gov/cgi-bin/dvrtview.exe?Modinfo=StationView&STATION_ID=10770,1,DAILY_RECORDS,Mean daily discharge in CFS,Mean daily discharge in CFS,1,CFS,110,1913,2025
USGS,NULL,10771,"USGS FARMINGTON CR ABV DIV NR FARMINGTON, UTAH",10142000,"USGS FARMINGTON CR ABV DIV NR FARMINGTON, UTAH",Stream,NULL,10771,USGS GAGES,Observational,,NULL,A,41.0014313140347,-111.873022001707,Scrape,Yes,https://waterrights.utah.gov/cgi-bin/dvrtview.exe?Modinfo=StationView&STATION_ID=10771,1,DAILY_RECORDS,Mean daily discharge in CFS,Mean daily discharge in CFS,1,CFS,47,1949,2025
USGS,NULL,10772,"USGS SALT CRK BL NEPHI POWERPLANT DIV NR NEPHI, UT",10145400,"USGS SALT CRK BL NEPHI POWERPLANT DIV NR NEPHI, UT",Stream,NULL,10772,USGS GAGES,Observational,,NULL,A,39.7172665769575,-111.733557613176,Scrape,Yes,https://waterrights.utah.gov/cgi-bin/dvrtview.exe?Modinfo=StationView&STATION_ID=10772,1,DAILY_RECORDS,Mean daily discharge in CFS,Mean daily discharge in CFS,1,CFS,33,1993,2025
USGS,NULL,10773,"USGS SALT CREEK AT NEPHI, UT",10146000,"USGS SALT CREEK AT NEPHI, UT",Stream,NULL,10773,USGS GAGES,Observational,,NULL,A,39.7131142242823,-111.804349646901,Scrape,Yes,https://waterrights.utah.gov/cgi-bin/dvrtview.exe?Modinfo=StationView&STATION_ID=10773,1,DAILY_RECORDS,Mean daily discharge in CFS,Mean daily discharge in CFS,1,CFS,64,1950,2025
USGS,NULL,10774,"USGS CURRANT CREEK NEAR MONA, UT",10146400,"USGS CURRANT CREEK NEAR MONA, UT",Stream,NULL,10774,USGS GAGES,Observational,,NULL,A,39.8022527159654,-111.866248989221,Scrape,Yes,https://waterrights.utah.gov/cgi-bin/dvrtview.exe?Modinfo=StationView&STATION_ID=10774,1,DAILY_RECORDS,Mean daily discharge in CFS,Mean daily discharge in CFS,1,CFS,48,1978,2025
USGS,NULL,10775,USGS SUMMIT CREEK ABV SUMMIT CR CANAL NR SANTAQUIN UT,10147100,USGS SUMMIT CREEK ABV SUMMIT CR CANAL NR SANTAQUIN UT,Stream,NULL,10775,USGS GAGES,Observational,,NULL,A,39.9443880684119,-111.774990028867,Scrape,Yes,https://waterrights.utah.gov/cgi-bin/dvrtview.exe?Modinfo=StationView&STATION_ID=10775,1,DAILY_RECORDS,Mean daily discharge in CFS,Mean daily discharge in CFS,1,CFS,11,2015,2025
USGS,NULL,10776,"USGS SIXTH WATER CRK AB SYAR TUN NR SPRINGVILLE, UT",10149000,"USGS SIXTH WATER CRK AB SYAR TUN NR SPRINGVILLE, UT",Stream,NULL,10776,USGS GAGES,Observational,,NULL,A,40.1179983253284,-111.314537629251,Scrape,Yes,https://waterrights.utah.gov/cgi-bin/dvrtview.exe?Modinfo=StationView&STATION_ID=10776,1,DAILY_RECORDS,Mean daily discharge in CFS,Mean daily discharge in CFS,1,CFS,28,1998,2025
USGS,NULL,10777,"USGS DIAMOND FORK ABV RED HOLLOW NR THISTLE, UT",10149400,"USGS DIAMOND FORK ABV RED HOLLOW NR THISTLE, UT",Stream,NULL,10777,USGS GAGES,Observational,,NULL,A,40.0764214343331,-111.383204077602,Scrape,Yes,https://waterrights.utah.gov/cgi-bin/dvrtview.exe?Modinfo=StationView&STATION_ID=10777,1,DAILY_RECORDS,Mean daily discharge in CFS,Mean daily discharge in CFS,1,CFS,25,2001,2025
USGS,NULL,10778,"USGS HOBBLE CREEK AT 1650 WEST AT SPRINGVILLE, UTAH",10153100,"USGS HOBBLE CREEK AT 1650 WEST AT SPRINGVILLE, UTAH",Stream,NULL,10778,USGS GAGES,Observational,,NULL,A,40.1787900475083,-111.639326473213,Scrape,Yes,https://waterrights.utah.gov/cgi-bin/dvrtview.exe?Modinfo=StationView&STATION_ID=10778,1,DAILY_RECORDS,Mean daily discharge in CFS,Mean daily discharge in CFS,1,CFS,18,2008,2025
USGS,NULL,10779,"USGS PROVO RIVER NEAR HAILSTONE, UT",10155000,"USGS PROVO RIVER NEAR HAILSTONE, UT",Stream,NULL,10779,PROVO RIVER,Observational,,NULL,A,40.6051051863999,-111.314025357649,Scrape,Yes,https://waterrights.utah.gov/cgi-bin/dvrtview.exe?Modinfo=StationView&STATION_ID=10779,1,DAILY_RECORDS,Mean daily discharge in CFS,Mean daily discharge in CFS,1,CFS,77,1949,2025
USGS,NULL,10780,"USGS PROVO RIV AT RIV ROAD BRIDGE NR HEBER CITY, UT",10155200,"USGS PROVO RIV AT RIV ROAD BRIDGE NR HEBER CITY, UT",Stream,NULL,10780,PROVO RIVER,Observational,,NULL,A,40.5542268908512,-111.433312196564,Scrape,Yes,https://waterrights.utah.gov/cgi-bin/dvrtview.exe?Modinfo=StationView&STATION_ID=10780,1,DAILY_RECORDS,Mean daily discharge in CFS,Mean daily discharge in CFS,1,CFS,25,2001,2025
USGS,NULL,10781,"USGS PROVO RIVER NEAR CHARLESTON, UT",10155500,"USGS PROVO RIVER NEAR CHARLESTON, UT",Stream,NULL,10781,PROVO RIVER,Observational,,NULL,A,40.4847820922167,-111.463131414755,Scrape,Yes,https://waterrights.utah.gov/cgi-bin/dvrtview.exe?Modinfo=StationView&STATION_ID=10781,1,DAILY_RECORDS,Mean daily discharge in CFS,Mean daily discharge in CFS,1,CFS,48,1938,2025
USGS,NULL,10782,"USGS SNAKE CREEK NEAR CHARLESTON, UT",10156000,"USGS SNAKE CREEK NEAR CHARLESTON, UT",Stream,NULL,10782,PROVO RIVER,Observational,,NULL,A,40.4850934981285,-111.467209526313,Scrape,Yes,https://waterrights.utah.gov/cgi-bin/dvrtview.exe?Modinfo=StationView&STATION_ID=10782,1,DAILY_RECORDS,Mean daily discharge in CFS,Mean daily discharge in CFS,1,CFS,46,1938,2025
USGS,NULL,10783,"USGS DANIELS CREEK AT CHARLESTON, UT",10157500,"USGS DANIELS CREEK AT CHARLESTON, UT",Stream,NULL,10783,PROVO RIVER,Observational,,NULL,A,40.4620719126012,-111.462318501238,Scrape,Yes,https://waterrights.utah.gov/cgi-bin/dvrtview.exe?Modinfo=StationView&STATION_ID=10783,1,DAILY_RECORDS,Mean daily discharge in CFS,Mean daily discharge in CFS,1,CFS,33,1993,2025
USGS,NULL,10784,"USGS AMERICAN FK AB UPPER POWERPLANT NR AMERICAN FK, UT",10164500,"USGS AMERICAN FK AB UPPER POWERPLANT NR AMERICAN FK, UT",Stream,NULL,10784,USGS GAGES,Observational,,NULL,A,40.4478052878661,-111.682151715577,Scrape,Yes,https://waterrights.utah.gov/cgi-bin/dvrtview.exe?Modinfo=StationView&STATION_ID=10784,1,DAILY_RECORDS,Mean daily discharge in CFS,Mean daily discharge in CFS,1,CFS,94,1927,2025
USGS,NULL,10785,"USGS DRY CREEK AT 300 N, AT ALPINE, UT",10165600,"USGS DRY CREEK AT 300 N, AT ALPINE, UT",Stream,NULL,10785,USGS GAGES,Observational,,NULL,A,40.4571437826746,-111.768530693528,Scrape,Yes,https://waterrights.utah.gov/cgi-bin/dvrtview.exe?Modinfo=StationView&STATION_ID=10785,1,DAILY_RECORDS,Mean daily discharge in CFS,Mean daily discharge in CFS,1,CFS,7,2019,2025
USGS,NULL,10786,"USGS WEST CANYON CREEK NEAR CEDAR FORT, UT",10166430,"USGS WEST CANYON CREEK NEAR CEDAR FORT, UT",Stream,NULL,10786,USGS GAGES,Observational,,NULL,A,40.4052196688542,-112.100484169479,Scrape,Yes,https://waterrights.utah.gov/cgi-bin/dvrtview.exe?Modinfo=StationView&STATION_ID=10786,1,DAILY_RECORDS,Mean daily discharge in CFS,Mean daily discharge in CFS,1,CFS,51,1965,2025
USGS,NULL,10787,USGS LITTLE COTTONWOOD CREEK @ JORDAN RIVER NR SLC,10168000,USGS LITTLE COTTONWOOD CREEK @ JORDAN RIVER NR SLC,Stream,NULL,10787,USGS GAGES,Observational,,NULL,A,40.6642303180658,-111.898827896598,Scrape,Yes,https://waterrights.utah.gov/cgi-bin/dvrtview.exe?Modinfo=StationView&STATION_ID=10787,1,DAILY_RECORDS,Mean daily discharge in CFS,Mean daily discharge in CFS,1,CFS,40,1980,2025
USGS,NULL,10788,"USGS COM FLW JORDAN RIVER & SURPLUS CANAL @ SLC, UT",10170490,"USGS COM FLW JORDAN RIVER & SURPLUS CANAL @ SLC, UT",Stream,NULL,10788,USGS GAGES,Observational,,NULL,A,40.726884729368,-111.926591961646,Scrape,Yes,https://waterrights.utah.gov/cgi-bin/dvrtview.exe?Modinfo=StationView&STATION_ID=10788,1,DAILY_RECORDS,Mean daily discharge in CFS,Mean daily discharge in CFS,1,CFS,84,1942,2025
USGS,NULL,10789,"USGS RED BUTTE CREEK AT FORT DOUGLAS, NEAR SLC, UT",10172200,"USGS RED BUTTE CREEK AT FORT DOUGLAS, NEAR SLC, UT",Stream,NULL,10789,USGS GAGES,Observational,,NULL,A,40.7798264465063,-111.805947532195,Scrape,Yes,https://waterrights.utah.gov/cgi-bin/dvrtview.exe?Modinfo=StationView&STATION_ID=10789,1,DAILY_RECORDS,Mean daily discharge in CFS,Mean daily discharge in CFS,1,CFS,63,1963,2025
USGS,NULL,10790,"USGS VERNON CREEK NEAR VERNON, UT",10172700,"USGS VERNON CREEK NEAR VERNON, UT",Stream,NULL,10790,USGS GAGES,Observational,,NULL,A,39.9793820199668,-112.380236817369,Scrape,Yes,https://waterrights.utah.gov/cgi-bin/dvrtview.exe?Modinfo=StationView&STATION_ID=10790,1,DAILY_RECORDS,Mean daily discharge in CFS,Mean daily discharge in CFS,1,CFS,68,1958,2025
USGS,NULL,10791,"USGS FAUST CREEK NEAR VERNON, UT",10172727,"USGS FAUST CREEK NEAR VERNON, UT",Stream,NULL,10791,USGS GAGES,Observational,,NULL,A,40.1604949216796,-112.431052135302,Scrape,Yes,https://waterrights.utah.gov/cgi-bin/dvrtview.exe?Modinfo=StationView&STATION_ID=10791,1,DAILY_RECORDS,Mean daily discharge in CFS,Mean daily discharge in CFS,1,CFS,30,1991,2025
USGS,NULL,10792,"USGS SOUTH WILLOW CREEK NEAR GRANTSVILLE, UT",10172800,"USGS SOUTH WILLOW CREEK NEAR GRANTSVILLE, UT",Stream,NULL,10792,USGS GAGES,Observational,,NULL,A,40.4957743817342,-112.574230103985,Scrape,Yes,https://waterrights.utah.gov/cgi-bin/dvrtview.exe?Modinfo=StationView&STATION_ID=10792,1,DAILY_RECORDS,Mean daily discharge in CFS,Mean daily discharge in CFS,1,CFS,63,1963,2025
USGS,NULL,10793,"USGS TROUT CREEK NEAR CALLAO, UT",10172870,"USGS TROUT CREEK NEAR CALLAO, UT",Stream,NULL,10793,USGS GAGES,Observational,,NULL,A,39.7442711442584,-113.889928926836,Scrape,Yes,https://waterrights.utah.gov/cgi-bin/dvrtview.exe?Modinfo=StationView&STATION_ID=10793,1,DAILY_RECORDS,Mean daily discharge in CFS,Mean daily discharge in CFS,1,CFS,62,1958,2025
USGS,NULL,10794,"USGS DUNN CREEK NEAR PARK VALLEY, UT",10172952,"USGS DUNN CREEK NEAR PARK VALLEY, UT",Stream,NULL,10794,USGS GAGES,Observational,,NULL,A,41.8585243209173,-113.327207021163,Scrape,Yes,https://waterrights.utah.gov/cgi-bin/dvrtview.exe?Modinfo=StationView&STATION_ID=10794,1,DAILY_RECORDS,Mean daily discharge in CFS,Mean daily discharge in CFS,1,CFS,53,1971,2025
USGS,NULL,10795,"USGS MAMMOTH CREEK ABV WEST HATCH DITCH, NEAR HATCH, UT",10173450,"USGS MAMMOTH CREEK ABV WEST HATCH DITCH, NEAR HATCH, UT",Stream,NULL,10795,SEVIER RIVER,Observational,,NULL,A,37.6227154196393,-112.516828339923,Scrape,Yes,https://waterrights.utah.gov/cgi-bin/dvrtview.exe?Modinfo=StationView&STATION_ID=10795,1,DAILY_RECORDS,Mean daily discharge in CFS,Mean daily discharge in CFS,1,CFS,62,1964,2025
USGS,NULL,10796,"USGS SALINA CREEK NEAR EMERY, UT",10205030,"USGS SALINA CREEK NEAR EMERY, UT",Stream,NULL,10796,USGS GAGES,Observational,,NULL,A,38.9116222857468,-111.53022605967,Scrape,Yes,https://waterrights.utah.gov/cgi-bin/dvrtview.exe?Modinfo=StationView&STATION_ID=10796,1,DAILY_RECORDS,Mean daily discharge in CFS,Mean daily discharge in CFS,1,CFS,63,1963,2025
USGS,NULL,10797,"USGS MANTI CREEK BLW DUGWAY CREEK, NR MANTI, UT",10215900,"USGS MANTI CREEK BLW DUGWAY CREEK, NR MANTI, UT",Stream,NULL,10797,USGS GAGES,Observational,,NULL,A,39.2590979269911,-111.579933009523,Scrape,Yes,https://waterrights.utah.gov/cgi-bin/dvrtview.exe?Modinfo=StationView&STATION_ID=10797,1,DAILY_RECORDS,Mean daily discharge in CFS,Mean daily discharge in CFS,1,CFS,59,1964,2025
USGS,NULL,10798,"USGS SEVIER RIV BLW SAN PITCH RIV NR GUNNISON, UT",10217000,"USGS SEVIER RIV BLW SAN PITCH RIV NR GUNNISON, UT",Stream,1,10798,SEVIER RIVER,Observational,,DIGITAL,A,39.1552244927163,-111.87775926687,Scrape,Yes,https://waterrights.utah.gov/cgi-bin/dvrtview.exe?Modinfo=StationView&STATION_ID=10798,1,DAILY_RECORDS,Mean daily discharge in CFS,Mean daily discharge in CFS,1,CFS,109,1917,2025
USGS,NULL,10799,"USGS SEVIER RIVER NEAR LYNNDYL, UT",10224000,"USGS SEVIER RIVER NEAR LYNNDYL, UT",Stream,1,10799,SEVIER RIVER,Observational,,DIGITAL,A,39.4818378257967,-112.393803430094,Scrape,Yes,https://waterrights.utah.gov/cgi-bin/dvrtview.exe?Modinfo=StationView&STATION_ID=10799,1,DAILY_RECORDS,Mean daily discharge in CFS,Mean daily discharge in CFS,1,CFS,90,1914,2025
USGS,NULL,10800,"USGS  (C- 2- 4)15CAC-S1 MILL SPRING NR ERDA, UT",403835112171801,"USGS  (C- 2- 4)15cac-S1 MILL SPRING NR ERDA, UT",Stream,NULL,10800,USGS GAGES,Observational,,NULL,A,40.6429935070062,-112.289102399866,Scrape,Yes,https://waterrights.utah.gov/cgi-bin/dvrtview.exe?Modinfo=StationView&STATION_ID=10800,1,DAILY_RECORDS,Mean daily discharge in CFS,Mean daily discharge in CFS,1,CFS,26,2000,2025
SEVIER,NULL,10812,SEVIER RIVER NEAR ELSINORE,4068,Sevier River near Elsinore,Stream,1,10812,SEVIER RIVER,Observational,,DIGITAL,A,38.661539830845,-112.166659210409,Scrape,Yes,https://waterrights.utah.gov/cgi-bin/dvrtview.exe?Modinfo=StationView&STATION_ID=10812,1,DAILY_RECORDS,Mean daily discharge in CFS,Mean daily discharge in CFS,1,CFS,4,2022,2025
SEVIER,NULL,10832,SEVIER BRIDGE STAFF GAGE ELEVATION,4152,SEVIER BRIDGE ELEVATION,Reservoir,1,10832,SEVIER RIVER,Observational,,DIGITAL,A,39.3717627073547,-112.032348149315,Scrape,Yes,https://waterrights.utah.gov/cgi-bin/dvrtview.exe?Modinfo=StationView&STATION_ID=10832,6,DAILY_RECORDS,Daily gage height in FEET,Daily gage height in FEET,1,FEET,5,2021,2025
SEVIER,NULL,10835,PANGUITCH LAKE STAFF GAGE HEIGHT,13884,PANGUITCH LAKE STAFF GAGE HEIGHT,Reservoir,1,10835,SEVIER RIVER,Observational,,DIGITAL,A,37.7246401085383,-112.628246722292,Direct,Yes,https://waterrights.utah.gov/cgi-bin/dvrtview.exe?Modinfo=StationView&STATION_ID=10835,6,DAILY_RECORDS,Daily gage height in FEET,Daily gage height in FEET,1,FEET,3,2022,2024
SLCO,NULL,10839,EMIGRATION CREEK AT WESTMINSTER,112,Emigration Creek @ Westminster,Stream,1,10839,SLCO FLOOD CONTROL,Observational,Stage Height Sensor; Rated Section,NULL,A,40.73041206051,-111.856428651131,Scrape,Yes,https://waterrights.utah.gov/cgi-bin/dvrtview.exe?Modinfo=StationView&STATION_ID=10839,1,DAILY_RECORDS,Mean daily discharge in CFS,Mean daily discharge in CFS,1,CFS,2,2023,2024
SLCO,NULL,10840,JORDAN RIVER AT 4800 SOUTH,113,Jordan River @ 4800 S,Stream,1,10840,UTAH LAKE/JORDAN RIVER,Observational,Stage Height Sensor; Rated Section,NULL,A,40.6668161567366,-111.908495881925,Scrape,Yes,https://waterrights.utah.gov/cgi-bin/dvrtview.exe?Modinfo=StationView&STATION_ID=10840,1,DAILY_RECORDS,Mean daily discharge in CFS,Mean daily discharge in CFS,1,CFS,3,2022,2024
SLCO,NULL,10841,PARLEYS CREEK AT HIDDEN HOLLOW,114,Parleys Creek @ Hidden Hollow,Stream,1,10841,SLCO FLOOD CONTROL,Observational,Stage Height Sensor; Rated Section,NULL,A,40.7242857097919,-111.85644837933,Scrape,Yes,https://waterrights.utah.gov/cgi-bin/dvrtview.exe?Modinfo=StationView&STATION_ID=10841,1,DAILY_RECORDS,Mean daily discharge in CFS,Mean daily discharge in CFS,1,CFS,2,2023,2024
SLCO,NULL,10842,PARLEYS CREEK AT CANYON MOUTH,77,Parleys Creek @ Canyon Mouth,Stream,1,10842,SLCO FLOOD CONTROL,Observational,Stage Height Sensor; Rated Section,NULL,A,40.709730779414,-111.797801060213,Scrape,Yes,https://waterrights.utah.gov/cgi-bin/dvrtview.exe?Modinfo=StationView&STATION_ID=10842,1,DAILY_RECORDS,Mean daily discharge in CFS,Mean daily discharge in CFS,1,CFS,2,2023,2024
SLCO,NULL,10843,RED BUTTE CREEK AT MILLER PARK,88,Red Butte Creek @ Miller Park,Stream,1,10843,SLCO FLOOD CONTROL,Observational,Stage Height Sensor; Rated Section,NULL,A,40.7483718780541,-111.843606424869,Scrape,Yes,https://waterrights.utah.gov/cgi-bin/dvrtview.exe?Modinfo=StationView&STATION_ID=10843,1,DAILY_RECORDS,Mean daily discharge in CFS,Mean daily discharge in CFS,1,CFS,2,2023,2024
WEBER,NULL,10847,BEAVER CREEK AT ROCKY POINT,BEAVER CREEK AT ROCKY POINT,,Stream,1,10847,WEBER RIVER,Observational,Rated Section,STAGE,A,40.680744389695,-111.319475932505,Direct,Yes,https://waterrights.utah.gov/cgi-bin/dvrtview.exe?Modinfo=StationView&STATION_ID=10847,1,DAILY_RECORDS,Mean daily discharge in CFS,Mean daily discharge in CFS,1,CFS,3,2023,2025
STRAWBERRY,NULL,10869,LAKE SHORE GATE AT CITY DAM,10419,Lake Shore Irrigation,Conveyance,1,10869,SPANISH FORK RIVER,Observational,,FLOWMETER,A,40.0805037831014,-111.606218879469,Direct,Yes,https://waterrights.utah.gov/cgi-bin/dvrtview.exe?Modinfo=StationView&STATION_ID=10869,1,DAILY_RECORDS,Mean daily discharge in CFS,Mean daily discharge in CFS,1,CFS,5,2021,2025
CU_SCADA,NULL,10946,MURDOCK OVERFLOW,OREM\OD\MD\FLOW,WATER OVERFLOWING MURDOCK DAM - DOES NOT INCLUDE BYPASS PIPE,Stream,1,10946,PROVO RIVER,Observational,RATED OGEE SECTION,DIGITAL,A,40.3248818134096,-111.643359280384,Scrape,Yes,https://waterrights.utah.gov/cgi-bin/dvrtview.exe?Modinfo=StationView&STATION_ID=10946,1,DAILY_RECORDS,Mean daily discharge in CFS,Mean daily discharge in CFS,1,CFS,2,2024,2025
EMERY,NULL,10954,SWASEY DIVERSION CC&H CANAL TOTAL FLOW,5812,,Conveyance,1,10954,COTTONWOOD CREEK,Observational,8 FOOT PARSHALL FLUME,NULL,A,39.2566331442928,-111.107447268571,Scrape,Yes,https://waterrights.utah.gov/cgi-bin/dvrtview.exe?Modinfo=StationView&STATION_ID=10954,1,DAILY_RECORDS,Mean daily discharge in CFS,Mean daily discharge in CFS,1,CFS,6,2020,2025
UINTAH,NULL,10957,TYZACK PUMPING PLANT,10489,Red Fleet Reservoir Outflow - Tyzack Pumping Plant,Conveyance,1,10957,BRUSH CREEK,Observational,,NULL,A,40.5727187475994,-109.421413386836,Scrape,Yes,https://waterrights.utah.gov/cgi-bin/dvrtview.exe?Modinfo=StationView&STATION_ID=10957,1,DAILY_RECORDS,Mean daily discharge in CFS,Mean daily discharge in CFS,1,CFS,2,2024,2025
DUCHESNE,NULL,10962,CEDARVIEW CANAL (NEW),12032,Cedarview,,1,10962,UINTA AND WHITEROCKS RIVERS,Observational,,NULL,A,40.5203793861792,-110.044097370456,Scrape,Yes,https://waterrights.utah.gov/cgi-bin/dvrtview.exe?Modinfo=StationView&STATION_ID=10962,1,DAILY_RECORDS,Mean daily discharge in CFS,Mean daily discharge in CFS,1,CFS,3,2023,2025
DUCHESNE,NULL,10963,DITCH A 13925,13925,A Ditch,Conveyance,1,10963,UINTA AND WHITEROCKS RIVERS,Observational,3 FT PARSHALL FLUME - STEEL,NULL,A,40.4365537362772,-109.93192954009,Scrape,Yes,https://waterrights.utah.gov/cgi-bin/dvrtview.exe?Modinfo=StationView&STATION_ID=10963,1,DAILY_RECORDS,Mean daily discharge in CFS,Mean daily discharge in CFS,1,CFS,3,2023,2025
DUCHESNE,NULL,10964,DITCH B 13917,13917,B Ditch,Conveyance,1,10964,UINTA AND WHITEROCKS RIVERS,Observational,3 FT PARSHALL - STEEL,NULL,A,40.4205747572597,-109.923263094119,Scrape,Yes,https://waterrights.utah.gov/cgi-bin/dvrtview.exe?Modinfo=StationView&STATION_ID=10964,1,DAILY_RECORDS,Mean daily discharge in CFS,Mean daily discharge in CFS,1,CFS,3,2023,2025
DUCHESNE,NULL,10965,DITCH C 13921,13921,C Ditch,Conveyance,1,10965,UINTA AND WHITEROCKS RIVERS,Observational,3 FT PARSHALL FLUME - STEEL,NULL,A,40.4063751408127,-109.92148134117,Scrape,Yes,https://waterrights.utah.gov/cgi-bin/dvrtview.exe?Modinfo=StationView&STATION_ID=10965,1,DAILY_RECORDS,Mean daily discharge in CFS,Mean daily discharge in CFS,1,CFS,3,2023,2025
DUCHESNE,NULL,10966,DITCH D 13928,13928,D Ditch,Conveyance,1,10966,UINTA AND WHITEROCKS RIVERS,Observational,3 FT PARSHALL FLUME - STEEL,NULL,A,40.4339618305054,-109.931297972827,Scrape,Yes,https://waterrights.utah.gov/cgi-bin/dvrtview.exe?Modinfo=StationView&STATION_ID=10966,1,DAILY_RECORDS,Mean daily discharge in CFS,Mean daily discharge in CFS,1,CFS,3,2023,2025
DUCHESNE,NULL,10967,HARMS DITCH 13913,13913,Harmes Ditch,Conveyance,1,10967,UINTA AND WHITEROCKS RIVERS,Observational,3 FOOT PARSHALL FLUME - STEEL,NULL,A,40.4275159965324,-109.925676321856,Scrape,Yes,https://waterrights.utah.gov/cgi-bin/dvrtview.exe?Modinfo=StationView&STATION_ID=10967,1,DAILY_RECORDS,Mean daily discharge in CFS,Mean daily discharge in CFS,1,CFS,3,2023,2025
USGS,NULL,10968,PRICE RIVER AT WOODSIDE (USGS),9314500,USGS PRICE RIVER AT WOODSIDE,Stream,1,10968,PRICE RIVER,Observational,RATED SECTION,NULL,A,39.2630073128812,-110.347305420417,Scrape,Yes,https://waterrights.utah.gov/cgi-bin/dvrtview.exe?Modinfo=StationView&STATION_ID=10968,1,DAILY_RECORDS,Mean daily discharge in CFS,Mean daily discharge in CFS,1,CFS,2,2024,2025
LOWER_BEAR_DL,NULL,10970,BEAR RIVER BIRD REFUGE L-LINE,Bear River Bird Refuge L-Line,Bear River Bird Refuge L-Line,Conveyance,1,10970,LOWER BEAR RIVER - BOX ELDER,Observational,Laserflow meter,FLOWMETER,A,41.4774758426336,-112.34012782734,,Yes,https://waterrights.utah.gov/cgi-bin/dvrtview.exe?Modinfo=StationView&STATION_ID=10970,1,DAILY_RECORDS,Mean daily discharge in CFS,Mean daily discharge in CFS,1,CFS,2,2024,2025
EMERY,NULL,10987,JOES CONTROL,10351,,Reservoir,1,10987,SOUTH EAST REGION,Observational,,STAGE,A,39.2834060524787,-111.266678663787,Scrape,Yes,https://waterrights.utah.gov/cgi-bin/dvrtview.exe?Modinfo=StationView&STATION_ID=10987,1,DAILY_RECORDS,Mean daily discharge in CFS,Mean daily discharge in CFS,1,CFS,11,2015,2025
EMERY,NULL,10988,COTTONWOOD STEEL PIPELINE,6317,,Conveyance,1,10988,SOUTH EAST REGION,Observational,,FLOWMETER,A,39.234835510397,-111.086891243314,Scrape,Yes,https://waterrights.utah.gov/cgi-bin/dvrtview.exe?Modinfo=StationView&STATION_ID=10988,1,DAILY_RECORDS,Mean daily discharge in CFS,Mean daily discharge in CFS,1,CFS,17,2009,2025
EMERY,NULL,10989,MILLSITE PIPELINE,6529,,Conveyance,1,10989,FERRON CREEK,Observational,,FLOWMETER,A,39.0998932501039,-111.186935509365,Scrape,Yes,https://waterrights.utah.gov/cgi-bin/dvrtview.exe?Modinfo=StationView&STATION_ID=10989,1,DAILY_RECORDS,Mean daily discharge in CFS,Mean daily discharge in CFS,1,CFS,17,2009,2025
EMERY,NULL,10990,COTTONWOOD FIBERGLASS PIPELINE,6314,,Conveyance,1,10990,SOUTH EAST REGION,Observational,,NULL,A,NULL,NULL,Scrape,Yes,https://waterrights.utah.gov/cgi-bin/dvrtview.exe?Modinfo=StationView&STATION_ID=10990,1,DAILY_RECORDS,Mean daily discharge in CFS,Mean daily discharge in CFS,1,CFS,17,2009,2025
EMERY,NULL,10991,"FERRON CREEK NEAR FERRON, UTAH (USGS)",6217,,Stream,1,10991,SOUTH EAST REGION,Observational,,NULL,I,39.1049912713111,-111.22898038933,Scrape,Yes,https://waterrights.utah.gov/cgi-bin/dvrtview.exe?Modinfo=StationView&STATION_ID=10991,1,DAILY_RECORDS,Mean daily discharge in CFS,Mean daily discharge in CFS,1,CFS,0,NULL,NULL
EMERY,NULL,10993,MOLEN POND DIV,10826,,Reservoir,1,10993,SOUTH EAST REGION,Observational,,NULL,I,NULL,NULL,Scrape,Yes,https://waterrights.utah.gov/cgi-bin/dvrtview.exe?Modinfo=StationView&STATION_ID=10993,6,DAILY_RECORDS,Daily gage height in FEET,Daily gage height in FEET,1,FEET,0,NULL,NULL
EMERY,NULL,10998,UPPER HUNTINGTON STREAM,13456,,Stream,1,10998,SOUTH EAST REGION,Observational,,NULL,A,NULL,NULL,Scrape,Yes,https://waterrights.utah.gov/cgi-bin/dvrtview.exe?Modinfo=StationView&STATION_ID=10998,1,DAILY_RECORDS,Mean daily discharge in CFS,Mean daily discharge in CFS,1,CFS,8,2018,2025
EMERY,NULL,10999,NEW ELECTRIC LAKE SPILLWAY,13658,,Reservoir,1,10999,SOUTH EAST REGION,Observational,,NULL,A,39.5993008873049,-111.20941373496,Scrape,Yes,https://waterrights.utah.gov/cgi-bin/dvrtview.exe?Modinfo=StationView&STATION_ID=10999,6,DAILY_RECORDS,Daily gage height in FEET,Daily gage height in FEET,1,FEET,4,2022,2025
EMERY,NULL,11000,ELECTRIC WEIR,13656,,Stream,1,11000,SOUTH EAST REGION,Observational,,NULL,A,NULL,NULL,Scrape,Yes,https://waterrights.utah.gov/cgi-bin/dvrtview.exe?Modinfo=StationView&STATION_ID=11000,1,DAILY_RECORDS,Mean daily discharge in CFS,Mean daily discharge in CFS,1,CFS,4,2022,2025
EMERY,NULL,11004,MOHRLAND PIPELINE,12886,,Conveyance,1,11004,SOUTH EAST REGION,Observational,,NULL,A,NULL,NULL,Scrape,Yes,https://waterrights.utah.gov/cgi-bin/dvrtview.exe?Modinfo=StationView&STATION_ID=11004,3,DAILY_RECORDS,Mean daily discharge in CFS,Mean daily discharge in GPM,448.8,CFS,7,2019,2025
EMERY,NULL,11005,HUNTINGTON CLEVELAND UPPER POND (HEIGHT),10465,,Reservoir,1,11005,SOUTH EAST REGION,Observational,,NULL,A,39.3610248476572,-110.990692836628,Scrape,Yes,https://waterrights.utah.gov/cgi-bin/dvrtview.exe?Modinfo=StationView&STATION_ID=11005,6,DAILY_RECORDS,Daily gage height in FEET,Daily gage height in FEET,1,FEET,14,2012,2025
EMERY,NULL,11006,HUNTINGTON CLEVELAND UPPER POND (ACRE FEET),10466,,Reservoir,1,11006,SOUTH EAST REGION,Observational,,NULL,A,39.3610642516513,-110.990690057166,Scrape,Yes,https://waterrights.utah.gov/cgi-bin/dvrtview.exe?Modinfo=StationView&STATION_ID=11006,4,DAILY_RECORDS,Daily Reservoir Storage in ACFT,Daily Reservoir Storage in ACFT,1,ACFT,14,2012,2025
EMERY,NULL,11007,NORTH DITCH DIVERSION,12907,,Reservoir,1,11007,SOUTH EAST REGION,Observational,,NULL,A,39.0986412248438,-111.185870870681,Scrape,Yes,https://waterrights.utah.gov/cgi-bin/dvrtview.exe?Modinfo=StationView&STATION_ID=11007,1,DAILY_RECORDS,Mean daily discharge in CFS,Mean daily discharge in CFS,1,CFS,7,2019,2025
EMERY,NULL,11008,HUNTINGTON CLEVELAND UPPER POND FLUME,10470,,Stream,1,11008,SOUTH EAST REGION,Observational,,NULL,A,NULL,NULL,Scrape,Yes,https://waterrights.utah.gov/cgi-bin/dvrtview.exe?Modinfo=StationView&STATION_ID=11008,1,DAILY_RECORDS,Mean daily discharge in CFS,Mean daily discharge in CFS,1,CFS,14,2012,2025
EMERY,NULL,11009,END OF HUNTINGTON CANAL,6386,,Conveyance,1,11009,SOUTH EAST REGION,Observational,,NULL,A,NULL,NULL,Scrape,Yes,https://waterrights.utah.gov/cgi-bin/dvrtview.exe?Modinfo=StationView&STATION_ID=11009,1,DAILY_RECORDS,Mean daily discharge in CFS,Mean daily discharge in CFS,1,CFS,16,2010,2025
EMERY,NULL,11010,MUDDY CREEK NEAR EMERY (USGS),6225,,Stream,1,11010,SOUTH EAST REGION,Observational,,NULL,I,NULL,NULL,Scrape,Yes,https://waterrights.utah.gov/cgi-bin/dvrtview.exe?Modinfo=StationView&STATION_ID=11010,1,DAILY_RECORDS,Mean daily discharge in CFS,Mean daily discharge in CFS,1,CFS,0,NULL,NULL
EMERY,NULL,11011,EMERY CANAL UPPER PIPELINE (206 CFS),10736,,Stream,1,11011,SOUTH EAST REGION,Observational,,NULL,A,NULL,NULL,Scrape,Yes,https://waterrights.utah.gov/cgi-bin/dvrtview.exe?Modinfo=StationView&STATION_ID=11011,1,DAILY_RECORDS,Mean daily discharge in CFS,Mean daily discharge in CFS,1,CFS,13,2013,2025
EMERY,NULL,11012,HUNTINGTON CLEVELAND SNOWBALL POND (HEIGHT),6450,,Reservoir,1,11012,SOUTH EAST REGION,Observational,,NULL,A,39.375835454483,-110.867812976074,Scrape,Yes,https://waterrights.utah.gov/cgi-bin/dvrtview.exe?Modinfo=StationView&STATION_ID=11012,6,DAILY_RECORDS,Daily gage height in FEET,Daily gage height in FEET,1,FEET,16,2010,2025
EMERY,NULL,11013,HUNTINGTON CLEVELAND SNOWBALL POND (CAPACITY),5240,,Reservoir,1,11013,SOUTH EAST REGION,Observational,,NULL,I,NULL,NULL,Scrape,Yes,https://waterrights.utah.gov/cgi-bin/dvrtview.exe?Modinfo=StationView&STATION_ID=11013,4,DAILY_RECORDS,Daily Reservoir Storage in ACFT,Daily Reservoir Storage in ACFT,1,ACFT,2,2017,2018
EMERY,NULL,11014,HCSL,5225,,Conveyance,1,11014,SOUTH EAST REGION,Observational,,NULL,A,NULL,NULL,Scrape,Yes,https://waterrights.utah.gov/cgi-bin/dvrtview.exe?Modinfo=StationView&STATION_ID=11014,1,DAILY_RECORDS,Mean daily discharge in CFS,Mean daily discharge in CFS,1,CFS,16,2010,2025
EMERY,NULL,11015,GREEN RIVER,6214,,Stream,1,11015,SOUTH EAST REGION,Observational,,NULL,I,NULL,NULL,Scrape,Yes,https://waterrights.utah.gov/cgi-bin/dvrtview.exe?Modinfo=StationView&STATION_ID=11015,1,DAILY_RECORDS,Mean daily discharge in CFS,Mean daily discharge in CFS,1,CFS,0,NULL,NULL
EMERY,NULL,11016,SAN RAFAEL RIVER,6221,,Stream,1,11016,SOUTH EAST REGION,Observational,,NULL,I,NULL,NULL,Scrape,Yes,https://waterrights.utah.gov/cgi-bin/dvrtview.exe?Modinfo=StationView&STATION_ID=11016,1,DAILY_RECORDS,Mean daily discharge in CFS,Mean daily discharge in CFS,1,CFS,0,NULL,NULL
EMERY,NULL,11021,MILLSITE VAULT OUTLET,13456,,Reservoir,1,11021,SOUTH EAST REGION,Observational,,NULL,A,39.0995208686066,-111.187537761231,Scrape,Yes,https://waterrights.utah.gov/cgi-bin/dvrtview.exe?Modinfo=StationView&STATION_ID=11021,1,DAILY_RECORDS,Mean daily discharge in CFS,Mean daily discharge in CFS,1,CFS,6,2020,2025
EMERY,NULL,11023,MOORE DIVERSION (PIPE 6 CFS),11687,,Stream,1,11023,SOUTH EAST REGION,Observational,,NULL,A,NULL,NULL,Scrape,Yes,https://waterrights.utah.gov/cgi-bin/dvrtview.exe?Modinfo=StationView&STATION_ID=11023,1,DAILY_RECORDS,Mean daily discharge in CFS,Mean daily discharge in CFS,1,CFS,8,2016,2023
EMERY,NULL,11025,MOORE DIVERSION (PIPE 1 CFS),11682,,Conveyance,1,11025,SOUTH EAST REGION,Observational,,NULL,A,NULL,NULL,Scrape,Yes,https://waterrights.utah.gov/cgi-bin/dvrtview.exe?Modinfo=StationView&STATION_ID=11025,1,DAILY_RECORDS,Mean daily discharge in CFS,Mean daily discharge in CFS,1,CFS,8,2016,2023
EMERY,NULL,11026,MOORE DIVERSION (PIPE 2 CFS),11683,,Conveyance,1,11026,SOUTH EAST REGION,Observational,,NULL,A,NULL,NULL,Scrape,Yes,https://waterrights.utah.gov/cgi-bin/dvrtview.exe?Modinfo=StationView&STATION_ID=11026,1,DAILY_RECORDS,Mean daily discharge in CFS,Mean daily discharge in CFS,1,CFS,8,2016,2023
EMERY,NULL,11027,MOORE DIVERSION (PIPE 3 CFS),11684,,,1,11027,SOUTH EAST REGION,Observational,,NULL,A,NULL,NULL,Scrape,Yes,https://waterrights.utah.gov/cgi-bin/dvrtview.exe?Modinfo=StationView&STATION_ID=11027,1,DAILY_RECORDS,Mean daily discharge in CFS,Mean daily discharge in CFS,1,CFS,8,2016,2023
EMERY,NULL,11028,MOORE DIVERSION (PIPE 4 CFS),11685,,Conveyance,1,11028,SOUTH EAST REGION,Observational,,NULL,A,NULL,NULL,Scrape,Yes,https://waterrights.utah.gov/cgi-bin/dvrtview.exe?Modinfo=StationView&STATION_ID=11028,1,DAILY_RECORDS,Mean daily discharge in CFS,Mean daily discharge in CFS,1,CFS,8,2016,2023
EMERY,NULL,11029,MOORE DIVERSION (PIPE 5 CFS),11686,,Conveyance,1,11029,SOUTH EAST REGION,Observational,,NULL,A,NULL,NULL,Scrape,Yes,https://waterrights.utah.gov/cgi-bin/dvrtview.exe?Modinfo=StationView&STATION_ID=11029,1,DAILY_RECORDS,Mean daily discharge in CFS,Mean daily discharge in CFS,1,CFS,8,2016,2023
SPRINGVILLE_IRR,NULL,11036,SPRINGVILLE IRR DITCH 1,DITCH 1,Radio ADD: 102 CH:1,Conveyance,1,11036,HOBBLE CREEK,Observational,Ramp Flume with Potentiometer,NULL,A,40.1500854435753,-111.564112023792,Direct,Yes,https://waterrights.utah.gov/cgi-bin/dvrtview.exe?Modinfo=StationView&STATION_ID=11036,1,DAILY_RECORDS,Mean daily discharge in CFS,Mean daily discharge in CFS,1,CFS,2,2024,2025
RockBlock,NULL,11122,CHEPETA LAKE ELEVATION,Chepeta Lake Elevation,Chepeta Lake elevation retrieved thru outlet logger and sat modem,Reservoir,1,11122,UINTA AND WHITEROCKS RIVERS,Observational,Pressure Transducer,NULL,A,40.7874960041965,-110.014343025891,Direct,Yes,https://waterrights.utah.gov/cgi-bin/dvrtview.exe?Modinfo=StationView&STATION_ID=11122,4,DAILY_RECORDS,Daily Reservoir Storage in ACFT,Daily Reservoir Storage in ACFT,1,ACFT,0,NULL,NULL
RockBlock,NULL,11123,CHEPETA LAKE RELEASE,Chepeta Lake Release,Chepeta Lake Release via sat modem,Reservoir Release,1,11123,UINTA AND WHITEROCKS RIVERS,Observational,4-ft Parshall Flume,NULL,A,40.7870634776314,-110.014185033416,Direct,Yes,https://waterrights.utah.gov/cgi-bin/dvrtview.exe?Modinfo=StationView&STATION_ID=11123,1,DAILY_RECORDS,Mean daily discharge in CFS,Mean daily discharge in CFS,1,CFS,0,NULL,NULL
RockBlock,NULL,11124,PARADISE PARK ELEVATION,Paradise Park Elevation,Paradise Park Elevation retrieved through release logger,Reservoir,1,11124,UINTA AND WHITEROCKS RIVERS,Observational,Pressure Transducer,NULL,A,40.6667528833695,-109.916320551788,Direct,Yes,https://waterrights.utah.gov/cgi-bin/dvrtview.exe?Modinfo=StationView&STATION_ID=11124,4,DAILY_RECORDS,Daily Reservoir Storage in ACFT,Daily Reservoir Storage in ACFT,1,ACFT,0,NULL,NULL
RockBlock,NULL,11125,PARADISE PARK RELEASE,Paradise Park Release,Paradise Park Release,Reservoir Release,1,11125,UINTA AND WHITEROCKS RIVERS,Observational,4-ft Parshall Flume,NULL,A,40.6660627387123,-109.915686095019,Direct,Yes,https://waterrights.utah.gov/cgi-bin/dvrtview.exe?Modinfo=StationView&STATION_ID=11125,1,DAILY_RECORDS,Mean daily discharge in CFS,Mean daily discharge in CFS,1,CFS,0,NULL,NULL
CU_SCADA,NULL,11129,270 UPPER STILLWATER SURFACE AREA,SWRESELV_HIST,Upper Stillwater Reservoir Elevation,Reservoir,1,11129,DUCHESNE RIVER,Observational,,NULL,A,40.5598880301066,-110.698250256669,Scrape,Yes,https://waterrights.utah.gov/cgi-bin/dvrtview.exe?Modinfo=StationView&STATION_ID=11129,17,DAILY_RECORDS,Daily Surface Area in Acres,Daily Surface Area in Acres,1,AC,2,2024,2025
ProvoPW,NULL,11172,01.02.02 SPRING CREEK DISCHARGE TO UTAH LAKE,SpringCreekWebData_files/sheet040.html,Gets data from https://www.provopw.org/resources/reports/water/canal/SpringCreekWebData.html,Stream,1,11172,UTAH LAKE/JORDAN RIVER,Observational,Flume on Spring Creek,NULL,A,40.1839545939242,-111.615347885166,Scrape,Yes,https://waterrights.utah.gov/cgi-bin/dvrtview.exe?Modinfo=StationView&STATION_ID=11172,1,DAILY_RECORDS,Mean daily discharge in CFS,Mean daily discharge in CFS,1,CFS,20,2006,2025
PRICE_DL,NULL,11243,SACCO`S DIVERSION,Sacco's Diversion,,Conveyance,1,11243,PRICE RIVER,Observational,Parshall Flume,FLOWMETER,A,39.4402675306473,-110.663832613906,Direct,Yes,https://waterrights.utah.gov/cgi-bin/dvrtview.exe?Modinfo=StationView&STATION_ID=11243,1,DAILY_RECORDS,Mean daily discharge in CFS,Mean daily discharge in CFS,1,CFS,1,2024,2024
CU_SCADA,NULL,11245,270 UPPER STILLWATER RES. SPILLWAY,SWSPFLOW_HIST,Upper Stillwater Res Rock Creek Inflow,Reservoir Release,1,11245,DUCHESNE RIVER,Observational,,NULL,A,40.5598439276029,-110.69824876556,Scrape,Yes,https://waterrights.utah.gov/cgi-bin/dvrtview.exe?Modinfo=StationView&STATION_ID=11245,1,DAILY_RECORDS,Mean daily discharge in CFS,Mean daily discharge in CFS,1,CFS,0,NULL,NULL
UINTA_RIVER_DL,NULL,11249,UINTA RIVER POWERPLANT CANAL,Uinta River Powerplant Canal,MLEA Powerplant Main Diversion,Hydropower,1,11249,UINTA AND WHITEROCKS RIVERS,Observational,8-ft Long Throated Ramp Flume,STAGE,A,40.597385383807,-110.117064211012,Direct,Yes,https://waterrights.utah.gov/cgi-bin/dvrtview.exe?Modinfo=StationView&STATION_ID=11249,1,DAILY_RECORDS,Mean daily discharge in CFS,Mean daily discharge in CFS,1,CFS,2,2024,2025
PRICE_DL,NULL,11250,MARSING WASH CULVERT,MARSING WASH CULVERT,,Stream,1,11250,PRICE RIVER,Observational,Area - velocity meter,FLOWMETER,A,39.4395788358199,-110.664196803753,Direct,Yes,https://waterrights.utah.gov/cgi-bin/dvrtview.exe?Modinfo=StationView&STATION_ID=11250,1,DAILY_RECORDS,Mean daily discharge in CFS,Mean daily discharge in CFS,1,CFS,0,NULL,NULL
DUCHESNE,NULL,11257,MONTEZ CREEK CANAL,14171,,Conveyance,1,11257,UINTA AND WHITEROCKS RIVERS,Observational,,NULL,A,40.4286696230654,-110.008972185293,Scrape,Yes,https://waterrights.utah.gov/cgi-bin/dvrtview.exe?Modinfo=StationView&STATION_ID=11257,1,DAILY_RECORDS,Mean daily discharge in CFS,Mean daily discharge in CFS,1,CFS,3,2023,2025
DUCHESNE,NULL,11264,E BIFURCATION RIVER FLOW,14166,,Stream,1,11264,UINTA AND WHITEROCKS RIVERS,Observational,,NULL,A,40.471999953347,-109.956468736652,Scrape,Yes,https://waterrights.utah.gov/cgi-bin/dvrtview.exe?Modinfo=StationView&STATION_ID=11264,1,DAILY_RECORDS,Mean daily discharge in CFS,Mean daily discharge in CFS,1,CFS,2,2024,2025
DUCHESNE,NULL,11265,E BIFURCATION CANAL FLOW,14165,,Stream,1,11265,UINTA AND WHITEROCKS RIVERS,Observational,,NULL,A,40.4716519811092,-109.956708529598,Scrape,Yes,https://waterrights.utah.gov/cgi-bin/dvrtview.exe?Modinfo=StationView&STATION_ID=11265,1,DAILY_RECORDS,Mean daily discharge in CFS,Mean daily discharge in CFS,1,CFS,2,2024,2025
DUCHESNE,NULL,11266,UINTA RIVER WEST CHANNEL 7786,7786,,Stream,1,11266,UINTA AND WHITEROCKS RIVERS,Observational,,NULL,A,40.4613406958005,-109.951544789457,Scrape,Yes,https://waterrights.utah.gov/cgi-bin/dvrtview.exe?Modinfo=StationView&STATION_ID=11266,1,DAILY_RECORDS,Mean daily discharge in CFS,Mean daily discharge in CFS,1,CFS,3,2023,2025
SEVIER_DL,NULL,11279,RUBY`S INN,Ruby's Inn,Meter at Ruby's Inn coming off Tropic Eastfork Pipeline,Conveyance,1,11279,SEVIER RIVER,Observational,Mccrometer Procomm GO,FLOWMETER,A,37.6759203087998,-112.160438644367,Direct,Yes,https://waterrights.utah.gov/cgi-bin/dvrtview.exe?Modinfo=StationView&STATION_ID=11279,1,DAILY_RECORDS,Mean daily discharge in CFS,Mean daily discharge in CFS,1,CFS,2,2024,2025
EMERY,NULL,11283,FLOW - POVERTY FLAT PIPELINE,13681,,Conveyance,1,11283,COTTONWOOD CREEK,Observational,Inline meter,DIGITAL,A,39.276117597381,-111.180313146401,Scrape,Yes,https://waterrights.utah.gov/cgi-bin/dvrtview.exe?Modinfo=StationView&STATION_ID=11283,1,DAILY_RECORDS,Mean daily discharge in CFS,Mean daily discharge in CFS,1,CFS,2,2024,2025
EMERY,NULL,11285,FLOW-UPPER MAMMOTH PIPELINE,11522,CCCIC - UPPER MAMMOTH PIPELINE,Conveyance,1,11285,COTTONWOOD CREEK,Observational,,DIGITAL,A,39.234832074498,-111.086774003437,Scrape,Yes,https://waterrights.utah.gov/cgi-bin/dvrtview.exe?Modinfo=StationView&STATION_ID=11285,1,DAILY_RECORDS,Mean daily discharge in CFS,Mean daily discharge in CFS,1,CFS,1,2025,2025
USGS,NULL,11311,"PRICE RIVER BELOW GOLF COURSE NEAR HELPER, UT (USGS)",09313520,,Stream,1,11311,PRICE RIVER,Observational,USGS bubbler,NULL,A,39.6374288678319,-110.85769301003,Scrape,Yes,https://waterrights.utah.gov/cgi-bin/dvrtview.exe?Modinfo=StationView&STATION_ID=11311,1,DAILY_RECORDS,Mean daily discharge in CFS,Mean daily discharge in CFS,1,CFS,1,2025,2025
USGS,NULL,11324,"USGS SOUTH FK OGDEN R BL CAUSEY RES NR HUNTSVILLE, UT",10137300,"This station is part of the USBR-USGS GSL Basin Agreement added on March 4, 2025 by Adel Abdallah",Stream,1,11324,USGS GAGES,Observational,,NULL,A,41.2961466162327,-111.591405029968,Scrape,Yes,https://waterrights.utah.gov/cgi-bin/dvrtview.exe?Modinfo=StationView&STATION_ID=11324,1,DAILY_RECORDS,Mean daily discharge in CFS,Mean daily discharge in CFS,1,CFS,2,2024,2025
USGS,NULL,11325,"USGS WEBER RIVER AT MORGAN, UT",10133550,gage installs part of the USBR-USGS GSL Basin AgreementPB:3/6/25,Stream,1,11325,USGS GAGES,Observational,,NULL,A,41.040354975369,-111.66547725244,Scrape,Yes,https://waterrights.utah.gov/cgi-bin/dvrtview.exe?Modinfo=StationView&STATION_ID=11325,1,DAILY_RECORDS,Mean daily discharge in CFS,Mean daily discharge in CFS,1,CFS,2,2024,2025
USGS,NULL,11326,"USGS LOST CREEK AT DEVILS SLIDE, UT",10133000,gage installs that are part of the USBR-USGS GSL Basin Agreement. Added by Preston Benko on 03/05/25.,Stream,1,11326,USGS GAGES,Observational,,NULL,A,41.0606327490647,-111.534543979447,Scrape,Yes,https://waterrights.utah.gov/cgi-bin/dvrtview.exe?Modinfo=StationView&STATION_ID=11326,1,DAILY_RECORDS,Mean daily discharge in CFS,Mean daily discharge in CFS,1,CFS,1,2025,2025
USGS,NULL,11327,"USGS NORTH FORK WEBER RIVER NEAR HOOPER, UT",10141200,gage installs that are part of the USBR-USGS GSL Basin Agreement. Added by Preston Benko on 03/05/25.,Stream,1,11327,USGS GAGES,Observational,,NULL,A,41.2213494541805,-112.181335421148,Scrape,Yes,https://waterrights.utah.gov/cgi-bin/dvrtview.exe?Modinfo=StationView&STATION_ID=11327,1,DAILY_RECORDS,Mean daily discharge in CFS,Mean daily discharge in CFS,1,CFS,2,2024,2025
USGS,NULL,11328,"USGS SOUTH FORK WEBER RIVER NEAR HOOPER, UT",10141100,gage installs that are part of the USBR-USGS GSL Basin Agreement. Added by Preston Benko on 03/05/25.,Stream,1,11328,USGS GAGES,Observational,,NULL,A,41.1785938960865,-112.176377128102,Scrape,Yes,https://waterrights.utah.gov/cgi-bin/dvrtview.exe?Modinfo=StationView&STATION_ID=11328,1,DAILY_RECORDS,Mean daily discharge in CFS,Mean daily discharge in CFS,1,CFS,1,2025,2025
USGS,NULL,11329,"USGS HOWARD SLOUGH AT HOWARD SLOUGH WMA, NR HOOPER, UT",10141410,gage install that are part of the USBR-USGS GSL Basin Agreement. Added by Preston Benko on 03/06/25.,Stream,1,11329,USGS GAGES,Observational,,NULL,A,41.1294550038902,-112.145207637816,Scrape,Yes,https://waterrights.utah.gov/cgi-bin/dvrtview.exe?Modinfo=StationView&STATION_ID=11329,6,DAILY_RECORDS,Daily gage height in FEET,Daily gage height in FEET,1,FEET,2,2024,2025
USGS,NULL,11330,"USGS KAYS CREEK NEAR LAYTON, UT",10141450,gage install that are part of the USBR-USGS GSL Basin Agreement. Added by Preston Benko on 03/06/25.,Stream,1,11330,USGS GAGES,Observational,,NULL,A,41.0408799992996,-111.996657686888,Scrape,Yes,https://waterrights.utah.gov/cgi-bin/dvrtview.exe?Modinfo=StationView&STATION_ID=11330,1,DAILY_RECORDS,Mean daily discharge in CFS,Mean daily discharge in CFS,1,CFS,1,2025,2025
USGS,NULL,11331,"USGS JORDAN RIVER @ CUDAHY LANE NR SALT LAKE CITY, UT",10172600,gage install that are part of the USBR-USGS GSL Basin Agreement. Added by Preston Benko on 03/06/25.,Stream,1,11331,USGS GAGES,Observational,,NULL,A,40.847338362582,-111.954016117937,Scrape,Yes,https://waterrights.utah.gov/cgi-bin/dvrtview.exe?Modinfo=StationView&STATION_ID=11331,1,DAILY_RECORDS,Mean daily discharge in CFS,Mean daily discharge in CFS,1,CFS,1,2025,2025
USGS,NULL,11332,USGS LEE CREEK NEAR MAGNA UT,10172640,gage install that are part of the USBR-USGS GSL Basin Agreement. Added by Preston Benko on 03/06/25.,Stream,1,11332,USGS GAGES,Observational,,NULL,A,40.7808467183599,-112.138582689634,Scrape,Yes,https://waterrights.utah.gov/cgi-bin/dvrtview.exe?Modinfo=StationView&STATION_ID=11332,1,DAILY_RECORDS,Mean daily discharge in CFS,Mean daily discharge in CFS,1,CFS,1,2025,2025
UINTAH,NULL,11333,BURTON DITCH PIPELINE,10502,Burton Ditch flow,Conveyance,1,11333,BRUSH CREEK,Observational,Meter,FLOWMETER,A,40.4194289951029,-109.369833133778,Scrape,Yes,https://waterrights.utah.gov/cgi-bin/dvrtview.exe?Modinfo=StationView&STATION_ID=11333,1,DAILY_RECORDS,Mean daily discharge in CFS,Mean daily discharge in CFS,1,CFS,1,2025,2025
LOWER_BEAR_DL,NULL,11335,CHESAPEAKE CLUB,Chesapeake Club,"Bigfoot Sensor on 18"" pipe from Chesapeake Club Pump",,1,11335,LOWER BEAR RIVER - BOX ELDER,Observational,Bigfoot Velocity and Depth Sensor,NULL,A,41.5061907628121,-112.140689292256,Direct,Yes,https://waterrights.utah.gov/cgi-bin/dvrtview.exe?Modinfo=StationView&STATION_ID=11335,1,DAILY_RECORDS,Mean daily discharge in CFS,Mean daily discharge in CFS,1,CFS,1,2025,2025
USGS,NULL,11337,USGS GREAT SALT LAKE AT SALTAIR BOAT HARBOR,10010000,,Reservoir,1,11337,GREAT SALT LAKE,Observational,,NULL,A,40.7313329718875,-112.213556995612,Scrape,Yes,https://waterrights.utah.gov/cgi-bin/dvrtview.exe?Modinfo=StationView&STATION_ID=11337,6,DAILY_RECORDS,Daily gage height in FEET,Daily gage height in FEET,1,FEET,3,2023,2025
LOGAN_DL,NULL,11365,LITTLE LOGAN RETURN TO BEAR,LITTLE LOGAN RETURN TO BEAR,IN CULVERT AT WILLOWCREEK DEVELOP,Stream,1,11365,LOGAN RIVER,Observational,AREA VELOCITY METER,DIGITAL,A,41.712829611577,-111.870445541959,Direct,Yes,https://waterrights.utah.gov/cgi-bin/dvrtview.exe?Modinfo=StationView&STATION_ID=11365,1,DAILY_RECORDS,Mean daily discharge in CFS,Mean daily discharge in CFS,1,CFS,1,2025,2025
Fremont,NULL,11366,MILL MEADOW RELEASE,Mill_Meadow_Release,Release from Mill Meadow Reservoir going straight into powerplant pipeline,Reservoir Release,1,11366,LOWER FREMONT RIVER,Observational,Seametrics EX250 Insertion Meter,FLOWMETER,A,38.4942546911983,-111.570333439286,Direct,Yes,https://waterrights.utah.gov/cgi-bin/dvrtview.exe?Modinfo=StationView&STATION_ID=11366,1,DAILY_RECORDS,Mean daily discharge in CFS,Mean daily discharge in CFS,1,CFS,1,2025,2025
CU_SCADA,NULL,11400,WEST FORK PIPELINE FLOW - SACS,VD78FLOW_PUB,West Fork Pipeline Flow - SACS,Conveyance,1,11400,DUCHESNE RIVER,Observational,,DIGITAL,A,NULL,NULL,Scrape,,https://waterrights.utah.gov/cgi-bin/dvrtview.exe?Modinfo=StationView&STATION_ID=11400,1,DAILY_RECORDS,Mean daily discharge in CFS,Mean daily discharge in CFS,1,CFS,1,2025,2025
